ID,Timestamp,DateTime,DeviceName,Value,RawPayload
46298,1.78931E+12,9/13/2026 20:29,SomniGuard,0,SpO2:0.0% BPM:0 [01 00 00 00 00 00 00 00 08 02 00 55]
46299,1.78931E+12,9/13/2026 20:29,SomniGuard,0,SpO2:0.0% BPM:0 [02 00 00 00 00 00 00 00 08 02 00 55]
46300,1.78931E+12,9/13/2026 20:29,SomniGuard,0,NO FINGER [03 00 00 00 00 00 00 00 00 01 00 55]
46301,1.78931E+12,9/13/2026 20:29,SomniGuard,0,NO FINGER [02 21 01 00 64 00 00 00]
46302,1.78931E+12,9/13/2026 20:29,SomniGuard,0,FINGER ATTACHED [02 22 02 00 BC 02 00 00]
46303,1.78931E+12,9/13/2026 20:29,SomniGuard,0,SpO2:0.0% BPM:0 [04 00 00 00 00 00 02 00 08 02 00 55]
46304,1.78931E+12,9/13/2026 20:29,SomniGuard,0,SpO2:0.0% BPM:0 [05 00 00 00 00 00 01 00 08 02 00 55]
46305,1.78931E+12,9/13/2026 20:29,SomniGuard,0,SpO2:0.0% BPM:0 [06 00 00 00 00 00 01 00 08 02 00 55]
46306,1.78931E+12,9/13/2026 20:29,SomniGuard,71.1,SpO2:97.6% BPM:71 [07 00 1E 26 C7 02 02 00 18 02 00 55]
46307,1.78931E+12,9/13/2026 20:29,SomniGuard,70.1,SpO2:97.6% BPM:70 [08 00 1E 26 BD 02 02 00 18 02 00 55]
46308,1.78931E+12,9/13/2026 20:29,SomniGuard,71.1,SpO2:97.6% BPM:71 [09 00 1E 26 C7 02 01 00 18 02 00 55]
46309,1.78931E+12,9/13/2026 20:29,SomniGuard,70.1,SpO2:97.6% BPM:70 [0A 00 1E 26 BD 02 01 00 18 02 00 55]
46310,1.78931E+12,9/13/2026 20:29,SomniGuard,71.1,SpO2:97.6% BPM:71 [0B 00 1E 26 C7 02 02 00 18 02 00 55]
46311,1.78931E+12,9/13/2026 20:29,SomniGuard,70.1,SpO2:97.6% BPM:70 [0C 00 1E 26 BD 02 36 00 18 02 00 55]
46312,1.78931E+12,9/13/2026 20:29,SomniGuard,71.1,SpO2:97.6% BPM:71 [0D 00 1E 26 C7 02 02 00 18 02 00 55]
46313,1.78931E+12,9/13/2026 20:29,SomniGuard,70.1,SpO2:97.6% BPM:70 [0E 00 1E 26 BD 02 03 00 18 02 00 55]
46314,1.78931E+12,9/13/2026 20:29,SomniGuard,71.1,SpO2:97.6% BPM:71 [0F 00 1E 26 C7 02 04 00 18 02 00 55]
46315,1.78931E+12,9/13/2026 20:29,SomniGuard,70.1,SpO2:97.6% BPM:70 [10 00 1E 26 BD 02 05 00 18 02 00 55]
46316,1.78931E+12,9/13/2026 20:29,SomniGuard,71.1,SpO2:97.6% BPM:71 [11 00 1E 26 C7 02 45 00 18 02 00 55]
46317,1.78931E+12,9/13/2026 20:29,SomniGuard,70.1,SpO2:97.6% BPM:70 [12 00 1E 26 BD 02 37 00 18 02 00 55]
46318,1.78931E+12,9/13/2026 20:29,SomniGuard,71.1,SpO2:97.6% BPM:71 [13 00 1E 26 C7 02 0A 00 18 02 00 55]
46319,1.78931E+12,9/13/2026 20:29,SomniGuard,70.1,SpO2:97.6% BPM:70 [14 00 1E 26 BD 02 06 00 18 02 00 55]
46320,1.78931E+12,9/13/2026 20:29,SomniGuard,71.1,SpO2:97.6% BPM:71 [15 00 1E 26 C7 02 68 00 18 02 00 55]
46321,1.78931E+12,9/13/2026 20:29,SomniGuard,70.1,SpO2:97.6% BPM:70 [16 00 1E 26 BD 02 48 00 18 02 00 55]
46322,1.78931E+12,9/13/2026 20:29,SomniGuard,71.1,SpO2:97.6% BPM:71 [17 00 1E 26 C7 02 11 00 18 02 00 55]
46323,1.78931E+12,9/13/2026 20:29,SomniGuard,70.1,SpO2:97.6% BPM:70 [18 00 1E 26 BD 02 2D 00 18 02 00 55]
46324,1.78931E+12,9/13/2026 20:29,SomniGuard,71.1,SpO2:97.6% BPM:71 [19 00 1E 26 C7 02 20 00 18 02 00 55]
46325,1.78931E+12,9/13/2026 20:29,SomniGuard,70.1,SpO2:97.6% BPM:70 [1A 00 1E 26 BD 02 50 00 18 02 00 55]
46326,1.78931E+12,9/13/2026 20:29,SomniGuard,71.1,SpO2:97.6% BPM:71 [1B 00 1E 26 C7 02 52 00 18 02 00 55]
46327,1.78931E+12,9/13/2026 20:29,SomniGuard,70.1,SpO2:97.6% BPM:70 [1C 00 1E 26 BD 02 0A 00 18 02 00 55]
46328,1.78931E+12,9/13/2026 20:29,SomniGuard,71.1,SpO2:97.6% BPM:71 [1D 00 1E 26 C7 02 32 00 18 02 00 55]
46329,1.78931E+12,9/13/2026 20:29,SomniGuard,70.1,SpO2:97.6% BPM:70 [1E 00 1E 26 BD 02 7B 00 18 02 00 54]
46330,1.78931E+12,9/13/2026 20:29,SomniGuard,71.1,SpO2:97.6% BPM:71 [1F 00 1E 26 C7 02 0B 00 18 02 00 54]
46331,1.78931E+12,9/13/2026 20:29,SomniGuard,70.1,SpO2:97.6% BPM:70 [20 00 1E 26 BD 02 0F 00 18 02 00 54]
46332,1.78931E+12,9/13/2026 20:29,SomniGuard,71.1,SpO2:97.6% BPM:71 [21 00 1E 26 C7 02 29 00 18 02 00 54]
46333,1.78931E+12,9/13/2026 20:29,SomniGuard,70.1,SpO2:97.6% BPM:70 [22 00 1E 26 BD 02 17 00 18 02 00 54]
46334,1.78931E+12,9/13/2026 20:29,SomniGuard,71.1,SpO2:97.6% BPM:71 [23 00 1E 26 C7 02 00 00 18 02 00 54]
46335,1.78931E+12,9/13/2026 20:29,SomniGuard,70.1,SpO2:97.6% BPM:70 [24 00 1E 26 BD 02 00 00 18 02 00 54]
46336,1.78931E+12,9/13/2026 20:29,SomniGuard,71.1,SpO2:97.6% BPM:71 [25 00 1E 26 C7 02 00 00 18 02 00 54]
46337,1.78931E+12,9/13/2026 20:29,SomniGuard,70.1,SpO2:97.6% BPM:70 [26 00 1E 26 BD 02 00 00 18 02 00 54]
46338,1.78931E+12,9/13/2026 20:29,SomniGuard,71.1,SpO2:97.6% BPM:71 [27 00 1E 26 C7 02 00 00 18 02 00 54]
46339,1.78931E+12,9/13/2026 20:29,SomniGuard,70.6,SpO2:97.8% BPM:71 [28 00 37 26 C2 02 00 00 18 02 00 54]
46340,1.78931E+12,9/13/2026 20:29,SomniGuard,71.6,SpO2:97.8% BPM:72 [29 00 37 26 CC 02 00 00 18 02 00 54]
46341,1.78931E+12,9/13/2026 20:29,SomniGuard,70.6,SpO2:97.8% BPM:71 [2A 00 37 26 C2 02 00 00 18 02 00 54]
46342,1.78931E+12,9/13/2026 20:30,SomniGuard,71.6,SpO2:97.8% BPM:72 [2B 00 37 26 CC 02 00 00 18 02 00 54]
46343,1.78931E+12,9/13/2026 20:30,SomniGuard,70.6,SpO2:97.8% BPM:71 [2C 00 37 26 C2 02 00 00 18 02 00 54]
46344,1.78931E+12,9/13/2026 20:30,SomniGuard,71.6,SpO2:97.8% BPM:72 [2D 00 37 26 CC 02 00 00 18 02 00 54]
46345,1.78931E+12,9/13/2026 20:30,SomniGuard,70.6,SpO2:97.8% BPM:71 [2E 00 37 26 C2 02 0A 00 18 02 00 54]
46346,1.78931E+12,9/13/2026 20:30,SomniGuard,71.6,SpO2:97.8% BPM:72 [2F 00 37 26 CC 02 10 00 18 02 00 54]
46347,1.78931E+12,9/13/2026 20:30,SomniGuard,70.6,SpO2:97.8% BPM:71 [30 00 37 26 C2 02 01 00 18 02 00 54]
46348,1.78931E+12,9/13/2026 20:30,SomniGuard,71.6,SpO2:97.8% BPM:72 [31 00 37 26 CC 02 00 00 18 02 00 54]
46349,1.78931E+12,9/13/2026 20:30,SomniGuard,70.6,SpO2:97.8% BPM:71 [32 00 37 26 C2 02 00 00 18 02 00 54]
46350,1.78931E+12,9/13/2026 20:30,SomniGuard,71.6,SpO2:97.8% BPM:72 [33 00 37 26 CC 02 00 00 18 02 00 54]
46351,1.78931E+12,9/13/2026 20:30,SomniGuard,70.6,SpO2:97.8% BPM:71 [34 00 37 26 C2 02 00 00 18 02 00 54]
46352,1.78931E+12,9/13/2026 20:30,SomniGuard,71.6,SpO2:97.8% BPM:72 [35 00 37 26 CC 02 02 00 18 02 00 54]
46353,1.78931E+12,9/13/2026 20:30,SomniGuard,70.6,SpO2:97.8% BPM:71 [36 00 37 26 C2 02 00 00 18 02 00 54]
46354,1.78931E+12,9/13/2026 20:30,SomniGuard,71.6,SpO2:97.8% BPM:72 [37 00 37 26 CC 02 01 00 18 02 00 54]
46355,1.78931E+12,9/13/2026 20:30,SomniGuard,70.6,SpO2:97.8% BPM:71 [38 00 37 26 C2 02 01 00 18 02 00 54]
46356,1.78931E+12,9/13/2026 20:30,SomniGuard,71.6,SpO2:97.8% BPM:72 [39 00 37 26 CC 02 00 00 18 02 00 54]
46357,1.78931E+12,9/13/2026 20:30,SomniGuard,70.6,SpO2:97.8% BPM:71 [3A 00 37 26 C2 02 01 00 18 02 00 54]
46358,1.78931E+12,9/13/2026 20:30,SomniGuard,71.6,SpO2:97.8% BPM:72 [3B 00 37 26 CC 02 01 00 18 02 00 54]
46359,1.78931E+12,9/13/2026 20:30,SomniGuard,70.6,SpO2:97.8% BPM:71 [3C 00 37 26 C2 02 00 00 18 02 00 54]
46360,1.78931E+12,9/13/2026 20:30,SomniGuard,71.6,SpO2:97.8% BPM:72 [3D 00 37 26 CC 02 01 00 18 02 00 54]
46361,1.78931E+12,9/13/2026 20:30,SomniGuard,70.6,SpO2:97.8% BPM:71 [3E 00 37 26 C2 02 01 00 18 02 00 54]
46362,1.78931E+12,9/13/2026 20:30,SomniGuard,71.6,SpO2:97.8% BPM:72 [3F 00 37 26 CC 02 00 00 18 02 00 54]
46363,1.78931E+12,9/13/2026 20:30,SomniGuard,70.6,SpO2:97.8% BPM:71 [40 00 37 26 C2 02 00 00 18 02 00 54]
46364,1.78931E+12,9/13/2026 20:30,SomniGuard,71.6,SpO2:97.8% BPM:72 [41 00 37 26 CC 02 02 00 18 02 00 54]
46365,1.78931E+12,9/13/2026 20:30,SomniGuard,70.6,SpO2:97.8% BPM:71 [42 00 37 26 C2 02 01 00 18 02 00 54]
46366,1.78931E+12,9/13/2026 20:30,SomniGuard,71.6,SpO2:97.8% BPM:72 [43 00 37 26 CC 02 01 00 18 02 00 54]
46367,1.78931E+12,9/13/2026 20:30,SomniGuard,70.6,SpO2:97.8% BPM:71 [44 00 37 26 C2 02 00 00 18 02 00 54]
46368,1.78931E+12,9/13/2026 20:30,SomniGuard,71.6,SpO2:97.8% BPM:72 [45 00 37 26 CC 02 01 00 18 02 00 54]
46369,1.78931E+12,9/13/2026 20:30,SomniGuard,70.6,SpO2:97.8% BPM:71 [46 00 37 26 C2 02 01 00 18 02 00 54]
46370,1.78931E+12,9/13/2026 20:30,SomniGuard,71.6,SpO2:97.8% BPM:72 [47 00 37 26 CC 02 00 00 18 02 00 54]
46371,1.78931E+12,9/13/2026 20:30,SomniGuard,70.6,SpO2:97.8% BPM:71 [48 00 37 26 C2 02 00 00 18 02 00 54]
46372,1.78931E+12,9/13/2026 20:30,SomniGuard,71.6,SpO2:97.8% BPM:72 [49 00 37 26 CC 02 01 00 18 02 00 54]
46373,1.78931E+12,9/13/2026 20:30,SomniGuard,70.6,SpO2:97.8% BPM:71 [4A 00 37 26 C2 02 00 00 18 02 00 54]
46374,1.78931E+12,9/13/2026 20:30,SomniGuard,71.6,SpO2:97.8% BPM:72 [4B 00 37 26 CC 02 00 00 18 02 00 54]
46375,1.78931E+12,9/13/2026 20:30,SomniGuard,70.6,SpO2:97.8% BPM:71 [4C 00 37 26 C2 02 01 00 18 02 00 54]
46376,1.78931E+12,9/13/2026 20:30,SomniGuard,71.6,SpO2:97.8% BPM:72 [4D 00 37 26 CC 02 00 00 18 02 00 54]
46377,1.78931E+12,9/13/2026 20:30,SomniGuard,70.6,SpO2:97.8% BPM:71 [4E 00 37 26 C2 02 02 00 18 02 00 54]
46378,1.78931E+12,9/13/2026 20:30,SomniGuard,71.6,SpO2:97.8% BPM:72 [4F 00 37 26 CC 02 01 00 18 02 00 54]
46379,1.78931E+12,9/13/2026 20:30,SomniGuard,70.6,SpO2:97.8% BPM:71 [50 00 37 26 C2 02 00 00 18 02 00 54]
46380,1.78931E+12,9/13/2026 20:30,SomniGuard,71.6,SpO2:97.8% BPM:72 [51 00 37 26 CC 02 00 00 18 02 00 54]
46381,1.78931E+12,9/13/2026 20:30,SomniGuard,70.6,SpO2:97.8% BPM:71 [52 00 37 26 C2 02 00 00 18 02 00 54]
46382,1.78931E+12,9/13/2026 20:30,SomniGuard,71.6,SpO2:97.8% BPM:72 [53 00 37 26 CC 02 01 00 18 02 00 54]
46383,1.78931E+12,9/13/2026 20:30,SomniGuard,70.6,SpO2:97.8% BPM:71 [54 00 37 26 C2 02 01 00 18 02 00 54]
46384,1.78931E+12,9/13/2026 20:30,SomniGuard,71.6,SpO2:97.8% BPM:72 [55 00 37 26 CC 02 01 00 18 02 00 54]
46385,1.78931E+12,9/13/2026 20:30,SomniGuard,70.6,SpO2:97.8% BPM:71 [56 00 37 26 C2 02 01 00 18 02 00 54]
46386,1.78931E+12,9/13/2026 20:30,SomniGuard,71.6,SpO2:97.8% BPM:72 [57 00 37 26 CC 02 00 00 18 02 00 54]
46387,1.78931E+12,9/13/2026 20:30,SomniGuard,70.6,SpO2:97.8% BPM:71 [58 00 37 26 C2 02 00 00 18 02 00 54]
46388,1.78931E+12,9/13/2026 20:30,SomniGuard,71.6,SpO2:97.8% BPM:72 [59 00 37 26 CC 02 00 00 18 02 00 54]
46389,1.78931E+12,9/13/2026 20:30,SomniGuard,70.6,SpO2:97.8% BPM:71 [5A 00 37 26 C2 02 00 00 18 02 00 54]
46390,1.78931E+12,9/13/2026 20:30,SomniGuard,71.6,SpO2:97.8% BPM:72 [5B 00 37 26 CC 02 00 00 18 02 00 54]
46391,1.78931E+12,9/13/2026 20:30,SomniGuard,70.6,SpO2:97.8% BPM:71 [5C 00 37 26 C2 02 00 00 18 02 00 54]
46392,1.78931E+12,9/13/2026 20:30,SomniGuard,71.6,SpO2:97.8% BPM:72 [5D 00 37 26 CC 02 01 00 18 02 00 54]
46393,1.78931E+12,9/13/2026 20:30,SomniGuard,70.6,SpO2:97.8% BPM:71 [5E 00 37 26 C2 02 00 00 18 02 00 54]
46394,1.78931E+12,9/13/2026 20:30,SomniGuard,71.6,SpO2:97.8% BPM:72 [5F 00 37 26 CC 02 01 00 18 02 00 54]
46395,1.78931E+12,9/13/2026 20:30,SomniGuard,70.6,SpO2:97.8% BPM:71 [60 00 37 26 C2 02 00 00 18 02 00 54]
46396,1.78931E+12,9/13/2026 20:30,SomniGuard,71.6,SpO2:97.8% BPM:72 [61 00 37 26 CC 02 00 00 18 02 00 54]
46397,1.78931E+12,9/13/2026 20:30,SomniGuard,70.6,SpO2:97.8% BPM:71 [62 00 37 26 C2 02 01 00 18 02 00 54]
46398,1.78931E+12,9/13/2026 20:30,SomniGuard,71.6,SpO2:97.8% BPM:72 [63 00 37 26 CC 02 00 00 18 02 00 54]
46399,1.78931E+12,9/13/2026 20:30,SomniGuard,70.6,SpO2:97.8% BPM:71 [64 00 37 26 C2 02 01 00 18 02 00 54]
46400,1.78931E+12,9/13/2026 20:30,SomniGuard,71.6,SpO2:97.8% BPM:72 [65 00 37 26 CC 02 01 00 18 02 00 54]
46401,1.78931E+12,9/13/2026 20:31,SomniGuard,70.6,SpO2:97.8% BPM:71 [66 00 37 26 C2 02 01 00 18 02 00 54]
46402,1.78931E+12,9/13/2026 20:31,SomniGuard,71.6,SpO2:97.8% BPM:72 [67 00 37 26 CC 02 01 00 18 02 00 54]
46403,1.78931E+12,9/13/2026 20:31,SomniGuard,70.6,SpO2:97.8% BPM:71 [68 00 37 26 C2 02 01 00 18 02 00 54]
46404,1.78931E+12,9/13/2026 20:31,SomniGuard,71.6,SpO2:97.8% BPM:72 [69 00 37 26 CC 02 01 00 18 02 00 54]
46405,1.78931E+12,9/13/2026 20:31,SomniGuard,70.6,SpO2:97.8% BPM:71 [6A 00 37 26 C2 02 02 00 18 02 00 54]
46406,1.78931E+12,9/13/2026 20:31,SomniGuard,71.6,SpO2:97.8% BPM:72 [6B 00 37 26 CC 02 01 00 18 02 00 54]
46407,1.78931E+12,9/13/2026 20:31,SomniGuard,70.6,SpO2:97.8% BPM:71 [6C 00 37 26 C2 02 01 00 18 02 00 54]
46408,1.78931E+12,9/13/2026 20:31,SomniGuard,71.6,SpO2:97.8% BPM:72 [6D 00 37 26 CC 02 01 00 18 02 00 54]
46409,1.78931E+12,9/13/2026 20:31,SomniGuard,70.6,SpO2:97.8% BPM:71 [6E 00 37 26 C2 02 01 00 18 02 00 54]
46410,1.78931E+12,9/13/2026 20:31,SomniGuard,71.6,SpO2:97.8% BPM:72 [6F 00 37 26 CC 02 01 00 18 02 00 54]
46411,1.78931E+12,9/13/2026 20:31,SomniGuard,70.6,SpO2:97.8% BPM:71 [70 00 37 26 C2 02 01 00 18 02 00 54]
46412,1.78931E+12,9/13/2026 20:31,SomniGuard,71.6,SpO2:97.8% BPM:72 [71 00 37 26 CC 02 01 00 18 03 00 54]
46413,1.78931E+12,9/13/2026 20:31,SomniGuard,70.6,SpO2:97.8% BPM:71 [72 00 37 26 C2 02 02 00 18 03 00 54]
46414,1.78931E+12,9/13/2026 20:31,SomniGuard,71.6,SpO2:97.8% BPM:72 [73 00 37 26 CC 02 01 00 18 03 00 54]
46415,1.78931E+12,9/13/2026 20:31,SomniGuard,70.6,SpO2:97.8% BPM:71 [74 00 37 26 C2 02 01 00 18 03 01 54]
46416,1.78931E+12,9/13/2026 20:31,SomniGuard,71.6,SpO2:97.8% BPM:72 [75 00 37 26 CC 02 01 00 18 03 01 54]
46417,1.78931E+12,9/13/2026 20:31,SomniGuard,70.6,SpO2:97.8% BPM:71 [76 00 37 26 C2 02 01 00 18 03 01 54]
46418,1.78931E+12,9/13/2026 20:31,SomniGuard,71.6,SpO2:97.8% BPM:72 [77 00 37 26 CC 02 01 00 18 03 01 54]
46419,1.78931E+12,9/13/2026 20:31,SomniGuard,70.6,SpO2:97.8% BPM:71 [78 00 37 26 C2 02 01 00 18 03 01 54]
46420,1.78931E+12,9/13/2026 20:31,SomniGuard,71.6,SpO2:97.8% BPM:72 [79 00 37 26 CC 02 02 00 18 03 01 54]
46421,1.78931E+12,9/13/2026 20:31,SomniGuard,70.6,SpO2:97.8% BPM:71 [7A 00 37 26 C2 02 01 00 18 03 01 54]
46422,1.78931E+12,9/13/2026 20:31,SomniGuard,71.6,SpO2:97.8% BPM:72 [7B 00 37 26 CC 02 03 00 18 03 01 54]
46423,1.78931E+12,9/13/2026 20:31,SomniGuard,70.6,SpO2:97.8% BPM:71 [7C 00 37 26 C2 02 02 00 18 03 01 54]
46424,1.78931E+12,9/13/2026 20:31,SomniGuard,71.6,SpO2:97.8% BPM:72 [7D 00 37 26 CC 02 02 00 18 03 01 54]
46425,1.78931E+12,9/13/2026 20:31,SomniGuard,70.6,SpO2:97.8% BPM:71 [7E 00 37 26 C2 02 01 00 18 03 01 54]
46426,1.78931E+12,9/13/2026 20:31,SomniGuard,71.6,SpO2:97.8% BPM:72 [7F 00 37 26 CC 02 01 00 18 03 01 54]
46427,1.78931E+12,9/13/2026 20:31,SomniGuard,70.6,SpO2:97.8% BPM:71 [80 00 37 26 C2 02 01 00 18 03 01 54]
46428,1.78931E+12,9/13/2026 20:31,SomniGuard,71.6,SpO2:97.8% BPM:72 [81 00 37 26 CC 02 01 00 18 03 01 54]
46429,1.78931E+12,9/13/2026 20:31,SomniGuard,70.6,SpO2:97.8% BPM:71 [82 00 37 26 C2 02 01 00 18 03 01 54]
46430,1.78931E+12,9/13/2026 20:31,SomniGuard,71.6,SpO2:97.8% BPM:72 [83 00 37 26 CC 02 02 00 18 03 01 54]
46431,1.78931E+12,9/13/2026 20:31,SomniGuard,70.6,SpO2:97.8% BPM:71 [84 00 37 26 C2 02 02 00 18 03 01 54]
46432,1.78931E+12,9/13/2026 20:31,SomniGuard,71.6,SpO2:97.8% BPM:72 [85 00 37 26 CC 02 01 00 18 03 01 54]
46433,1.78931E+12,9/13/2026 20:31,SomniGuard,70.6,SpO2:97.8% BPM:71 [86 00 37 26 C2 02 01 00 18 03 01 54]
46434,1.78931E+12,9/13/2026 20:31,SomniGuard,71.6,SpO2:97.8% BPM:72 [87 00 37 26 CC 02 01 00 18 03 01 54]
46435,1.78931E+12,9/13/2026 20:31,SomniGuard,70.6,SpO2:97.8% BPM:71 [88 00 37 26 C2 02 01 00 18 03 01 54]
46436,1.78931E+12,9/13/2026 20:31,SomniGuard,71.6,SpO2:97.8% BPM:72 [89 00 37 26 CC 02 01 00 18 03 01 54]
46437,1.78931E+12,9/13/2026 20:31,SomniGuard,70.6,SpO2:97.8% BPM:71 [8A 00 37 26 C2 02 01 00 18 03 01 54]
46438,1.78931E+12,9/13/2026 20:31,SomniGuard,71.6,SpO2:97.8% BPM:72 [8B 00 37 26 CC 02 02 00 18 03 01 54]
46439,1.78931E+12,9/13/2026 20:31,SomniGuard,70.6,SpO2:97.8% BPM:71 [8C 00 37 26 C2 02 01 00 18 03 01 54]
46440,1.78931E+12,9/13/2026 20:31,SomniGuard,71.6,SpO2:97.8% BPM:72 [8D 00 37 26 CC 02 01 00 18 03 01 54]
46441,1.78931E+12,9/13/2026 20:31,SomniGuard,70.6,SpO2:97.8% BPM:71 [8E 00 37 26 C2 02 01 00 18 03 01 54]
46442,1.78931E+12,9/13/2026 20:31,SomniGuard,71.6,SpO2:97.8% BPM:72 [8F 00 37 26 CC 02 01 00 18 03 01 54]
46443,1.78931E+12,9/13/2026 20:31,SomniGuard,70.6,SpO2:97.8% BPM:71 [90 00 37 26 C2 02 01 00 18 03 01 54]
46444,1.78931E+12,9/13/2026 20:31,SomniGuard,71.6,SpO2:97.8% BPM:72 [91 00 37 26 CC 02 01 00 18 03 01 54]
46445,1.78931E+12,9/13/2026 20:31,SomniGuard,70.6,SpO2:97.8% BPM:71 [92 00 37 26 C2 02 02 00 18 03 01 54]
46446,1.78931E+12,9/13/2026 20:31,SomniGuard,71.6,SpO2:97.8% BPM:72 [93 00 37 26 CC 02 02 00 18 03 01 54]
46447,1.78931E+12,9/13/2026 20:31,SomniGuard,70.6,SpO2:97.8% BPM:71 [94 00 37 26 C2 02 02 00 18 03 01 54]
46448,1.78931E+12,9/13/2026 20:31,SomniGuard,71.6,SpO2:97.8% BPM:72 [95 00 37 26 CC 02 02 00 18 03 01 54]
46449,1.78931E+12,9/13/2026 20:31,SomniGuard,70.6,SpO2:97.8% BPM:71 [96 00 37 26 C2 02 02 00 18 03 01 54]
46450,1.78931E+12,9/13/2026 20:31,SomniGuard,71.6,SpO2:97.8% BPM:72 [97 00 37 26 CC 02 02 00 18 03 01 54]
46451,1.78931E+12,9/13/2026 20:31,SomniGuard,70.6,SpO2:97.8% BPM:71 [98 00 37 26 C2 02 01 00 18 03 01 54]
46452,1.78931E+12,9/13/2026 20:31,SomniGuard,71.6,SpO2:97.8% BPM:72 [99 00 37 26 CC 02 01 00 18 03 01 54]
46453,1.78931E+12,9/13/2026 20:31,SomniGuard,70.6,SpO2:97.8% BPM:71 [9A 00 37 26 C2 02 02 00 18 03 01 54]
46454,1.78931E+12,9/13/2026 20:31,SomniGuard,71.6,SpO2:97.8% BPM:72 [9B 00 37 26 CC 02 01 00 18 03 01 54]
46455,1.78931E+12,9/13/2026 20:31,SomniGuard,70.6,SpO2:97.8% BPM:71 [9C 00 37 26 C2 02 02 00 18 03 01 54]
46456,1.78931E+12,9/13/2026 20:31,SomniGuard,71.6,SpO2:97.8% BPM:72 [9D 00 37 26 CC 02 02 00 18 03 01 54]
46457,1.78931E+12,9/13/2026 20:31,SomniGuard,70.6,SpO2:97.8% BPM:71 [9E 00 37 26 C2 02 02 00 18 03 01 54]
46458,1.78931E+12,9/13/2026 20:31,SomniGuard,71.6,SpO2:97.8% BPM:72 [9F 00 37 26 CC 02 02 00 18 03 01 54]
46459,1.78931E+12,9/13/2026 20:31,SomniGuard,70.6,SpO2:97.8% BPM:71 [A0 00 37 26 C2 02 02 00 18 03 01 54]
46460,1.78931E+12,9/13/2026 20:31,SomniGuard,71.6,SpO2:97.8% BPM:72 [A1 00 37 26 CC 02 02 00 18 03 01 54]
46461,1.78931E+12,9/13/2026 20:32,SomniGuard,70.6,SpO2:97.8% BPM:71 [A2 00 37 26 C2 02 02 00 18 03 01 54]
46462,1.78931E+12,9/13/2026 20:32,SomniGuard,71.6,SpO2:97.8% BPM:72 [A3 00 37 26 CC 02 02 00 18 03 01 54]
46463,1.78931E+12,9/13/2026 20:32,SomniGuard,70.6,SpO2:97.8% BPM:71 [A4 00 37 26 C2 02 01 00 18 03 01 54]
46464,1.78931E+12,9/13/2026 20:32,SomniGuard,71.6,SpO2:97.8% BPM:72 [A5 00 37 26 CC 02 01 00 18 03 01 54]
46465,1.78931E+12,9/13/2026 20:32,SomniGuard,70.6,SpO2:97.8% BPM:71 [A6 00 37 26 C2 02 02 00 18 03 01 54]
46466,1.78931E+12,9/13/2026 20:32,SomniGuard,71.6,SpO2:97.8% BPM:72 [A7 00 37 26 CC 02 02 00 18 03 01 54]
46467,1.78931E+12,9/13/2026 20:32,SomniGuard,70.6,SpO2:97.8% BPM:71 [A8 00 37 26 C2 02 02 00 18 03 01 54]
46468,1.78931E+12,9/13/2026 20:32,SomniGuard,71.6,SpO2:97.8% BPM:72 [A9 00 37 26 CC 02 02 00 18 03 01 54]
46469,1.78931E+12,9/13/2026 20:32,SomniGuard,70.6,SpO2:97.8% BPM:71 [AA 00 37 26 C2 02 02 00 18 03 01 54]
46470,1.78931E+12,9/13/2026 20:32,SomniGuard,71.6,SpO2:97.8% BPM:72 [AB 00 37 26 CC 02 02 00 18 03 01 54]
46471,1.78931E+12,9/13/2026 20:32,SomniGuard,70.6,SpO2:97.8% BPM:71 [AC 00 37 26 C2 02 02 00 18 03 01 54]
46472,1.78931E+12,9/13/2026 20:32,SomniGuard,71.6,SpO2:97.8% BPM:72 [AD 00 37 26 CC 02 03 00 18 03 01 54]
46473,1.78931E+12,9/13/2026 20:32,SomniGuard,70.6,SpO2:97.8% BPM:71 [AE 00 37 26 C2 02 02 00 18 03 01 54]
46474,1.78931E+12,9/13/2026 20:32,SomniGuard,71.6,SpO2:97.8% BPM:72 [AF 00 37 26 CC 02 02 00 18 03 01 54]
46475,1.78931E+12,9/13/2026 20:32,SomniGuard,70.6,SpO2:97.8% BPM:71 [B0 00 37 26 C2 02 02 00 18 03 01 54]
46476,1.78931E+12,9/13/2026 20:32,SomniGuard,71.6,SpO2:97.8% BPM:72 [B1 00 37 26 CC 02 02 00 18 03 01 54]
46477,1.78931E+12,9/13/2026 20:32,SomniGuard,70.6,SpO2:97.8% BPM:71 [B2 00 37 26 C2 02 02 00 18 03 01 54]
46478,1.78931E+12,9/13/2026 20:32,SomniGuard,71.6,SpO2:97.8% BPM:72 [B3 00 37 26 CC 02 02 00 18 03 01 54]
46479,1.78931E+12,9/13/2026 20:32,SomniGuard,70.6,SpO2:97.8% BPM:71 [B4 00 37 26 C2 02 02 00 18 03 01 54]
46480,1.78931E+12,9/13/2026 20:32,SomniGuard,71.6,SpO2:97.8% BPM:72 [B5 00 37 26 CC 02 02 00 18 03 01 54]
46481,1.78931E+12,9/13/2026 20:32,SomniGuard,70.6,SpO2:97.8% BPM:71 [B6 00 37 26 C2 02 02 00 18 03 01 54]
46482,1.78931E+12,9/13/2026 20:32,SomniGuard,71.6,SpO2:97.8% BPM:72 [B7 00 37 26 CC 02 02 00 18 03 01 54]
46483,1.78931E+12,9/13/2026 20:32,SomniGuard,70.6,SpO2:97.8% BPM:71 [B8 00 37 26 C2 02 05 00 18 03 01 54]
46484,1.78931E+12,9/13/2026 20:32,SomniGuard,71.6,SpO2:97.8% BPM:72 [B9 00 37 26 CC 02 02 00 18 03 01 54]
46485,1.78931E+12,9/13/2026 20:32,SomniGuard,70.6,SpO2:97.8% BPM:71 [BA 00 37 26 C2 02 02 00 18 03 01 54]
46486,1.78931E+12,9/13/2026 20:32,SomniGuard,71.6,SpO2:97.8% BPM:72 [BB 00 37 26 CC 02 02 00 18 03 01 54]
46487,1.78931E+12,9/13/2026 20:32,SomniGuard,70.6,SpO2:97.8% BPM:71 [BC 00 37 26 C2 02 02 00 18 03 01 54]
46488,1.78931E+12,9/13/2026 20:32,SomniGuard,71.6,SpO2:97.8% BPM:72 [BD 00 37 26 CC 02 04 00 18 03 01 54]
46489,1.78931E+12,9/13/2026 20:32,SomniGuard,70.6,SpO2:97.8% BPM:71 [BE 00 37 26 C2 02 02 00 18 03 01 54]
46490,1.78931E+12,9/13/2026 20:32,SomniGuard,71.6,SpO2:97.8% BPM:72 [BF 00 37 26 CC 02 02 00 18 03 01 54]
46491,1.78931E+12,9/13/2026 20:32,SomniGuard,70.6,SpO2:97.8% BPM:71 [C0 00 37 26 C2 02 02 00 18 03 01 54]
46492,1.78931E+12,9/13/2026 20:32,SomniGuard,71.6,SpO2:97.8% BPM:72 [C1 00 37 26 CC 02 02 00 18 03 01 54]
46493,1.78931E+12,9/13/2026 20:32,SomniGuard,70.6,SpO2:97.8% BPM:71 [C2 00 37 26 C2 02 02 00 18 03 01 54]
46494,1.78931E+12,9/13/2026 20:32,SomniGuard,71.6,SpO2:97.8% BPM:72 [C3 00 37 26 CC 02 02 00 18 03 01 54]
46495,1.78931E+12,9/13/2026 20:32,SomniGuard,70.6,SpO2:97.8% BPM:71 [C4 00 37 26 C2 02 02 00 18 03 01 54]
46496,1.78931E+12,9/13/2026 20:32,SomniGuard,71.6,SpO2:97.8% BPM:72 [C5 00 37 26 CC 02 02 00 18 03 01 54]
46497,1.78931E+12,9/13/2026 20:32,SomniGuard,70.6,SpO2:97.8% BPM:71 [C6 00 37 26 C2 02 02 00 18 03 01 54]
46498,1.78931E+12,9/13/2026 20:32,SomniGuard,71.6,SpO2:97.8% BPM:72 [C7 00 37 26 CC 02 02 00 18 03 01 54]
46499,1.78931E+12,9/13/2026 20:32,SomniGuard,70.6,SpO2:97.8% BPM:71 [C8 00 37 26 C2 02 10 00 18 03 01 54]
46500,1.78931E+12,9/13/2026 20:32,SomniGuard,71.6,SpO2:97.8% BPM:72 [C9 00 37 26 CC 02 02 00 18 03 01 54]
46501,1.78931E+12,9/13/2026 20:32,SomniGuard,70.6,SpO2:97.8% BPM:71 [CA 00 37 26 C2 02 02 00 18 03 01 54]
46502,1.78931E+12,9/13/2026 20:32,SomniGuard,71.6,SpO2:97.8% BPM:72 [CB 00 37 26 CC 02 02 00 18 03 01 54]
46503,1.78931E+12,9/13/2026 20:32,SomniGuard,70.6,SpO2:97.8% BPM:71 [CC 00 37 26 C2 02 02 00 18 03 01 54]
46504,1.78931E+12,9/13/2026 20:32,SomniGuard,71.6,SpO2:97.8% BPM:72 [CD 00 37 26 CC 02 02 00 18 03 01 54]
46505,1.78931E+12,9/13/2026 20:32,SomniGuard,70.6,SpO2:97.8% BPM:71 [CE 00 37 26 C2 02 02 00 18 03 01 54]
46506,1.78931E+12,9/13/2026 20:32,SomniGuard,71.6,SpO2:97.8% BPM:72 [CF 00 37 26 CC 02 02 00 18 03 01 54]
46507,1.78931E+12,9/13/2026 20:32,SomniGuard,70.6,SpO2:97.8% BPM:71 [D0 00 37 26 C2 02 02 00 18 03 01 54]
46508,1.78931E+12,9/13/2026 20:32,SomniGuard,71.6,SpO2:97.8% BPM:72 [D1 00 37 26 CC 02 02 00 18 03 01 54]
46509,1.78931E+12,9/13/2026 20:32,SomniGuard,70.6,SpO2:97.8% BPM:71 [D2 00 37 26 C2 02 02 00 18 03 01 54]
46510,1.78931E+12,9/13/2026 20:32,SomniGuard,71.6,SpO2:97.8% BPM:72 [D3 00 37 26 CC 02 02 00 18 03 01 54]
46511,1.78931E+12,9/13/2026 20:32,SomniGuard,70.6,SpO2:97.8% BPM:71 [D4 00 37 26 C2 02 02 00 18 03 01 54]
46512,1.78931E+12,9/13/2026 20:32,SomniGuard,70.1,SpO2:97.6% BPM:70 [D5 00 1E 26 BD 02 02 00 18 03 01 54]
46513,1.78931E+12,9/13/2026 20:32,SomniGuard,71.1,SpO2:97.6% BPM:71 [D6 00 1E 26 C7 02 02 00 18 03 01 54]
46514,1.78931E+12,9/13/2026 20:32,SomniGuard,70.1,SpO2:97.6% BPM:70 [D7 00 1E 26 BD 02 02 00 18 03 01 54]
46515,1.78931E+12,9/13/2026 20:32,SomniGuard,71.1,SpO2:97.6% BPM:71 [D8 00 1E 26 C7 02 02 00 18 03 01 54]
46516,1.78931E+12,9/13/2026 20:32,SomniGuard,70.1,SpO2:97.6% BPM:70 [D9 00 1E 26 BD 02 02 00 18 03 01 54]
46517,1.78931E+12,9/13/2026 20:32,SomniGuard,71.1,SpO2:97.6% BPM:71 [DA 00 1E 26 C7 02 02 00 18 03 01 54]
46518,1.78931E+12,9/13/2026 20:32,SomniGuard,70.1,SpO2:97.6% BPM:70 [DB 00 1E 26 BD 02 02 00 18 03 01 54]
46519,1.78931E+12,9/13/2026 20:32,SomniGuard,71.1,SpO2:97.6% BPM:71 [DC 00 1E 26 C7 02 03 00 18 03 01 54]
46520,1.78931E+12,9/13/2026 20:33,SomniGuard,70.1,SpO2:97.6% BPM:70 [DD 00 1E 26 BD 02 02 00 18 03 01 54]
46521,1.78931E+12,9/13/2026 20:33,SomniGuard,71.1,SpO2:97.6% BPM:71 [DE 00 1E 26 C7 02 02 00 18 03 01 54]
46522,1.78931E+12,9/13/2026 20:33,SomniGuard,70.1,SpO2:97.6% BPM:70 [DF 00 1E 26 BD 02 02 00 18 03 01 54]
46523,1.78931E+12,9/13/2026 20:33,SomniGuard,71.1,SpO2:97.6% BPM:71 [E0 00 1E 26 C7 02 02 00 18 03 01 54]
46524,1.78931E+12,9/13/2026 20:33,SomniGuard,70.1,SpO2:97.6% BPM:70 [E1 00 1E 26 BD 02 02 00 18 03 01 54]
46525,1.78931E+12,9/13/2026 20:33,SomniGuard,71.1,SpO2:97.6% BPM:71 [E2 00 1E 26 C7 02 02 00 18 03 01 54]
46526,1.78931E+12,9/13/2026 20:33,SomniGuard,70.1,SpO2:97.6% BPM:70 [E3 00 1E 26 BD 02 02 00 18 03 01 54]
46527,1.78931E+12,9/13/2026 20:33,SomniGuard,71.1,SpO2:97.6% BPM:71 [E4 00 1E 26 C7 02 02 00 18 03 01 54]
46528,1.78931E+12,9/13/2026 20:33,SomniGuard,70.1,SpO2:97.6% BPM:70 [E5 00 1E 26 BD 02 02 00 18 03 01 54]
46529,1.78931E+12,9/13/2026 20:33,SomniGuard,71.1,SpO2:97.6% BPM:71 [E6 00 1E 26 C7 02 02 00 18 03 01 54]
46530,1.78931E+12,9/13/2026 20:33,SomniGuard,70.1,SpO2:97.6% BPM:70 [E7 00 1E 26 BD 02 02 00 18 03 01 54]
46531,1.78931E+12,9/13/2026 20:33,SomniGuard,71.1,SpO2:97.6% BPM:71 [E8 00 1E 26 C7 02 02 00 18 03 01 54]
46532,1.78931E+12,9/13/2026 20:33,SomniGuard,70.1,SpO2:97.6% BPM:70 [E9 00 1E 26 BD 02 02 00 18 03 01 54]
46533,1.78931E+12,9/13/2026 20:33,SomniGuard,71.1,SpO2:97.6% BPM:71 [EA 00 1E 26 C7 02 02 00 18 03 01 54]
46534,1.78931E+12,9/13/2026 20:33,SomniGuard,70.1,SpO2:97.6% BPM:70 [EB 00 1E 26 BD 02 02 00 18 03 01 54]
46535,1.78931E+12,9/13/2026 20:33,SomniGuard,71.1,SpO2:97.6% BPM:71 [EC 00 1E 26 C7 02 02 00 18 03 01 54]
46536,1.78931E+12,9/13/2026 20:33,SomniGuard,70.1,SpO2:97.6% BPM:70 [ED 00 1E 26 BD 02 02 00 18 03 01 54]
46537,1.78931E+12,9/13/2026 20:33,SomniGuard,71.1,SpO2:97.6% BPM:71 [EE 00 1E 26 C7 02 02 00 18 03 01 54]
46538,1.78931E+12,9/13/2026 20:33,SomniGuard,70.1,SpO2:97.6% BPM:70 [EF 00 1E 26 BD 02 02 00 18 03 01 54]
46539,1.78931E+12,9/13/2026 20:33,SomniGuard,71.1,SpO2:97.6% BPM:71 [F0 00 1E 26 C7 02 02 00 18 03 01 54]
46540,1.78931E+12,9/13/2026 20:33,SomniGuard,70.1,SpO2:97.6% BPM:70 [F1 00 1E 26 BD 02 02 00 18 03 01 54]
46541,1.78931E+12,9/13/2026 20:33,SomniGuard,71.1,SpO2:97.6% BPM:71 [F2 00 1E 26 C7 02 02 00 18 03 01 54]
46542,1.78931E+12,9/13/2026 20:33,SomniGuard,70.1,SpO2:97.6% BPM:70 [F3 00 1E 26 BD 02 02 00 18 03 01 54]
46543,1.78931E+12,9/13/2026 20:33,SomniGuard,71.1,SpO2:97.6% BPM:71 [F4 00 1E 26 C7 02 02 00 18 03 01 54]
46544,1.78931E+12,9/13/2026 20:33,SomniGuard,70.1,SpO2:97.6% BPM:70 [F5 00 1E 26 BD 02 02 00 18 03 01 54]
46545,1.78931E+12,9/13/2026 20:33,SomniGuard,71.1,SpO2:97.6% BPM:71 [F6 00 1E 26 C7 02 02 00 18 03 01 54]
46546,1.78931E+12,9/13/2026 20:33,SomniGuard,70.1,SpO2:97.6% BPM:70 [F7 00 1E 26 BD 02 05 00 18 03 01 54]
46547,1.78931E+12,9/13/2026 20:33,SomniGuard,71.1,SpO2:97.6% BPM:71 [F8 00 1E 26 C7 02 0E 00 18 03 01 54]
46548,1.78931E+12,9/13/2026 20:33,SomniGuard,70.1,SpO2:97.6% BPM:70 [F9 00 1E 26 BD 02 02 00 18 03 01 54]
46549,1.78931E+12,9/13/2026 20:33,SomniGuard,71.1,SpO2:97.6% BPM:71 [FA 00 1E 26 C7 02 02 00 18 03 01 54]
46550,1.78931E+12,9/13/2026 20:33,SomniGuard,70.1,SpO2:97.6% BPM:70 [FB 00 1E 26 BD 02 02 00 18 03 01 54]
46551,1.78931E+12,9/13/2026 20:33,SomniGuard,71.1,SpO2:97.6% BPM:71 [FC 00 1E 26 C7 02 02 00 18 03 01 54]
46552,1.78931E+12,9/13/2026 20:33,SomniGuard,70.1,SpO2:97.6% BPM:70 [FD 00 1E 26 BD 02 02 00 18 03 01 54]
46553,1.78931E+12,9/13/2026 20:33,SomniGuard,71.1,SpO2:97.6% BPM:71 [FE 00 1E 26 C7 02 02 00 18 03 01 54]
46554,1.78931E+12,9/13/2026 20:33,SomniGuard,70.1,SpO2:97.6% BPM:70 [FF 00 1E 26 BD 02 02 00 18 03 01 54]
46555,1.78931E+12,9/13/2026 20:33,SomniGuard,71.1,SpO2:97.6% BPM:71 [00 01 1E 26 C7 02 02 00 18 03 01 54]
46556,1.78931E+12,9/13/2026 20:33,SomniGuard,70.1,SpO2:97.6% BPM:70 [01 01 1E 26 BD 02 02 00 18 03 01 54]
46557,1.78931E+12,9/13/2026 20:33,SomniGuard,71.1,SpO2:97.6% BPM:71 [02 01 1E 26 C7 02 03 00 18 03 01 54]
46558,1.78931E+12,9/13/2026 20:33,SomniGuard,70.1,SpO2:97.6% BPM:70 [03 01 1E 26 BD 02 02 00 18 03 01 54]
46559,1.78931E+12,9/13/2026 20:33,SomniGuard,71.1,SpO2:97.6% BPM:71 [04 01 1E 26 C7 02 02 00 18 03 01 54]
46560,1.78931E+12,9/13/2026 20:33,SomniGuard,70.1,SpO2:97.6% BPM:70 [05 01 1E 26 BD 02 02 00 18 03 01 54]
46561,1.78931E+12,9/13/2026 20:33,SomniGuard,71.1,SpO2:97.6% BPM:71 [06 01 1E 26 C7 02 02 00 18 03 01 54]
46562,1.78931E+12,9/13/2026 20:33,SomniGuard,70.1,SpO2:97.6% BPM:70 [07 01 1E 26 BD 02 02 00 18 03 01 54]
46563,1.78931E+12,9/13/2026 20:33,SomniGuard,71.1,SpO2:97.6% BPM:71 [08 01 1E 26 C7 02 03 00 18 03 01 54]
46564,1.78931E+12,9/13/2026 20:33,SomniGuard,70.1,SpO2:97.6% BPM:70 [09 01 1E 26 BD 02 03 00 18 03 01 54]
46565,1.78931E+12,9/13/2026 20:33,SomniGuard,71.1,SpO2:97.6% BPM:71 [0A 01 1E 26 C7 02 02 00 18 03 01 54]
46566,1.78931E+12,9/13/2026 20:33,SomniGuard,70.1,SpO2:97.6% BPM:70 [0B 01 1E 26 BD 02 02 00 18 03 01 54]
46567,1.78931E+12,9/13/2026 20:33,SomniGuard,71.1,SpO2:97.6% BPM:71 [0C 01 1E 26 C7 02 02 00 18 03 01 54]
46568,1.78931E+12,9/13/2026 20:33,SomniGuard,70.1,SpO2:97.6% BPM:70 [0D 01 1E 26 BD 02 05 00 18 03 01 54]
46569,1.78931E+12,9/13/2026 20:33,SomniGuard,71.1,SpO2:97.6% BPM:71 [0E 01 1E 26 C7 02 02 00 18 03 01 54]
46570,1.78931E+12,9/13/2026 20:33,SomniGuard,70.1,SpO2:97.6% BPM:70 [0F 01 1E 26 BD 02 02 00 18 03 01 54]
46571,1.78931E+12,9/13/2026 20:33,SomniGuard,71.1,SpO2:97.6% BPM:71 [10 01 1E 26 C7 02 02 00 18 03 01 54]
46572,1.78931E+12,9/13/2026 20:33,SomniGuard,70.1,SpO2:97.6% BPM:70 [11 01 1E 26 BD 02 02 00 18 03 01 54]
46573,1.78931E+12,9/13/2026 20:33,SomniGuard,71.1,SpO2:97.6% BPM:71 [12 01 1E 26 C7 02 02 00 18 03 01 54]
46574,1.78931E+12,9/13/2026 20:33,SomniGuard,70.1,SpO2:97.6% BPM:70 [13 01 1E 26 BD 02 02 00 18 03 01 54]
46575,1.78931E+12,9/13/2026 20:33,SomniGuard,71.1,SpO2:97.6% BPM:71 [14 01 1E 26 C7 02 02 00 18 03 01 54]
46576,1.78931E+12,9/13/2026 20:33,SomniGuard,70.1,SpO2:97.6% BPM:70 [15 01 1E 26 BD 02 03 00 18 03 01 54]
46577,1.78931E+12,9/13/2026 20:33,SomniGuard,71.1,SpO2:97.6% BPM:71 [16 01 1E 26 C7 02 02 00 18 03 01 54]
46578,1.78931E+12,9/13/2026 20:33,SomniGuard,70.1,SpO2:97.6% BPM:70 [17 01 1E 26 BD 02 03 00 18 03 01 54]
46579,1.78931E+12,9/13/2026 20:33,SomniGuard,71.1,SpO2:97.6% BPM:71 [18 01 1E 26 C7 02 02 00 18 03 01 54]
46580,1.78931E+12,9/13/2026 20:34,SomniGuard,70.1,SpO2:97.6% BPM:70 [19 01 1E 26 BD 02 02 00 18 03 01 54]
46581,1.78931E+12,9/13/2026 20:34,SomniGuard,71.1,SpO2:97.6% BPM:71 [1A 01 1E 26 C7 02 03 00 18 03 01 54]
46582,1.78931E+12,9/13/2026 20:34,SomniGuard,70.1,SpO2:97.6% BPM:70 [1B 01 1E 26 BD 02 02 00 18 03 01 54]
46583,1.78931E+12,9/13/2026 20:34,SomniGuard,71.1,SpO2:97.6% BPM:71 [1C 01 1E 26 C7 02 03 00 18 03 01 54]
46584,1.78931E+12,9/13/2026 20:34,SomniGuard,70.1,SpO2:97.6% BPM:70 [1D 01 1E 26 BD 02 03 00 18 03 01 54]
46585,1.78931E+12,9/13/2026 20:34,SomniGuard,71.1,SpO2:97.6% BPM:71 [1E 01 1E 26 C7 02 02 00 18 03 01 54]
46586,1.78931E+12,9/13/2026 20:34,SomniGuard,70.1,SpO2:97.6% BPM:70 [1F 01 1E 26 BD 02 02 00 18 03 01 54]
46587,1.78931E+12,9/13/2026 20:34,SomniGuard,71.1,SpO2:97.6% BPM:71 [20 01 1E 26 C7 02 03 00 18 03 01 54]
46588,1.78931E+12,9/13/2026 20:34,SomniGuard,70.1,SpO2:97.6% BPM:70 [21 01 1E 26 BD 02 02 00 18 03 01 54]
46589,1.78931E+12,9/13/2026 20:34,SomniGuard,71.1,SpO2:97.6% BPM:71 [22 01 1E 26 C7 02 02 00 18 03 01 54]
46590,1.78931E+12,9/13/2026 20:34,SomniGuard,70.1,SpO2:97.6% BPM:70 [23 01 1E 26 BD 02 03 00 18 03 01 54]
46591,1.78931E+12,9/13/2026 20:34,SomniGuard,71.1,SpO2:97.6% BPM:71 [24 01 1E 26 C7 02 03 00 18 03 01 54]
46592,1.78931E+12,9/13/2026 20:34,SomniGuard,70.1,SpO2:97.6% BPM:70 [25 01 1E 26 BD 02 02 00 18 03 01 54]
46593,1.78931E+12,9/13/2026 20:34,SomniGuard,71.1,SpO2:97.6% BPM:71 [26 01 1E 26 C7 02 02 00 18 03 01 54]
46594,1.78931E+12,9/13/2026 20:34,SomniGuard,70.1,SpO2:97.6% BPM:70 [27 01 1E 26 BD 02 03 00 18 03 01 54]
46595,1.78931E+12,9/13/2026 20:34,SomniGuard,71.1,SpO2:97.6% BPM:71 [28 01 1E 26 C7 02 02 00 18 03 01 54]
46596,1.78931E+12,9/13/2026 20:34,SomniGuard,70.1,SpO2:97.6% BPM:70 [29 01 1E 26 BD 02 03 00 18 03 01 54]
46597,1.78931E+12,9/13/2026 20:34,SomniGuard,71.1,SpO2:97.6% BPM:71 [2A 01 1E 26 C7 02 03 00 18 03 01 54]
46598,1.78931E+12,9/13/2026 20:34,SomniGuard,70.1,SpO2:97.6% BPM:70 [2B 01 1E 26 BD 02 02 00 18 03 01 54]
46599,1.78931E+12,9/13/2026 20:34,SomniGuard,71.1,SpO2:97.6% BPM:71 [2C 01 1E 26 C7 02 03 00 18 03 01 54]
46600,1.78931E+12,9/13/2026 20:34,SomniGuard,70.1,SpO2:97.6% BPM:70 [2D 01 1E 26 BD 02 03 00 18 03 01 54]
46601,1.78931E+12,9/13/2026 20:34,SomniGuard,71.1,SpO2:97.6% BPM:71 [2E 01 1E 26 C7 02 03 00 18 03 01 54]
46602,1.78931E+12,9/13/2026 20:34,SomniGuard,70.1,SpO2:97.6% BPM:70 [2F 01 1E 26 BD 02 03 00 18 03 01 54]
46603,1.78931E+12,9/13/2026 20:34,SomniGuard,71.1,SpO2:97.6% BPM:71 [30 01 1E 26 C7 02 02 00 18 03 01 54]
46604,1.78931E+12,9/13/2026 20:34,SomniGuard,70.1,SpO2:97.6% BPM:70 [31 01 1E 26 BD 02 02 00 18 03 01 54]
46605,1.78931E+12,9/13/2026 20:34,SomniGuard,71.1,SpO2:97.6% BPM:71 [32 01 1E 26 C7 02 03 00 18 03 01 54]
46606,1.78931E+12,9/13/2026 20:34,SomniGuard,70.1,SpO2:97.6% BPM:70 [33 01 1E 26 BD 02 03 00 18 03 01 54]
46607,1.78931E+12,9/13/2026 20:34,SomniGuard,71.1,SpO2:97.6% BPM:71 [34 01 1E 26 C7 02 03 00 18 03 01 54]
46608,1.78931E+12,9/13/2026 20:34,SomniGuard,70.1,SpO2:97.6% BPM:70 [35 01 1E 26 BD 02 02 00 18 03 01 54]
46609,1.78931E+12,9/13/2026 20:34,SomniGuard,71.1,SpO2:97.6% BPM:71 [36 01 1E 26 C7 02 03 00 18 03 01 54]
46610,1.78931E+12,9/13/2026 20:34,SomniGuard,70.1,SpO2:97.6% BPM:70 [37 01 1E 26 BD 02 03 00 18 03 01 54]
46611,1.78931E+12,9/13/2026 20:34,SomniGuard,71.1,SpO2:97.6% BPM:71 [38 01 1E 26 C7 02 03 00 18 03 01 54]
46612,1.78931E+12,9/13/2026 20:34,SomniGuard,70.1,SpO2:97.6% BPM:70 [39 01 1E 26 BD 02 03 00 18 03 01 54]
46613,1.78931E+12,9/13/2026 20:34,SomniGuard,71.1,SpO2:97.6% BPM:71 [3A 01 1E 26 C7 02 02 00 18 03 01 54]
46614,1.78931E+12,9/13/2026 20:34,SomniGuard,70.1,SpO2:97.6% BPM:70 [3B 01 1E 26 BD 02 03 00 18 03 01 54]
46615,1.78931E+12,9/13/2026 20:34,SomniGuard,71.1,SpO2:97.6% BPM:71 [3C 01 1E 26 C7 02 03 00 18 03 01 54]
46616,1.78931E+12,9/13/2026 20:34,SomniGuard,70.1,SpO2:97.6% BPM:70 [3D 01 1E 26 BD 02 03 00 18 03 01 54]
46617,1.78931E+12,9/13/2026 20:34,SomniGuard,71.1,SpO2:97.6% BPM:71 [3E 01 1E 26 C7 02 03 00 18 03 01 54]
46618,1.78931E+12,9/13/2026 20:34,SomniGuard,70.1,SpO2:97.6% BPM:70 [3F 01 1E 26 BD 02 03 00 18 03 01 54]
46619,1.78931E+12,9/13/2026 20:34,SomniGuard,71.1,SpO2:97.6% BPM:71 [40 01 1E 26 C7 02 03 00 18 03 01 54]
46620,1.78931E+12,9/13/2026 20:34,SomniGuard,70.1,SpO2:97.6% BPM:70 [41 01 1E 26 BD 02 02 00 18 03 01 54]
46621,1.78931E+12,9/13/2026 20:34,SomniGuard,71.1,SpO2:97.6% BPM:71 [42 01 1E 26 C7 02 03 00 18 03 01 54]
46622,1.78931E+12,9/13/2026 20:34,SomniGuard,70.1,SpO2:97.6% BPM:70 [43 01 1E 26 BD 02 03 00 18 03 01 54]
46623,1.78931E+12,9/13/2026 20:34,SomniGuard,71.1,SpO2:97.6% BPM:71 [44 01 1E 26 C7 02 03 00 18 03 01 54]
46624,1.78931E+12,9/13/2026 20:34,SomniGuard,70.1,SpO2:97.6% BPM:70 [45 01 1E 26 BD 02 03 00 18 03 01 54]
46625,1.78931E+12,9/13/2026 20:34,SomniGuard,71.1,SpO2:97.6% BPM:71 [46 01 1E 26 C7 02 03 00 18 03 01 54]
46626,1.78931E+12,9/13/2026 20:34,SomniGuard,70.1,SpO2:97.6% BPM:70 [47 01 1E 26 BD 02 03 00 18 03 01 54]
46627,1.78931E+12,9/13/2026 20:34,SomniGuard,71.1,SpO2:97.6% BPM:71 [48 01 1E 26 C7 02 03 00 18 03 01 54]
46628,1.78931E+12,9/13/2026 20:34,SomniGuard,70.1,SpO2:97.6% BPM:70 [49 01 1E 26 BD 02 02 00 18 03 01 54]
46629,1.78931E+12,9/13/2026 20:34,SomniGuard,71.1,SpO2:97.6% BPM:71 [4A 01 1E 26 C7 02 03 00 18 03 01 54]
46630,1.78931E+12,9/13/2026 20:34,SomniGuard,70.1,SpO2:97.6% BPM:70 [4B 01 1E 26 BD 02 03 00 18 03 01 54]
46631,1.78931E+12,9/13/2026 20:34,SomniGuard,71.1,SpO2:97.6% BPM:71 [4C 01 1E 26 C7 02 02 00 18 03 01 54]
46632,1.78931E+12,9/13/2026 20:34,SomniGuard,70.1,SpO2:97.6% BPM:70 [4D 01 1E 26 BD 02 03 00 18 03 01 54]
46633,1.78931E+12,9/13/2026 20:34,SomniGuard,71.1,SpO2:97.6% BPM:71 [4E 01 1E 26 C7 02 03 00 18 03 01 54]
46634,1.78931E+12,9/13/2026 20:34,SomniGuard,70.1,SpO2:97.6% BPM:70 [4F 01 1E 26 BD 02 03 00 18 03 01 54]
46635,1.78931E+12,9/13/2026 20:34,SomniGuard,71.1,SpO2:97.6% BPM:71 [50 01 1E 26 C7 02 03 00 18 03 01 54]
46636,1.78931E+12,9/13/2026 20:34,SomniGuard,70.1,SpO2:97.6% BPM:70 [51 01 1E 26 BD 02 03 00 18 03 01 54]
46637,1.78931E+12,9/13/2026 20:34,SomniGuard,71.1,SpO2:97.6% BPM:71 [52 01 1E 26 C7 02 03 00 18 03 01 54]
46638,1.78931E+12,9/13/2026 20:34,SomniGuard,70.1,SpO2:97.6% BPM:70 [53 01 1E 26 BD 02 03 00 18 03 01 54]
46639,1.78931E+12,9/13/2026 20:35,SomniGuard,71.1,SpO2:97.6% BPM:71 [54 01 1E 26 C7 02 03 00 18 03 01 54]
46640,1.78931E+12,9/13/2026 20:35,SomniGuard,70.1,SpO2:97.6% BPM:70 [55 01 1E 26 BD 02 03 00 18 03 01 54]
46641,1.78931E+12,9/13/2026 20:35,SomniGuard,71.1,SpO2:97.6% BPM:71 [56 01 1E 26 C7 02 03 00 18 03 01 54]
46642,1.78931E+12,9/13/2026 20:35,SomniGuard,70.1,SpO2:97.6% BPM:70 [57 01 1E 26 BD 02 03 00 18 03 01 54]
46643,1.78931E+12,9/13/2026 20:35,SomniGuard,71.1,SpO2:97.6% BPM:71 [58 01 1E 26 C7 02 03 00 18 03 01 54]
46644,1.78931E+12,9/13/2026 20:35,SomniGuard,70.1,SpO2:97.6% BPM:70 [59 01 1E 26 BD 02 03 00 18 03 01 54]
46645,1.78931E+12,9/13/2026 20:35,SomniGuard,71.1,SpO2:97.6% BPM:71 [5A 01 1E 26 C7 02 11 00 18 03 01 54]
46646,1.78931E+12,9/13/2026 20:35,SomniGuard,70.1,SpO2:97.6% BPM:70 [5B 01 1E 26 BD 02 03 00 18 03 01 54]
46647,1.78931E+12,9/13/2026 20:35,SomniGuard,71.1,SpO2:97.6% BPM:71 [5C 01 1E 26 C7 02 03 00 18 03 01 54]
46648,1.78931E+12,9/13/2026 20:35,SomniGuard,70.1,SpO2:97.6% BPM:70 [5D 01 1E 26 BD 02 03 00 18 03 01 54]
46649,1.78931E+12,9/13/2026 20:35,SomniGuard,71.1,SpO2:97.6% BPM:71 [5E 01 1E 26 C7 02 03 00 18 03 01 54]
46650,1.78931E+12,9/13/2026 20:35,SomniGuard,70.1,SpO2:97.6% BPM:70 [5F 01 1E 26 BD 02 03 00 18 03 01 54]
46651,1.78931E+12,9/13/2026 20:35,SomniGuard,71.1,SpO2:97.6% BPM:71 [60 01 1E 26 C7 02 03 00 18 03 01 54]
46652,1.78931E+12,9/13/2026 20:35,SomniGuard,70.1,SpO2:97.6% BPM:70 [61 01 1E 26 BD 02 03 00 18 03 01 54]
46653,1.78931E+12,9/13/2026 20:35,SomniGuard,71.1,SpO2:97.6% BPM:71 [62 01 1E 26 C7 02 03 00 18 03 01 54]
46654,1.78931E+12,9/13/2026 20:35,SomniGuard,70.1,SpO2:97.6% BPM:70 [63 01 1E 26 BD 02 03 00 18 03 01 54]
46655,1.78931E+12,9/13/2026 20:35,SomniGuard,71.1,SpO2:97.6% BPM:71 [64 01 1E 26 C7 02 03 00 18 03 01 54]
46656,1.78931E+12,9/13/2026 20:35,SomniGuard,70.1,SpO2:97.6% BPM:70 [65 01 1E 26 BD 02 03 00 18 03 01 54]
46657,1.78931E+12,9/13/2026 20:35,SomniGuard,71.1,SpO2:97.6% BPM:71 [66 01 1E 26 C7 02 03 00 18 03 01 54]
46658,1.78931E+12,9/13/2026 20:35,SomniGuard,70.1,SpO2:97.6% BPM:70 [67 01 1E 26 BD 02 03 00 18 03 01 54]
46659,1.78931E+12,9/13/2026 20:35,SomniGuard,71.1,SpO2:97.6% BPM:71 [68 01 1E 26 C7 02 03 00 18 03 01 54]
46660,1.78931E+12,9/13/2026 20:35,SomniGuard,70.1,SpO2:97.6% BPM:70 [69 01 1E 26 BD 02 03 00 18 03 01 54]
46661,1.78931E+12,9/13/2026 20:35,SomniGuard,71.1,SpO2:97.6% BPM:71 [6A 01 1E 26 C7 02 03 00 18 03 01 54]
46662,1.78931E+12,9/13/2026 20:35,SomniGuard,70.1,SpO2:97.6% BPM:70 [6B 01 1E 26 BD 02 03 00 18 03 01 54]
46663,1.78931E+12,9/13/2026 20:35,SomniGuard,71.1,SpO2:97.6% BPM:71 [6C 01 1E 26 C7 02 03 00 18 03 01 54]
46664,1.78931E+12,9/13/2026 20:35,SomniGuard,70.1,SpO2:97.6% BPM:70 [6D 01 1E 26 BD 02 03 00 18 03 01 54]
46665,1.78931E+12,9/13/2026 20:35,SomniGuard,71.1,SpO2:97.6% BPM:71 [6E 01 1E 26 C7 02 03 00 18 03 01 54]
46666,1.78931E+12,9/13/2026 20:35,SomniGuard,70.1,SpO2:97.6% BPM:70 [6F 01 1E 26 BD 02 03 00 18 03 01 54]
46667,1.78931E+12,9/13/2026 20:35,SomniGuard,71.1,SpO2:97.6% BPM:71 [70 01 1E 26 C7 02 03 00 18 03 01 54]
46668,1.78931E+12,9/13/2026 20:35,SomniGuard,70.1,SpO2:97.6% BPM:70 [71 01 1E 26 BD 02 03 00 18 03 01 54]
46669,1.78931E+12,9/13/2026 20:35,SomniGuard,71.1,SpO2:97.6% BPM:71 [72 01 1E 26 C7 02 03 00 18 03 01 54]
46670,1.78931E+12,9/13/2026 20:35,SomniGuard,70.1,SpO2:97.6% BPM:70 [73 01 1E 26 BD 02 03 00 18 03 01 54]
46671,1.78931E+12,9/13/2026 20:35,SomniGuard,71.1,SpO2:97.6% BPM:71 [74 01 1E 26 C7 02 03 00 18 03 01 54]
46672,1.78931E+12,9/13/2026 20:35,SomniGuard,70.1,SpO2:97.6% BPM:70 [75 01 1E 26 BD 02 03 00 18 03 01 54]
46673,1.78931E+12,9/13/2026 20:35,SomniGuard,71.1,SpO2:97.6% BPM:71 [76 01 1E 26 C7 02 03 00 18 03 01 54]
46674,1.78931E+12,9/13/2026 20:35,SomniGuard,70.1,SpO2:97.6% BPM:70 [77 01 1E 26 BD 02 03 00 18 03 01 54]
46675,1.78931E+12,9/13/2026 20:35,SomniGuard,71.1,SpO2:97.6% BPM:71 [78 01 1E 26 C7 02 03 00 18 03 01 54]
46676,1.78931E+12,9/13/2026 20:35,SomniGuard,70.1,SpO2:97.6% BPM:70 [79 01 1E 26 BD 02 03 00 18 03 01 54]
46677,1.78931E+12,9/13/2026 20:35,SomniGuard,71.1,SpO2:97.6% BPM:71 [7A 01 1E 26 C7 02 03 00 18 03 01 54]
46678,1.78931E+12,9/13/2026 20:35,SomniGuard,70.1,SpO2:97.6% BPM:70 [7B 01 1E 26 BD 02 03 00 18 03 01 54]
46679,1.78931E+12,9/13/2026 20:35,SomniGuard,71.1,SpO2:97.6% BPM:71 [7C 01 1E 26 C7 02 03 00 18 03 01 54]
46680,1.78931E+12,9/13/2026 20:35,SomniGuard,70.1,SpO2:97.6% BPM:70 [7D 01 1E 26 BD 02 03 00 18 03 01 54]
46681,1.78931E+12,9/13/2026 20:35,SomniGuard,71.1,SpO2:97.6% BPM:71 [7E 01 1E 26 C7 02 03 00 18 03 01 54]
46682,1.78931E+12,9/13/2026 20:35,SomniGuard,70.1,SpO2:97.6% BPM:70 [7F 01 1E 26 BD 02 03 00 18 03 01 54]
46683,1.78931E+12,9/13/2026 20:35,SomniGuard,71.1,SpO2:97.6% BPM:71 [80 01 1E 26 C7 02 04 00 18 03 01 54]
46684,1.78931E+12,9/13/2026 20:35,SomniGuard,70.1,SpO2:97.6% BPM:70 [81 01 1E 26 BD 02 04 00 18 03 01 54]
46685,1.78931E+12,9/13/2026 20:35,SomniGuard,71.1,SpO2:97.6% BPM:71 [82 01 1E 26 C7 02 03 00 18 03 01 54]
46686,1.78931E+12,9/13/2026 20:35,SomniGuard,70.1,SpO2:97.6% BPM:70 [83 01 1E 26 BD 02 07 00 18 03 01 54]
46687,1.78931E+12,9/13/2026 20:35,SomniGuard,71.1,SpO2:97.6% BPM:71 [84 01 1E 26 C7 02 03 00 18 03 01 54]
46688,1.78931E+12,9/13/2026 20:35,SomniGuard,70.6,SpO2:97.8% BPM:71 [85 01 37 26 C2 02 03 00 18 03 01 54]
46689,1.78931E+12,9/13/2026 20:35,SomniGuard,71.6,SpO2:97.8% BPM:72 [86 01 37 26 CC 02 03 00 18 03 01 54]
46690,1.78931E+12,9/13/2026 20:35,SomniGuard,70.6,SpO2:97.8% BPM:71 [87 01 37 26 C2 02 03 00 18 03 01 54]
46691,1.78931E+12,9/13/2026 20:35,SomniGuard,71.6,SpO2:97.8% BPM:72 [88 01 37 26 CC 02 03 00 18 03 01 54]
46692,1.78931E+12,9/13/2026 20:35,SomniGuard,70.6,SpO2:97.8% BPM:71 [89 01 37 26 C2 02 03 00 18 03 01 54]
46693,1.78931E+12,9/13/2026 20:35,SomniGuard,71.6,SpO2:97.8% BPM:72 [8A 01 37 26 CC 02 03 00 18 03 01 54]
46694,1.78931E+12,9/13/2026 20:35,SomniGuard,70.6,SpO2:97.8% BPM:71 [8B 01 37 26 C2 02 03 00 18 03 01 54]
46695,1.78931E+12,9/13/2026 20:35,SomniGuard,71.6,SpO2:97.8% BPM:72 [8C 01 37 26 CC 02 03 00 18 03 01 54]
46696,1.78931E+12,9/13/2026 20:35,SomniGuard,70.6,SpO2:97.8% BPM:71 [8D 01 37 26 C2 02 03 00 18 03 01 54]
46697,1.78931E+12,9/13/2026 20:35,SomniGuard,71.6,SpO2:97.8% BPM:72 [8E 01 37 26 CC 02 03 00 18 03 01 54]
46698,1.78931E+12,9/13/2026 20:35,SomniGuard,70.6,SpO2:97.8% BPM:71 [8F 01 37 26 C2 02 04 00 18 03 01 54]
46699,1.78931E+12,9/13/2026 20:36,SomniGuard,71.6,SpO2:97.8% BPM:72 [90 01 37 26 CC 02 03 00 18 03 01 54]
46700,1.78931E+12,9/13/2026 20:36,SomniGuard,70.6,SpO2:97.8% BPM:71 [91 01 37 26 C2 02 03 00 18 03 01 54]
46701,1.78931E+12,9/13/2026 20:36,SomniGuard,71.6,SpO2:97.8% BPM:72 [92 01 37 26 CC 02 03 00 18 03 01 54]
46702,1.78931E+12,9/13/2026 20:36,SomniGuard,70.6,SpO2:97.8% BPM:71 [93 01 37 26 C2 02 03 00 18 03 01 54]
46703,1.78931E+12,9/13/2026 20:36,SomniGuard,71.6,SpO2:97.8% BPM:72 [94 01 37 26 CC 02 03 00 18 03 01 54]
46704,1.78931E+12,9/13/2026 20:36,SomniGuard,70.6,SpO2:97.8% BPM:71 [95 01 37 26 C2 02 06 00 18 03 01 54]
46705,1.78931E+12,9/13/2026 20:36,SomniGuard,71.6,SpO2:97.8% BPM:72 [96 01 37 26 CC 02 03 00 18 03 01 54]
46706,1.78931E+12,9/13/2026 20:36,SomniGuard,70.6,SpO2:97.8% BPM:71 [97 01 37 26 C2 02 03 00 18 03 01 54]
46707,1.78931E+12,9/13/2026 20:36,SomniGuard,71.6,SpO2:97.8% BPM:72 [98 01 37 26 CC 02 03 00 18 03 01 54]
46708,1.78931E+12,9/13/2026 20:36,SomniGuard,70.6,SpO2:97.8% BPM:71 [99 01 37 26 C2 02 03 00 18 03 01 54]
46709,1.78931E+12,9/13/2026 20:36,SomniGuard,71.6,SpO2:97.8% BPM:72 [9A 01 37 26 CC 02 03 00 18 03 01 54]
46710,1.78931E+12,9/13/2026 20:36,SomniGuard,70.6,SpO2:97.8% BPM:71 [9B 01 37 26 C2 02 03 00 18 03 01 54]
46711,1.78931E+12,9/13/2026 20:36,SomniGuard,71.6,SpO2:97.8% BPM:72 [9C 01 37 26 CC 02 03 00 18 03 01 54]
46712,1.78931E+12,9/13/2026 20:36,SomniGuard,70.6,SpO2:97.8% BPM:71 [9D 01 37 26 C2 02 03 00 18 03 01 54]
46713,1.78931E+12,9/13/2026 20:36,SomniGuard,71.6,SpO2:97.8% BPM:72 [9E 01 37 26 CC 02 03 00 18 03 01 54]
46714,1.78931E+12,9/13/2026 20:36,SomniGuard,70.6,SpO2:97.8% BPM:71 [9F 01 37 26 C2 02 03 00 18 03 01 54]
46715,1.78931E+12,9/13/2026 20:36,SomniGuard,71.6,SpO2:97.8% BPM:72 [A0 01 37 26 CC 02 03 00 18 03 01 54]
46716,1.78931E+12,9/13/2026 20:36,SomniGuard,70.6,SpO2:97.8% BPM:71 [A1 01 37 26 C2 02 03 00 18 03 01 54]
46717,1.78931E+12,9/13/2026 20:36,SomniGuard,71.6,SpO2:97.8% BPM:72 [A2 01 37 26 CC 02 03 00 18 03 01 54]
46718,1.78931E+12,9/13/2026 20:36,SomniGuard,70.6,SpO2:97.8% BPM:71 [A3 01 37 26 C2 02 03 00 18 03 01 54]
46719,1.78931E+12,9/13/2026 20:36,SomniGuard,71.6,SpO2:97.8% BPM:72 [A4 01 37 26 CC 02 03 00 18 03 01 54]
46720,1.78931E+12,9/13/2026 20:36,SomniGuard,70.6,SpO2:97.8% BPM:71 [A5 01 37 26 C2 02 03 00 18 03 01 54]
46721,1.78931E+12,9/13/2026 20:36,SomniGuard,71.6,SpO2:97.8% BPM:72 [A6 01 37 26 CC 02 03 00 18 03 01 54]
46722,1.78931E+12,9/13/2026 20:36,SomniGuard,70.6,SpO2:97.8% BPM:71 [A7 01 37 26 C2 02 03 00 18 03 01 54]
46723,1.78931E+12,9/13/2026 20:36,SomniGuard,71.6,SpO2:97.8% BPM:72 [A8 01 37 26 CC 02 03 00 18 03 01 54]
46724,1.78931E+12,9/13/2026 20:36,SomniGuard,70.6,SpO2:97.8% BPM:71 [A9 01 37 26 C2 02 03 00 18 03 01 54]
46725,1.78931E+12,9/13/2026 20:36,SomniGuard,71.6,SpO2:97.8% BPM:72 [AA 01 37 26 CC 02 03 00 18 03 01 54]
46726,1.78931E+12,9/13/2026 20:36,SomniGuard,70.6,SpO2:97.8% BPM:71 [AB 01 37 26 C2 02 03 00 18 03 01 54]
46727,1.78931E+12,9/13/2026 20:36,SomniGuard,71.6,SpO2:97.8% BPM:72 [AC 01 37 26 CC 02 03 00 18 03 01 54]
46728,1.78931E+12,9/13/2026 20:36,SomniGuard,70.6,SpO2:97.8% BPM:71 [AD 01 37 26 C2 02 03 00 18 03 01 54]
46729,1.78931E+12,9/13/2026 20:36,SomniGuard,71.6,SpO2:97.8% BPM:72 [AE 01 37 26 CC 02 03 00 18 03 01 54]
46730,1.78931E+12,9/13/2026 20:36,SomniGuard,70.6,SpO2:97.8% BPM:71 [AF 01 37 26 C2 02 03 00 18 03 01 54]
46731,1.78931E+12,9/13/2026 20:36,SomniGuard,71.6,SpO2:97.8% BPM:72 [B0 01 37 26 CC 02 03 00 18 03 01 54]
46732,1.78931E+12,9/13/2026 20:36,SomniGuard,70.6,SpO2:97.8% BPM:71 [B1 01 37 26 C2 02 03 00 18 03 01 54]
46733,1.78931E+12,9/13/2026 20:36,SomniGuard,71.6,SpO2:97.8% BPM:72 [B2 01 37 26 CC 02 03 00 18 03 01 54]
46734,1.78931E+12,9/13/2026 20:36,SomniGuard,70.6,SpO2:97.8% BPM:71 [B3 01 37 26 C2 02 03 00 18 03 01 54]
46735,1.78931E+12,9/13/2026 20:36,SomniGuard,71.6,SpO2:97.8% BPM:72 [B4 01 37 26 CC 02 03 00 18 03 01 54]
46736,1.78931E+12,9/13/2026 20:36,SomniGuard,70.6,SpO2:97.8% BPM:71 [B5 01 37 26 C2 02 03 00 18 03 01 54]
46737,1.78931E+12,9/13/2026 20:36,SomniGuard,71.6,SpO2:97.8% BPM:72 [B6 01 37 26 CC 02 03 00 18 03 01 54]
46738,1.78931E+12,9/13/2026 20:36,SomniGuard,70.6,SpO2:97.8% BPM:71 [B7 01 37 26 C2 02 03 00 18 03 01 54]
46739,1.78931E+12,9/13/2026 20:36,SomniGuard,71.6,SpO2:97.8% BPM:72 [B8 01 37 26 CC 02 08 00 18 03 01 54]
46740,1.78931E+12,9/13/2026 20:36,SomniGuard,70.6,SpO2:97.8% BPM:71 [B9 01 37 26 C2 02 03 00 18 03 01 54]
46741,1.78931E+12,9/13/2026 20:36,SomniGuard,71.6,SpO2:97.8% BPM:72 [BA 01 37 26 CC 02 04 00 18 03 01 54]
46742,1.78931E+12,9/13/2026 20:36,SomniGuard,70.6,SpO2:97.8% BPM:71 [BB 01 37 26 C2 02 03 00 18 03 01 54]
46743,1.78931E+12,9/13/2026 20:36,SomniGuard,71.6,SpO2:97.8% BPM:72 [BC 01 37 26 CC 02 03 00 18 03 01 54]
46744,1.78931E+12,9/13/2026 20:36,SomniGuard,70.6,SpO2:97.8% BPM:71 [BD 01 37 26 C2 02 03 00 18 03 01 54]
46745,1.78931E+12,9/13/2026 20:36,SomniGuard,71.6,SpO2:97.8% BPM:72 [BE 01 37 26 CC 02 03 00 18 03 01 54]
46746,1.78931E+12,9/13/2026 20:36,SomniGuard,70.6,SpO2:97.8% BPM:71 [BF 01 37 26 C2 02 03 00 18 03 01 54]
46747,1.78931E+12,9/13/2026 20:36,SomniGuard,71.6,SpO2:97.8% BPM:72 [C0 01 37 26 CC 02 03 00 18 03 01 54]
46748,1.78931E+12,9/13/2026 20:36,SomniGuard,70.6,SpO2:97.8% BPM:71 [C1 01 37 26 C2 02 03 00 18 03 01 54]
46749,1.78931E+12,9/13/2026 20:36,SomniGuard,71.6,SpO2:97.8% BPM:72 [C2 01 37 26 CC 02 03 00 18 03 01 54]
46750,1.78931E+12,9/13/2026 20:36,SomniGuard,70.6,SpO2:97.8% BPM:71 [C3 01 37 26 C2 02 03 00 18 03 01 54]
46751,1.78931E+12,9/13/2026 20:36,SomniGuard,71.6,SpO2:97.8% BPM:72 [C4 01 37 26 CC 02 03 00 18 03 01 54]
46752,1.78931E+12,9/13/2026 20:36,SomniGuard,70.6,SpO2:97.8% BPM:71 [C5 01 37 26 C2 02 03 00 18 03 01 54]
46753,1.78931E+12,9/13/2026 20:36,SomniGuard,71.6,SpO2:97.8% BPM:72 [C6 01 37 26 CC 02 03 00 18 03 01 54]
46754,1.78931E+12,9/13/2026 20:36,SomniGuard,70.6,SpO2:97.8% BPM:71 [C7 01 37 26 C2 02 03 00 18 03 01 54]
46755,1.78931E+12,9/13/2026 20:36,SomniGuard,71.6,SpO2:97.8% BPM:72 [C8 01 37 26 CC 02 03 00 18 03 01 54]
46756,1.78931E+12,9/13/2026 20:36,SomniGuard,70.6,SpO2:97.8% BPM:71 [C9 01 37 26 C2 02 03 00 18 03 01 54]
46757,1.78931E+12,9/13/2026 20:36,SomniGuard,71.6,SpO2:97.8% BPM:72 [CA 01 37 26 CC 02 03 00 18 03 01 54]
46758,1.78931E+12,9/13/2026 20:37,SomniGuard,70.6,SpO2:97.8% BPM:71 [CB 01 37 26 C2 02 03 00 18 03 01 54]
46759,1.78931E+12,9/13/2026 20:37,SomniGuard,71.6,SpO2:97.8% BPM:72 [CC 01 37 26 CC 02 03 00 18 03 01 54]
46760,1.78931E+12,9/13/2026 20:37,SomniGuard,70.6,SpO2:97.8% BPM:71 [CD 01 37 26 C2 02 03 00 18 03 01 54]
46761,1.78931E+12,9/13/2026 20:37,SomniGuard,71.6,SpO2:97.8% BPM:72 [CE 01 37 26 CC 02 03 00 18 03 01 54]
46762,1.78931E+12,9/13/2026 20:37,SomniGuard,70.6,SpO2:97.8% BPM:71 [CF 01 37 26 C2 02 03 00 18 03 01 54]
46763,1.78931E+12,9/13/2026 20:37,SomniGuard,71.6,SpO2:97.8% BPM:72 [D0 01 37 26 CC 02 03 00 18 03 01 54]
46764,1.78931E+12,9/13/2026 20:37,SomniGuard,70.6,SpO2:97.8% BPM:71 [D1 01 37 26 C2 02 03 00 18 03 01 54]
46765,1.78931E+12,9/13/2026 20:37,SomniGuard,71.6,SpO2:97.8% BPM:72 [D2 01 37 26 CC 02 03 00 18 03 01 54]
46766,1.78931E+12,9/13/2026 20:37,SomniGuard,70.6,SpO2:97.8% BPM:71 [D3 01 37 26 C2 02 03 00 18 03 01 54]
46767,1.78931E+12,9/13/2026 20:37,SomniGuard,71.6,SpO2:97.8% BPM:72 [D4 01 37 26 CC 02 03 00 18 03 01 54]
46768,1.78931E+12,9/13/2026 20:37,SomniGuard,70.6,SpO2:97.8% BPM:71 [D5 01 37 26 C2 02 03 00 18 03 01 54]
46769,1.78931E+12,9/13/2026 20:37,SomniGuard,71.6,SpO2:97.8% BPM:72 [D6 01 37 26 CC 02 03 00 18 03 01 54]
46770,1.78931E+12,9/13/2026 20:37,SomniGuard,70.6,SpO2:97.8% BPM:71 [D7 01 37 26 C2 02 03 00 18 03 01 54]
46771,1.78931E+12,9/13/2026 20:37,SomniGuard,71.6,SpO2:97.8% BPM:72 [D8 01 37 26 CC 02 03 00 18 03 01 54]
46772,1.78931E+12,9/13/2026 20:37,SomniGuard,70.6,SpO2:97.8% BPM:71 [D9 01 37 26 C2 02 03 00 18 03 01 54]
46773,1.78931E+12,9/13/2026 20:37,SomniGuard,71.6,SpO2:97.8% BPM:72 [DA 01 37 26 CC 02 03 00 18 03 01 54]
46774,1.78931E+12,9/13/2026 20:37,SomniGuard,70.6,SpO2:97.8% BPM:71 [DB 01 37 26 C2 02 03 00 18 03 01 54]
46775,1.78931E+12,9/13/2026 20:37,SomniGuard,71.6,SpO2:97.8% BPM:72 [DC 01 37 26 CC 02 03 00 18 03 01 54]
46776,1.78931E+12,9/13/2026 20:37,SomniGuard,70.6,SpO2:97.8% BPM:71 [DD 01 37 26 C2 02 03 00 18 03 01 54]
46777,1.78931E+12,9/13/2026 20:37,SomniGuard,71.6,SpO2:97.8% BPM:72 [DE 01 37 26 CC 02 03 00 18 03 01 54]
46778,1.78931E+12,9/13/2026 20:37,SomniGuard,70.6,SpO2:97.8% BPM:71 [DF 01 37 26 C2 02 03 00 18 03 01 54]
46779,1.78931E+12,9/13/2026 20:37,SomniGuard,71.6,SpO2:97.8% BPM:72 [E0 01 37 26 CC 02 03 00 18 03 01 54]
46780,1.78931E+12,9/13/2026 20:37,SomniGuard,70.6,SpO2:97.8% BPM:71 [E1 01 37 26 C2 02 03 00 18 03 01 54]
46781,1.78931E+12,9/13/2026 20:37,SomniGuard,71.6,SpO2:97.8% BPM:72 [E2 01 37 26 CC 02 03 00 18 03 01 54]
46782,1.78931E+12,9/13/2026 20:37,SomniGuard,70.6,SpO2:97.8% BPM:71 [E3 01 37 26 C2 02 03 00 18 03 01 54]
46783,1.78931E+12,9/13/2026 20:37,SomniGuard,71.6,SpO2:97.8% BPM:72 [E4 01 37 26 CC 02 03 00 18 03 01 54]
46784,1.78931E+12,9/13/2026 20:37,SomniGuard,70.6,SpO2:97.8% BPM:71 [E5 01 37 26 C2 02 03 00 18 03 01 54]
46785,1.78931E+12,9/13/2026 20:37,SomniGuard,71.6,SpO2:97.8% BPM:72 [E6 01 37 26 CC 02 03 00 18 03 01 54]
46786,1.78931E+12,9/13/2026 20:37,SomniGuard,70.6,SpO2:97.8% BPM:71 [E7 01 37 26 C2 02 03 00 18 03 01 54]
46787,1.78931E+12,9/13/2026 20:37,SomniGuard,71.6,SpO2:97.8% BPM:72 [E8 01 37 26 CC 02 03 00 18 03 01 54]
46788,1.78931E+12,9/13/2026 20:37,SomniGuard,70.6,SpO2:97.8% BPM:71 [E9 01 37 26 C2 02 03 00 18 03 01 54]
46789,1.78931E+12,9/13/2026 20:37,SomniGuard,71.6,SpO2:97.8% BPM:72 [EA 01 37 26 CC 02 03 00 18 03 01 54]
46790,1.78931E+12,9/13/2026 20:37,SomniGuard,70.6,SpO2:97.8% BPM:71 [EB 01 37 26 C2 02 03 00 18 03 01 54]
46791,1.78931E+12,9/13/2026 20:37,SomniGuard,71.6,SpO2:97.8% BPM:72 [EC 01 37 26 CC 02 03 00 18 03 01 54]
46792,1.78931E+12,9/13/2026 20:37,SomniGuard,70.6,SpO2:97.8% BPM:71 [ED 01 37 26 C2 02 03 00 18 03 01 54]
46793,1.78931E+12,9/13/2026 20:37,SomniGuard,71.6,SpO2:97.8% BPM:72 [EE 01 37 26 CC 02 03 00 18 03 01 54]
46794,1.78931E+12,9/13/2026 20:37,SomniGuard,70.6,SpO2:97.8% BPM:71 [EF 01 37 26 C2 02 03 00 18 03 01 54]
46795,1.78931E+12,9/13/2026 20:37,SomniGuard,71.6,SpO2:97.8% BPM:72 [F0 01 37 26 CC 02 03 00 18 03 01 54]
46796,1.78931E+12,9/13/2026 20:37,SomniGuard,70.6,SpO2:97.8% BPM:71 [F1 01 37 26 C2 02 03 00 18 03 01 54]
46797,1.78931E+12,9/13/2026 20:37,SomniGuard,71.6,SpO2:97.8% BPM:72 [F2 01 37 26 CC 02 03 00 18 03 01 54]
46798,1.78931E+12,9/13/2026 20:37,SomniGuard,70.6,SpO2:97.8% BPM:71 [F3 01 37 26 C2 02 03 00 18 03 01 54]
46799,1.78931E+12,9/13/2026 20:37,SomniGuard,71.6,SpO2:97.8% BPM:72 [F4 01 37 26 CC 02 03 00 18 03 01 54]
46800,1.78931E+12,9/13/2026 20:37,SomniGuard,70.6,SpO2:97.8% BPM:71 [F5 01 37 26 C2 02 03 00 18 03 01 54]
46801,1.78931E+12,9/13/2026 20:37,SomniGuard,71.6,SpO2:97.8% BPM:72 [F6 01 37 26 CC 02 03 00 18 03 01 54]
46802,1.78931E+12,9/13/2026 20:37,SomniGuard,70.6,SpO2:97.8% BPM:71 [F7 01 37 26 C2 02 03 00 18 03 01 54]
46803,1.78931E+12,9/13/2026 20:37,SomniGuard,71.6,SpO2:97.8% BPM:72 [F8 01 37 26 CC 02 03 00 18 03 01 54]
46804,1.78931E+12,9/13/2026 20:37,SomniGuard,70.6,SpO2:97.8% BPM:71 [F9 01 37 26 C2 02 03 00 18 03 01 54]
46805,1.78931E+12,9/13/2026 20:37,SomniGuard,71.6,SpO2:97.8% BPM:72 [FA 01 37 26 CC 02 03 00 18 03 01 54]
46806,1.78931E+12,9/13/2026 20:37,SomniGuard,70.6,SpO2:97.8% BPM:71 [FB 01 37 26 C2 02 03 00 18 03 01 54]
46807,1.78931E+12,9/13/2026 20:37,SomniGuard,71.6,SpO2:97.8% BPM:72 [FC 01 37 26 CC 02 03 00 18 03 01 54]
46808,1.78931E+12,9/13/2026 20:37,SomniGuard,70.6,SpO2:97.8% BPM:71 [FD 01 37 26 C2 02 03 00 18 03 01 54]
46809,1.78931E+12,9/13/2026 20:37,SomniGuard,71.6,SpO2:97.8% BPM:72 [FE 01 37 26 CC 02 03 00 18 03 01 54]
46810,1.78931E+12,9/13/2026 20:37,SomniGuard,70.6,SpO2:97.8% BPM:71 [FF 01 37 26 C2 02 03 00 18 03 01 54]
46811,1.78931E+12,9/13/2026 20:37,SomniGuard,71.6,SpO2:97.8% BPM:72 [00 02 37 26 CC 02 03 00 18 03 01 54]
46812,1.78931E+12,9/13/2026 20:37,SomniGuard,70.6,SpO2:97.8% BPM:71 [01 02 37 26 C2 02 03 00 18 03 01 54]
46813,1.78931E+12,9/13/2026 20:37,SomniGuard,71.6,SpO2:97.8% BPM:72 [02 02 37 26 CC 02 03 00 18 03 01 54]
46814,1.78931E+12,9/13/2026 20:37,SomniGuard,70.6,SpO2:97.8% BPM:71 [03 02 37 26 C2 02 03 00 18 03 01 54]
46815,1.78931E+12,9/13/2026 20:37,SomniGuard,71.6,SpO2:97.8% BPM:72 [04 02 37 26 CC 02 03 00 18 03 01 54]
46816,1.78931E+12,9/13/2026 20:37,SomniGuard,70.6,SpO2:97.8% BPM:71 [05 02 37 26 C2 02 03 00 18 03 01 54]
46817,1.78931E+12,9/13/2026 20:37,SomniGuard,71.6,SpO2:97.8% BPM:72 [06 02 37 26 CC 02 04 00 18 03 01 54]
46818,1.78931E+12,9/13/2026 20:38,SomniGuard,70.6,SpO2:97.8% BPM:71 [07 02 37 26 C2 02 03 00 18 03 01 54]
46819,1.78931E+12,9/13/2026 20:38,SomniGuard,71.6,SpO2:97.8% BPM:72 [08 02 37 26 CC 02 03 00 18 03 01 54]
46820,1.78931E+12,9/13/2026 20:38,SomniGuard,70.6,SpO2:97.8% BPM:71 [09 02 37 26 C2 02 03 00 18 03 01 54]
46821,1.78931E+12,9/13/2026 20:38,SomniGuard,71.6,SpO2:97.8% BPM:72 [0A 02 37 26 CC 02 04 00 18 03 01 54]
46822,1.78931E+12,9/13/2026 20:38,SomniGuard,70.6,SpO2:97.8% BPM:71 [0B 02 37 26 C2 02 04 00 18 03 01 54]
46823,1.78931E+12,9/13/2026 20:38,SomniGuard,71.6,SpO2:97.8% BPM:72 [0C 02 37 26 CC 02 04 00 18 03 01 54]
46824,1.78931E+12,9/13/2026 20:38,SomniGuard,70.6,SpO2:97.8% BPM:71 [0D 02 37 26 C2 02 04 00 18 03 01 54]
46825,1.78931E+12,9/13/2026 20:38,SomniGuard,71.6,SpO2:97.8% BPM:72 [0E 02 37 26 CC 02 03 00 18 03 01 54]
46826,1.78931E+12,9/13/2026 20:38,SomniGuard,70.6,SpO2:97.8% BPM:71 [0F 02 37 26 C2 02 04 00 18 03 01 54]
46827,1.78931E+12,9/13/2026 20:38,SomniGuard,71.6,SpO2:97.8% BPM:72 [10 02 37 26 CC 02 04 00 18 03 01 54]
46828,1.78931E+12,9/13/2026 20:38,SomniGuard,70.6,SpO2:97.8% BPM:71 [11 02 37 26 C2 02 04 00 18 03 01 54]
46829,1.78931E+12,9/13/2026 20:38,SomniGuard,71.6,SpO2:97.8% BPM:72 [12 02 37 26 CC 02 04 00 18 03 01 54]
46830,1.78931E+12,9/13/2026 20:38,SomniGuard,70.6,SpO2:97.8% BPM:71 [13 02 37 26 C2 02 04 00 18 03 01 54]
46831,1.78931E+12,9/13/2026 20:38,SomniGuard,71.6,SpO2:97.8% BPM:72 [14 02 37 26 CC 02 03 00 18 03 01 54]
46832,1.78931E+12,9/13/2026 20:38,SomniGuard,70.6,SpO2:97.8% BPM:71 [15 02 37 26 C2 02 04 00 18 03 01 54]
46833,1.78931E+12,9/13/2026 20:38,SomniGuard,71.6,SpO2:97.8% BPM:72 [16 02 37 26 CC 02 04 00 18 03 01 54]
46834,1.78931E+12,9/13/2026 20:38,SomniGuard,70.6,SpO2:97.8% BPM:71 [17 02 37 26 C2 02 04 00 18 03 01 54]
46835,1.78931E+12,9/13/2026 20:38,SomniGuard,71.6,SpO2:97.8% BPM:72 [18 02 37 26 CC 02 04 00 18 03 01 54]
46836,1.78931E+12,9/13/2026 20:38,SomniGuard,70.6,SpO2:97.8% BPM:71 [19 02 37 26 C2 02 03 00 18 03 01 54]
46837,1.78931E+12,9/13/2026 20:38,SomniGuard,71.6,SpO2:97.8% BPM:72 [1A 02 37 26 CC 02 04 00 18 03 01 54]
46838,1.78931E+12,9/13/2026 20:38,SomniGuard,70.6,SpO2:97.8% BPM:71 [1B 02 37 26 C2 02 04 00 18 03 01 54]
46839,1.78931E+12,9/13/2026 20:38,SomniGuard,71.6,SpO2:97.8% BPM:72 [1C 02 37 26 CC 02 04 00 18 03 01 54]
46840,1.78931E+12,9/13/2026 20:38,SomniGuard,70.6,SpO2:97.8% BPM:71 [1D 02 37 26 C2 02 04 00 18 03 01 54]
46841,1.78931E+12,9/13/2026 20:38,SomniGuard,71.6,SpO2:97.8% BPM:72 [1E 02 37 26 CC 02 03 00 18 03 01 54]
46842,1.78931E+12,9/13/2026 20:38,SomniGuard,70.6,SpO2:97.8% BPM:71 [1F 02 37 26 C2 02 04 00 18 03 01 54]
46843,1.78931E+12,9/13/2026 20:38,SomniGuard,71.6,SpO2:97.8% BPM:72 [20 02 37 26 CC 02 04 00 18 03 01 54]
46844,1.78931E+12,9/13/2026 20:38,SomniGuard,70.6,SpO2:97.8% BPM:71 [21 02 37 26 C2 02 04 00 18 03 01 54]
46845,1.78931E+12,9/13/2026 20:38,SomniGuard,71.6,SpO2:97.8% BPM:72 [22 02 37 26 CC 02 03 00 18 03 01 54]
46846,1.78931E+12,9/13/2026 20:38,SomniGuard,70.6,SpO2:97.8% BPM:71 [23 02 37 26 C2 02 04 00 18 03 01 54]
46847,1.78931E+12,9/13/2026 20:38,SomniGuard,71.6,SpO2:97.8% BPM:72 [24 02 37 26 CC 02 04 00 18 03 01 54]
46848,1.78931E+12,9/13/2026 20:38,SomniGuard,112.5,SpO2:89.6% BPM:113 [25 02 04 23 65 04 04 00 18 04 01 54]
46849,1.78931E+12,9/13/2026 20:38,SomniGuard,113.3,SpO2:89.5% BPM:113 [26 02 F5 22 6D 04 04 00 18 04 01 54]
46850,1.78931E+12,9/13/2026 20:38,SomniGuard,114.1,SpO2:89.3% BPM:114 [27 02 E5 22 75 04 04 00 18 04 01 54]
46851,1.78931E+12,9/13/2026 20:38,SomniGuard,114.9,SpO2:89.2% BPM:115 [28 02 D6 22 7D 04 FD 01 18 04 01 54]
46852,1.78931E+12,9/13/2026 20:38,SomniGuard,115.7,SpO2:89.0% BPM:116 [29 02 C6 22 85 04 01 00 18 04 01 54]
46853,1.78931E+12,9/13/2026 20:38,SomniGuard,116.5,SpO2:88.9% BPM:117 [2A 02 B7 22 8D 04 01 00 18 04 01 54]
46854,1.78931E+12,9/13/2026 20:38,SomniGuard,117.3,SpO2:88.7% BPM:117 [2B 02 A7 22 95 04 01 00 18 04 01 54]
46855,1.78931E+12,9/13/2026 20:38,SomniGuard,118.1,SpO2:88.6% BPM:118 [2C 02 98 22 9D 04 01 00 18 04 01 54]
46856,1.78931E+12,9/13/2026 20:38,SomniGuard,118.9,SpO2:88.4% BPM:119 [2D 02 88 22 A5 04 01 00 18 04 01 54]
46857,1.78931E+12,9/13/2026 20:38,SomniGuard,119.7,SpO2:88.3% BPM:120 [2E 02 79 22 AD 04 01 00 18 04 01 54]
46858,1.78931E+12,9/13/2026 20:38,SomniGuard,120.5,SpO2:88.1% BPM:121 [2F 02 69 22 B5 04 01 00 18 04 01 54]
46859,1.78931E+12,9/13/2026 20:38,SomniGuard,121.3,SpO2:87.9% BPM:121 [30 02 5A 22 BD 04 01 00 18 04 01 54]
46860,1.78931E+12,9/13/2026 20:38,SomniGuard,122.1,SpO2:87.8% BPM:122 [31 02 4A 22 C5 04 01 00 18 04 01 54]
46861,1.78931E+12,9/13/2026 20:38,SomniGuard,122.9,SpO2:87.6% BPM:123 [32 02 3B 22 CD 04 01 00 18 04 01 54]
46862,1.78931E+12,9/13/2026 20:38,SomniGuard,123.7,SpO2:87.5% BPM:124 [33 02 2B 22 D5 04 01 00 18 04 01 54]
46863,1.78931E+12,9/13/2026 20:38,SomniGuard,124.5,SpO2:87.3% BPM:125 [34 02 1C 22 DD 04 01 00 18 04 01 54]
46864,1.78931E+12,9/13/2026 20:38,SomniGuard,125.3,SpO2:87.2% BPM:125 [35 02 0C 22 E5 04 01 00 18 04 01 54]
46865,1.78931E+12,9/13/2026 20:38,SomniGuard,126.1,SpO2:87.0% BPM:126 [36 02 FD 21 ED 04 01 00 18 04 01 54]
46866,1.78931E+12,9/13/2026 20:38,SomniGuard,127.3,SpO2:86.8% BPM:127 [37 02 E5 21 F9 04 01 00 18 04 01 54]
46867,1.78931E+12,9/13/2026 20:38,SomniGuard,128.1,SpO2:86.6% BPM:128 [38 02 D6 21 01 05 01 00 18 04 01 54]
46868,1.78931E+12,9/13/2026 20:38,SomniGuard,128.9,SpO2:86.5% BPM:129 [39 02 C6 21 09 05 01 00 18 04 01 54]
46869,1.78931E+12,9/13/2026 20:38,SomniGuard,129.7,SpO2:86.3% BPM:130 [3A 02 B7 21 11 05 01 00 18 04 01 54]
46870,1.78931E+12,9/13/2026 20:38,SomniGuard,130.5,SpO2:86.2% BPM:131 [3B 02 A7 21 19 05 01 00 18 04 01 54]
46871,1.78931E+12,9/13/2026 20:38,SomniGuard,131.3,SpO2:86.0% BPM:131 [3C 02 98 21 21 05 01 00 18 04 01 54]
46872,1.78931E+12,9/13/2026 20:38,SomniGuard,132.1,SpO2:85.8% BPM:132 [3D 02 88 21 29 05 01 00 18 04 01 54]
46873,1.78931E+12,9/13/2026 20:38,SomniGuard,132.9,SpO2:85.7% BPM:133 [3E 02 79 21 31 05 01 00 18 04 01 54]
46874,1.78931E+12,9/13/2026 20:38,SomniGuard,133.7,SpO2:85.5% BPM:134 [3F 02 69 21 39 05 01 00 18 04 01 54]
46875,1.78931E+12,9/13/2026 20:38,SomniGuard,134.5,SpO2:85.4% BPM:135 [40 02 5A 21 41 05 01 00 18 04 01 54]
46876,1.78931E+12,9/13/2026 20:38,SomniGuard,135.3,SpO2:85.2% BPM:135 [41 02 4A 21 49 05 01 00 18 04 01 54]
46877,1.78931E+12,9/13/2026 20:39,SomniGuard,136.1,SpO2:85.1% BPM:136 [42 02 3B 21 51 05 01 00 18 04 01 54]
46878,1.78931E+12,9/13/2026 20:39,SomniGuard,136.9,SpO2:84.9% BPM:137 [43 02 2B 21 59 05 01 00 18 04 01 54]
46879,1.78931E+12,9/13/2026 20:39,SomniGuard,137.7,SpO2:84.8% BPM:138 [44 02 1C 21 61 05 01 00 18 04 01 54]
46880,1.78931E+12,9/13/2026 20:39,SomniGuard,138.5,SpO2:84.6% BPM:139 [45 02 0C 21 69 05 01 00 18 04 01 54]
46881,1.78931E+12,9/13/2026 20:39,SomniGuard,139.3,SpO2:84.4% BPM:139 [46 02 FD 20 71 05 01 00 18 04 01 54]
46882,1.78931E+12,9/13/2026 20:39,SomniGuard,140.1,SpO2:84.3% BPM:140 [47 02 ED 20 79 05 01 00 18 04 01 54]
46883,1.78931E+12,9/13/2026 20:39,SomniGuard,140.9,SpO2:84.1% BPM:141 [48 02 DE 20 81 05 01 00 18 04 01 54]
46884,1.78931E+12,9/13/2026 20:39,SomniGuard,141.7,SpO2:84.0% BPM:142 [49 02 CE 20 89 05 01 00 18 04 01 54]
46885,1.78931E+12,9/13/2026 20:39,SomniGuard,142.5,SpO2:83.8% BPM:143 [4A 02 BF 20 91 05 01 00 18 04 01 54]
46886,1.78931E+12,9/13/2026 20:39,SomniGuard,143.3,SpO2:83.7% BPM:143 [4B 02 AF 20 99 05 01 00 18 04 01 54]
46887,1.78931E+12,9/13/2026 20:39,SomniGuard,144.1,SpO2:83.5% BPM:144 [4C 02 A0 20 A1 05 01 00 18 04 01 54]
46888,1.78931E+12,9/13/2026 20:39,SomniGuard,144.9,SpO2:83.4% BPM:145 [4D 02 90 20 A9 05 01 00 18 04 01 54]
46889,1.78931E+12,9/13/2026 20:39,SomniGuard,145.7,SpO2:83.2% BPM:146 [4E 02 81 20 B1 05 01 00 18 04 01 54]
46890,1.78931E+12,9/13/2026 20:39,SomniGuard,146.5,SpO2:83.1% BPM:147 [4F 02 71 20 B9 05 01 00 18 04 01 54]
46891,1.78931E+12,9/13/2026 20:39,SomniGuard,147.3,SpO2:82.9% BPM:147 [50 02 62 20 C1 05 01 00 18 04 01 54]
46892,1.78931E+12,9/13/2026 20:39,SomniGuard,148.1,SpO2:82.7% BPM:148 [51 02 52 20 C9 05 01 00 18 04 01 54]
46893,1.78931E+12,9/13/2026 20:39,SomniGuard,0,SOS [53 4F 53]
46894,1.78931E+12,9/13/2026 20:39,SomniGuard,0,SOS [01 11 03 00 00 00 00 00]
46895,1.78931E+12,9/13/2026 20:39,SomniGuard,148.9,SpO2:82.6% BPM:149 [52 02 43 20 D1 05 01 00 18 04 01 54]
46896,1.78931E+12,9/13/2026 20:39,SomniGuard,149.7,SpO2:82.4% BPM:150 [53 02 33 20 D9 05 01 00 18 04 01 54]
46897,1.78931E+12,9/13/2026 20:39,SomniGuard,150.5,SpO2:82.3% BPM:151 [54 02 24 20 E1 05 01 00 18 04 01 54]
46898,1.78931E+12,9/13/2026 20:39,SomniGuard,151.3,SpO2:82.1% BPM:151 [55 02 14 20 E9 05 01 00 18 04 01 54]
46899,1.78931E+12,9/13/2026 20:39,SomniGuard,70.1,SpO2:97.6% BPM:70 [56 02 1E 26 BD 02 01 00 18 04 01 54]
46900,1.78931E+12,9/13/2026 20:39,SomniGuard,71.1,SpO2:97.6% BPM:71 [57 02 1E 26 C7 02 01 00 18 04 01 54]
46901,1.78931E+12,9/13/2026 20:39,SomniGuard,70.1,SpO2:97.6% BPM:70 [58 02 1E 26 BD 02 01 00 18 04 01 54]
46902,1.78931E+12,9/13/2026 20:39,SomniGuard,71.1,SpO2:97.6% BPM:71 [59 02 1E 26 C7 02 01 00 18 04 01 54]
46903,1.78931E+12,9/13/2026 20:39,SomniGuard,70.1,SpO2:97.6% BPM:70 [5A 02 1E 26 BD 02 01 00 18 04 01 54]
46904,1.78931E+12,9/13/2026 20:39,SomniGuard,71.1,SpO2:97.6% BPM:71 [5B 02 1E 26 C7 02 01 00 18 04 01 54]
46905,1.78931E+12,9/13/2026 20:39,SomniGuard,0,SOS [53 4F 53]
46906,1.78931E+12,9/13/2026 20:39,SomniGuard,0,SOS [01 11 04 00 00 00 00 00]
46907,1.78931E+12,9/13/2026 20:39,SomniGuard,70.1,SpO2:97.6% BPM:70 [5C 02 1E 26 BD 02 01 00 18 04 01 54]
46908,1.78931E+12,9/13/2026 20:39,SomniGuard,71.1,SpO2:97.6% BPM:71 [5D 02 1E 26 C7 02 01 00 18 04 01 54]
46909,1.78931E+12,9/13/2026 20:39,SomniGuard,70.1,SpO2:97.6% BPM:70 [5E 02 1E 26 BD 02 01 00 18 04 01 54]
46910,1.78931E+12,9/13/2026 20:39,SomniGuard,71.1,SpO2:97.6% BPM:71 [5F 02 1E 26 C7 02 01 00 18 04 01 54]
46911,1.78931E+12,9/13/2026 20:39,SomniGuard,70.1,SpO2:97.6% BPM:70 [60 02 1E 26 BD 02 01 00 18 04 01 54]
46912,1.78931E+12,9/13/2026 20:39,SomniGuard,71.1,SpO2:97.6% BPM:71 [61 02 1E 26 C7 02 01 00 18 04 01 54]
46913,1.78931E+12,9/13/2026 20:39,SomniGuard,70.1,SpO2:97.6% BPM:70 [62 02 1E 26 BD 02 01 00 18 04 01 54]
46914,1.78931E+12,9/13/2026 20:39,SomniGuard,71.1,SpO2:97.6% BPM:71 [63 02 1E 26 C7 02 01 00 18 04 01 54]
46915,1.78931E+12,9/13/2026 20:39,SomniGuard,70.1,SpO2:97.6% BPM:70 [64 02 1E 26 BD 02 01 00 18 04 01 54]
46916,1.78931E+12,9/13/2026 20:39,SomniGuard,71.1,SpO2:97.6% BPM:71 [65 02 1E 26 C7 02 01 00 18 04 01 54]
46917,1.78931E+12,9/13/2026 20:39,SomniGuard,70.1,SpO2:97.6% BPM:70 [66 02 1E 26 BD 02 01 00 18 04 01 54]
46918,1.78931E+12,9/13/2026 20:39,SomniGuard,71.1,SpO2:97.6% BPM:71 [67 02 1E 26 C7 02 01 00 18 04 01 54]
46919,1.78931E+12,9/13/2026 20:39,SomniGuard,70.1,SpO2:97.6% BPM:70 [68 02 1E 26 BD 02 01 00 18 04 01 54]
46920,1.78931E+12,9/13/2026 20:39,SomniGuard,71.1,SpO2:97.6% BPM:71 [69 02 1E 26 C7 02 01 00 18 04 01 54]
46921,1.78931E+12,9/13/2026 20:39,SomniGuard,70.1,SpO2:97.6% BPM:70 [6A 02 1E 26 BD 02 01 00 18 04 01 54]
46922,1.78931E+12,9/13/2026 20:39,SomniGuard,71.1,SpO2:97.6% BPM:71 [6B 02 1E 26 C7 02 01 00 18 03 00 54]
46923,1.78931E+12,9/13/2026 20:39,SomniGuard,70.1,SpO2:97.6% BPM:70 [6C 02 1E 26 BD 02 01 00 18 03 00 54]
46924,1.78931E+12,9/13/2026 20:39,SomniGuard,71.1,SpO2:97.6% BPM:71 [6D 02 1E 26 C7 02 01 00 18 03 00 54]
46925,1.78931E+12,9/13/2026 20:39,SomniGuard,70.1,SpO2:97.6% BPM:70 [6E 02 1E 26 BD 02 01 00 18 03 00 54]
46926,1.78931E+12,9/13/2026 20:39,SomniGuard,71.1,SpO2:97.6% BPM:71 [6F 02 1E 26 C7 02 01 00 18 03 00 54]
46927,1.78931E+12,9/13/2026 20:39,SomniGuard,70.1,SpO2:97.6% BPM:70 [70 02 1E 26 BD 02 01 00 18 03 00 54]
46928,1.78931E+12,9/13/2026 20:39,SomniGuard,71.1,SpO2:97.6% BPM:71 [71 02 1E 26 C7 02 01 00 18 03 00 54]
46929,1.78931E+12,9/13/2026 20:39,SomniGuard,70.1,SpO2:97.6% BPM:70 [72 02 1E 26 BD 02 01 00 18 03 00 54]
46930,1.78931E+12,9/13/2026 20:39,SomniGuard,71.1,SpO2:97.6% BPM:71 [73 02 1E 26 C7 02 01 00 18 03 00 54]
46931,1.78931E+12,9/13/2026 20:39,SomniGuard,70.1,SpO2:97.6% BPM:70 [74 02 1E 26 BD 02 01 00 18 03 00 54]
46932,1.78931E+12,9/13/2026 20:39,SomniGuard,71.1,SpO2:97.6% BPM:71 [75 02 1E 26 C7 02 01 00 18 03 00 54]
46933,1.78931E+12,9/13/2026 20:39,SomniGuard,70.1,SpO2:97.6% BPM:70 [76 02 1E 26 BD 02 01 00 18 03 00 54]
46934,1.78931E+12,9/13/2026 20:39,SomniGuard,71.1,SpO2:97.6% BPM:71 [77 02 1E 26 C7 02 01 00 18 03 00 54]
46935,1.78931E+12,9/13/2026 20:39,SomniGuard,70.1,SpO2:97.6% BPM:70 [78 02 1E 26 BD 02 01 00 18 03 00 54]
46936,1.78931E+12,9/13/2026 20:39,SomniGuard,71.1,SpO2:97.6% BPM:71 [79 02 1E 26 C7 02 01 00 18 03 00 54]
46937,1.78931E+12,9/13/2026 20:39,SomniGuard,70.1,SpO2:97.6% BPM:70 [7A 02 1E 26 BD 02 01 00 18 03 00 54]
46938,1.78931E+12,9/13/2026 20:39,SomniGuard,71.1,SpO2:97.6% BPM:71 [7B 02 1E 26 C7 02 01 00 18 03 00 54]
46939,1.78931E+12,9/13/2026 20:39,SomniGuard,70.1,SpO2:97.6% BPM:70 [7C 02 1E 26 BD 02 01 00 18 03 00 54]
46940,1.78931E+12,9/13/2026 20:39,SomniGuard,71.1,SpO2:97.6% BPM:71 [7D 02 1E 26 C7 02 01 00 18 03 00 54]
46941,1.78931E+12,9/13/2026 20:40,SomniGuard,70.1,SpO2:97.6% BPM:70 [7E 02 1E 26 BD 02 01 00 18 03 00 54]
46942,1.78931E+12,9/13/2026 20:40,SomniGuard,71.1,SpO2:97.6% BPM:71 [7F 02 1E 26 C7 02 01 00 18 03 00 54]
46943,1.78931E+12,9/13/2026 20:40,SomniGuard,70.1,SpO2:97.6% BPM:70 [80 02 1E 26 BD 02 01 00 18 03 00 54]
46944,1.78931E+12,9/13/2026 20:40,SomniGuard,71.1,SpO2:97.6% BPM:71 [81 02 1E 26 C7 02 01 00 18 03 00 54]
46945,1.78931E+12,9/13/2026 20:40,SomniGuard,70.1,SpO2:97.6% BPM:70 [82 02 1E 26 BD 02 01 00 18 03 00 54]
46946,1.78931E+12,9/13/2026 20:40,SomniGuard,71.1,SpO2:97.6% BPM:71 [83 02 1E 26 C7 02 01 00 18 03 00 54]
46947,1.78931E+12,9/13/2026 20:40,SomniGuard,70.1,SpO2:97.6% BPM:70 [84 02 1E 26 BD 02 01 00 18 03 00 54]
46948,1.78931E+12,9/13/2026 20:40,SomniGuard,71.1,SpO2:97.6% BPM:71 [85 02 1E 26 C7 02 01 00 18 03 00 54]
46949,1.78931E+12,9/13/2026 20:40,SomniGuard,70.1,SpO2:97.6% BPM:70 [86 02 1E 26 BD 02 01 00 18 03 00 54]
46950,1.78931E+12,9/13/2026 20:40,SomniGuard,71.1,SpO2:97.6% BPM:71 [87 02 1E 26 C7 02 01 00 18 03 00 54]
46951,1.78931E+12,9/13/2026 20:40,SomniGuard,70.1,SpO2:97.6% BPM:70 [88 02 1E 26 BD 02 01 00 18 03 01 54]
46952,1.78931E+12,9/13/2026 20:40,SomniGuard,71.1,SpO2:97.6% BPM:71 [89 02 1E 26 C7 02 01 00 18 03 01 54]
46953,1.78931E+12,9/13/2026 20:40,SomniGuard,70.1,SpO2:97.6% BPM:70 [8A 02 1E 26 BD 02 01 00 18 03 01 54]
46954,1.78931E+12,9/13/2026 20:40,SomniGuard,71.1,SpO2:97.6% BPM:71 [8B 02 1E 26 C7 02 01 00 18 03 01 54]
46955,1.78931E+12,9/13/2026 20:40,SomniGuard,70.1,SpO2:97.6% BPM:70 [8C 02 1E 26 BD 02 01 00 18 03 01 54]
46956,1.78931E+12,9/13/2026 20:40,SomniGuard,71.1,SpO2:97.6% BPM:71 [8D 02 1E 26 C7 02 01 00 18 03 01 54]
46957,1.78931E+12,9/13/2026 20:40,SomniGuard,70.1,SpO2:97.6% BPM:70 [8E 02 1E 26 BD 02 01 00 18 03 01 54]
46958,1.78931E+12,9/13/2026 20:40,SomniGuard,71.1,SpO2:97.6% BPM:71 [8F 02 1E 26 C7 02 01 00 18 03 01 54]
46959,1.78931E+12,9/13/2026 20:40,SomniGuard,70.1,SpO2:97.6% BPM:70 [90 02 1E 26 BD 02 01 00 18 03 01 54]
46960,1.78931E+12,9/13/2026 20:40,SomniGuard,71.1,SpO2:97.6% BPM:71 [91 02 1E 26 C7 02 01 00 18 03 01 54]
46961,1.78931E+12,9/13/2026 20:40,SomniGuard,70.1,SpO2:97.6% BPM:70 [92 02 1E 26 BD 02 01 00 18 03 01 54]
46962,1.78931E+12,9/13/2026 20:40,SomniGuard,71.1,SpO2:97.6% BPM:71 [93 02 1E 26 C7 02 01 00 18 03 01 54]
46963,1.78931E+12,9/13/2026 20:40,SomniGuard,70.1,SpO2:97.6% BPM:70 [94 02 1E 26 BD 02 01 00 18 03 01 54]
46964,1.78931E+12,9/13/2026 20:40,SomniGuard,71.1,SpO2:97.6% BPM:71 [95 02 1E 26 C7 02 01 00 18 03 01 54]
46965,1.78931E+12,9/13/2026 20:40,SomniGuard,70.1,SpO2:97.6% BPM:70 [96 02 1E 26 BD 02 01 00 18 03 01 54]
46966,1.78931E+12,9/13/2026 20:40,SomniGuard,71.1,SpO2:97.6% BPM:71 [97 02 1E 26 C7 02 01 00 18 03 01 54]
46967,1.78931E+12,9/13/2026 20:40,SomniGuard,70.1,SpO2:97.6% BPM:70 [98 02 1E 26 BD 02 01 00 18 03 01 54]
46968,1.78931E+12,9/13/2026 20:40,SomniGuard,71.1,SpO2:97.6% BPM:71 [99 02 1E 26 C7 02 01 00 18 03 01 54]
46969,1.78931E+12,9/13/2026 20:40,SomniGuard,70.1,SpO2:97.6% BPM:70 [9A 02 1E 26 BD 02 01 00 18 03 01 54]
46970,1.78931E+12,9/13/2026 20:40,SomniGuard,71.1,SpO2:97.6% BPM:71 [9B 02 1E 26 C7 02 01 00 18 03 01 54]
46971,1.78931E+12,9/13/2026 20:40,SomniGuard,70.1,SpO2:97.6% BPM:70 [9C 02 1E 26 BD 02 01 00 18 03 01 54]
46972,1.78931E+12,9/13/2026 20:40,SomniGuard,71.1,SpO2:97.6% BPM:71 [9D 02 1E 26 C7 02 01 00 18 03 01 54]
46973,1.78931E+12,9/13/2026 20:40,SomniGuard,70.1,SpO2:97.6% BPM:70 [9E 02 1E 26 BD 02 01 00 18 03 01 54]
46974,1.78931E+12,9/13/2026 20:40,SomniGuard,71.1,SpO2:97.6% BPM:71 [9F 02 1E 26 C7 02 01 00 18 03 01 54]
46975,1.78931E+12,9/13/2026 20:40,SomniGuard,70.1,SpO2:97.6% BPM:70 [A0 02 1E 26 BD 02 01 00 18 03 01 54]
46976,1.78931E+12,9/13/2026 20:40,SomniGuard,71.1,SpO2:97.6% BPM:71 [A1 02 1E 26 C7 02 01 00 18 03 01 54]
46977,1.78931E+12,9/13/2026 20:40,SomniGuard,70.1,SpO2:97.6% BPM:70 [A2 02 1E 26 BD 02 01 00 18 03 01 54]
46978,1.78931E+12,9/13/2026 20:40,SomniGuard,71.1,SpO2:97.6% BPM:71 [A3 02 1E 26 C7 02 01 00 18 03 01 54]
46979,1.78931E+12,9/13/2026 20:40,SomniGuard,70.1,SpO2:97.6% BPM:70 [A4 02 1E 26 BD 02 01 00 18 03 01 54]
46980,1.78931E+12,9/13/2026 20:40,SomniGuard,71.1,SpO2:97.6% BPM:71 [A5 02 1E 26 C7 02 01 00 18 03 01 54]
46981,1.78931E+12,9/13/2026 20:40,SomniGuard,70.1,SpO2:97.6% BPM:70 [A6 02 1E 26 BD 02 01 00 18 03 01 54]
46982,1.78931E+12,9/13/2026 20:40,SomniGuard,71.1,SpO2:97.6% BPM:71 [A7 02 1E 26 C7 02 01 00 18 03 01 54]
46983,1.78931E+12,9/13/2026 20:40,SomniGuard,70.1,SpO2:97.6% BPM:70 [A8 02 1E 26 BD 02 01 00 18 03 01 54]
46984,1.78931E+12,9/13/2026 20:40,SomniGuard,71.1,SpO2:97.6% BPM:71 [A9 02 1E 26 C7 02 01 00 18 03 01 54]
46985,1.78931E+12,9/13/2026 20:40,SomniGuard,70.1,SpO2:97.6% BPM:70 [AA 02 1E 26 BD 02 01 00 18 03 01 54]
46986,1.78931E+12,9/13/2026 20:40,SomniGuard,71.1,SpO2:97.6% BPM:71 [AB 02 1E 26 C7 02 01 00 18 03 01 54]
46987,1.78931E+12,9/13/2026 20:40,SomniGuard,70.1,SpO2:97.6% BPM:70 [AC 02 1E 26 BD 02 01 00 18 03 01 54]
46988,1.78931E+12,9/13/2026 20:40,SomniGuard,71.1,SpO2:97.6% BPM:71 [AD 02 1E 26 C7 02 01 00 18 03 01 54]
46989,1.78931E+12,9/13/2026 20:40,SomniGuard,70.1,SpO2:97.6% BPM:70 [AE 02 1E 26 BD 02 01 00 18 03 01 54]
46990,1.78931E+12,9/13/2026 20:40,SomniGuard,71.1,SpO2:97.6% BPM:71 [AF 02 1E 26 C7 02 01 00 18 03 01 54]
46991,1.78931E+12,9/13/2026 20:40,SomniGuard,70.1,SpO2:97.6% BPM:70 [B0 02 1E 26 BD 02 01 00 18 03 01 54]
46992,1.78931E+12,9/13/2026 20:40,SomniGuard,71.1,SpO2:97.6% BPM:71 [B1 02 1E 26 C7 02 01 00 18 03 01 54]
46993,1.78931E+12,9/13/2026 20:40,SomniGuard,70.1,SpO2:97.6% BPM:70 [B2 02 1E 26 BD 02 01 00 18 03 01 54]
46994,1.78931E+12,9/13/2026 20:40,SomniGuard,71.1,SpO2:97.6% BPM:71 [B3 02 1E 26 C7 02 01 00 18 03 01 54]
46995,1.78931E+12,9/13/2026 20:40,SomniGuard,70.1,SpO2:97.6% BPM:70 [B4 02 1E 26 BD 02 01 00 18 03 01 54]
46996,1.78931E+12,9/13/2026 20:40,SomniGuard,71.1,SpO2:97.6% BPM:71 [B5 02 1E 26 C7 02 01 00 18 03 01 54]
46997,1.78931E+12,9/13/2026 20:40,SomniGuard,70.1,SpO2:97.6% BPM:70 [B6 02 1E 26 BD 02 01 00 18 03 01 54]
46998,1.78931E+12,9/13/2026 20:40,SomniGuard,71.1,SpO2:97.6% BPM:71 [B7 02 1E 26 C7 02 01 00 18 03 01 54]
46999,1.78931E+12,9/13/2026 20:40,SomniGuard,70.1,SpO2:97.6% BPM:70 [B8 02 1E 26 BD 02 01 00 18 03 01 54]
47000,1.78931E+12,9/13/2026 20:40,SomniGuard,71.1,SpO2:97.6% BPM:71 [B9 02 1E 26 C7 02 01 00 18 03 01 54]
47001,1.78931E+12,9/13/2026 20:41,SomniGuard,70.1,SpO2:97.6% BPM:70 [BA 02 1E 26 BD 02 01 00 18 03 01 54]
47002,1.78931E+12,9/13/2026 20:41,SomniGuard,71.1,SpO2:97.6% BPM:71 [BB 02 1E 26 C7 02 01 00 18 03 01 54]
47003,1.78931E+12,9/13/2026 20:41,SomniGuard,70.1,SpO2:97.6% BPM:70 [BC 02 1E 26 BD 02 01 00 18 03 01 54]
47004,1.78931E+12,9/13/2026 20:41,SomniGuard,71.1,SpO2:97.6% BPM:71 [BD 02 1E 26 C7 02 01 00 18 03 01 54]
47005,1.78931E+12,9/13/2026 20:41,SomniGuard,70.1,SpO2:97.6% BPM:70 [BE 02 1E 26 BD 02 01 00 18 03 01 54]
47006,1.78931E+12,9/13/2026 20:41,SomniGuard,71.1,SpO2:97.6% BPM:71 [BF 02 1E 26 C7 02 01 00 18 03 01 54]
47007,1.78931E+12,9/13/2026 20:41,SomniGuard,70.1,SpO2:97.6% BPM:70 [C0 02 1E 26 BD 02 01 00 18 03 01 54]
47008,1.78931E+12,9/13/2026 20:41,SomniGuard,71.1,SpO2:97.6% BPM:71 [C1 02 1E 26 C7 02 01 00 18 03 01 54]
47009,1.78931E+12,9/13/2026 20:41,SomniGuard,70.1,SpO2:97.6% BPM:70 [C2 02 1E 26 BD 02 01 00 18 03 01 54]
47010,1.78931E+12,9/13/2026 20:41,SomniGuard,71.1,SpO2:97.6% BPM:71 [C3 02 1E 26 C7 02 01 00 18 03 01 54]
47011,1.78931E+12,9/13/2026 20:41,SomniGuard,70.1,SpO2:97.6% BPM:70 [C4 02 1E 26 BD 02 01 00 18 03 01 54]
47012,1.78931E+12,9/13/2026 20:41,SomniGuard,71.1,SpO2:97.6% BPM:71 [C5 02 1E 26 C7 02 01 00 18 03 01 54]
47013,1.78931E+12,9/13/2026 20:41,SomniGuard,70.1,SpO2:97.6% BPM:70 [C6 02 1E 26 BD 02 01 00 18 03 01 54]
47014,1.78931E+12,9/13/2026 20:41,SomniGuard,71.1,SpO2:97.6% BPM:71 [C7 02 1E 26 C7 02 01 00 18 03 01 54]
47015,1.78931E+12,9/13/2026 20:41,SomniGuard,70.1,SpO2:97.6% BPM:70 [C8 02 1E 26 BD 02 01 00 18 03 01 54]
47016,1.78931E+12,9/13/2026 20:41,SomniGuard,71.1,SpO2:97.6% BPM:71 [C9 02 1E 26 C7 02 01 00 18 03 01 54]
47017,1.78931E+12,9/13/2026 20:41,SomniGuard,70.1,SpO2:97.6% BPM:70 [CA 02 1E 26 BD 02 01 00 18 03 01 54]
47018,1.78931E+12,9/13/2026 20:41,SomniGuard,71.1,SpO2:97.6% BPM:71 [CB 02 1E 26 C7 02 01 00 18 03 01 54]
47019,1.78931E+12,9/13/2026 20:41,SomniGuard,70.1,SpO2:97.6% BPM:70 [CC 02 1E 26 BD 02 01 00 18 03 01 54]
47020,1.78931E+12,9/13/2026 20:41,SomniGuard,71.1,SpO2:97.6% BPM:71 [CD 02 1E 26 C7 02 01 00 18 03 01 54]
47021,1.78931E+12,9/13/2026 20:41,SomniGuard,70.1,SpO2:97.6% BPM:70 [CE 02 1E 26 BD 02 01 00 18 03 01 54]
47022,1.78931E+12,9/13/2026 20:41,SomniGuard,71.1,SpO2:97.6% BPM:71 [CF 02 1E 26 C7 02 01 00 18 03 01 54]
47023,1.78931E+12,9/13/2026 20:41,SomniGuard,70.1,SpO2:97.6% BPM:70 [D0 02 1E 26 BD 02 01 00 18 03 01 54]
47024,1.78931E+12,9/13/2026 20:41,SomniGuard,71.1,SpO2:97.6% BPM:71 [D1 02 1E 26 C7 02 01 00 18 03 01 54]
47025,1.78931E+12,9/13/2026 20:41,SomniGuard,70.1,SpO2:97.6% BPM:70 [D2 02 1E 26 BD 02 01 00 18 03 01 54]
47026,1.78931E+12,9/13/2026 20:41,SomniGuard,71.1,SpO2:97.6% BPM:71 [D3 02 1E 26 C7 02 01 00 18 03 01 54]
47027,1.78931E+12,9/13/2026 20:41,SomniGuard,70.1,SpO2:97.6% BPM:70 [D4 02 1E 26 BD 02 01 00 18 03 01 54]
47028,1.78931E+12,9/13/2026 20:41,SomniGuard,71.1,SpO2:97.6% BPM:71 [D5 02 1E 26 C7 02 01 00 18 03 01 54]
47029,1.78931E+12,9/13/2026 20:41,SomniGuard,70.1,SpO2:97.6% BPM:70 [D6 02 1E 26 BD 02 01 00 18 03 01 54]
47030,1.78931E+12,9/13/2026 20:41,SomniGuard,71.1,SpO2:97.6% BPM:71 [D7 02 1E 26 C7 02 01 00 18 03 01 54]
47031,1.78931E+12,9/13/2026 20:41,SomniGuard,70.1,SpO2:97.6% BPM:70 [D8 02 1E 26 BD 02 01 00 18 03 01 54]
47032,1.78931E+12,9/13/2026 20:41,SomniGuard,71.1,SpO2:97.6% BPM:71 [D9 02 1E 26 C7 02 01 00 18 03 01 54]
47033,1.78931E+12,9/13/2026 20:41,SomniGuard,70.1,SpO2:97.6% BPM:70 [DA 02 1E 26 BD 02 01 00 18 03 01 54]
47034,1.78931E+12,9/13/2026 20:41,SomniGuard,71.1,SpO2:97.6% BPM:71 [DB 02 1E 26 C7 02 01 00 18 03 01 54]
47035,1.78931E+12,9/13/2026 20:41,SomniGuard,70.1,SpO2:97.6% BPM:70 [DC 02 1E 26 BD 02 01 00 18 03 01 54]
47036,1.78931E+12,9/13/2026 20:41,SomniGuard,71.1,SpO2:97.6% BPM:71 [DD 02 1E 26 C7 02 01 00 18 03 01 54]
47037,1.78931E+12,9/13/2026 20:41,SomniGuard,70.1,SpO2:97.6% BPM:70 [DE 02 1E 26 BD 02 01 00 18 03 01 54]
47038,1.78931E+12,9/13/2026 20:41,SomniGuard,71.1,SpO2:97.6% BPM:71 [DF 02 1E 26 C7 02 01 00 18 03 01 54]
47039,1.78931E+12,9/13/2026 20:41,SomniGuard,70.1,SpO2:97.6% BPM:70 [E0 02 1E 26 BD 02 01 00 18 03 01 54]
47040,1.78931E+12,9/13/2026 20:41,SomniGuard,71.1,SpO2:97.6% BPM:71 [E1 02 1E 26 C7 02 01 00 18 03 01 54]
47041,1.78931E+12,9/13/2026 20:41,SomniGuard,70.1,SpO2:97.6% BPM:70 [E2 02 1E 26 BD 02 01 00 18 03 01 54]
47042,1.78931E+12,9/13/2026 20:41,SomniGuard,71.1,SpO2:97.6% BPM:71 [E3 02 1E 26 C7 02 01 00 18 03 01 54]
47043,1.78931E+12,9/13/2026 20:41,SomniGuard,70.1,SpO2:97.6% BPM:70 [E4 02 1E 26 BD 02 01 00 18 03 01 54]
47044,1.78931E+12,9/13/2026 20:41,SomniGuard,71.1,SpO2:97.6% BPM:71 [E5 02 1E 26 C7 02 01 00 18 03 01 54]
47045,1.78931E+12,9/13/2026 20:41,SomniGuard,70.1,SpO2:97.6% BPM:70 [E6 02 1E 26 BD 02 01 00 18 03 01 54]
47046,1.78931E+12,9/13/2026 20:41,SomniGuard,71.1,SpO2:97.6% BPM:71 [E7 02 1E 26 C7 02 01 00 18 03 01 54]
47047,1.78931E+12,9/13/2026 20:41,SomniGuard,70.1,SpO2:97.6% BPM:70 [E8 02 1E 26 BD 02 01 00 18 03 01 54]
47048,1.78931E+12,9/13/2026 20:41,SomniGuard,71.1,SpO2:97.6% BPM:71 [E9 02 1E 26 C7 02 01 00 18 03 01 54]
47049,1.78931E+12,9/13/2026 20:41,SomniGuard,70.1,SpO2:97.6% BPM:70 [EA 02 1E 26 BD 02 01 00 18 03 01 54]
47050,1.78931E+12,9/13/2026 20:41,SomniGuard,71.1,SpO2:97.6% BPM:71 [EB 02 1E 26 C7 02 01 00 18 03 01 54]
47051,1.78931E+12,9/13/2026 20:41,SomniGuard,70.1,SpO2:97.6% BPM:70 [EC 02 1E 26 BD 02 01 00 18 03 01 54]
47052,1.78931E+12,9/13/2026 20:41,SomniGuard,71.1,SpO2:97.6% BPM:71 [ED 02 1E 26 C7 02 01 00 18 03 01 54]
47053,1.78931E+12,9/13/2026 20:41,SomniGuard,70.6,SpO2:97.8% BPM:71 [EE 02 37 26 C2 02 01 00 18 03 01 54]
47054,1.78931E+12,9/13/2026 20:41,SomniGuard,71.6,SpO2:97.8% BPM:72 [EF 02 37 26 CC 02 01 00 18 03 01 54]
47055,1.78931E+12,9/13/2026 20:41,SomniGuard,70.6,SpO2:97.8% BPM:71 [F0 02 37 26 C2 02 01 00 18 03 01 54]
47056,1.78931E+12,9/13/2026 20:41,SomniGuard,71.1,SpO2:97.6% BPM:71 [F1 02 1E 26 C7 02 01 00 18 03 01 54]
47057,1.78931E+12,9/13/2026 20:41,SomniGuard,70.1,SpO2:97.6% BPM:70 [F2 02 1E 26 BD 02 01 00 18 03 01 54]
47058,1.78931E+12,9/13/2026 20:41,SomniGuard,71.6,SpO2:97.8% BPM:72 [F3 02 37 26 CC 02 01 00 18 03 01 54]
47059,1.78931E+12,9/13/2026 20:41,SomniGuard,70.6,SpO2:97.8% BPM:71 [F4 02 37 26 C2 02 01 00 18 03 01 54]
47060,1.78931E+12,9/13/2026 20:42,SomniGuard,71.6,SpO2:97.8% BPM:72 [F5 02 37 26 CC 02 01 00 18 03 01 54]
47061,1.78931E+12,9/13/2026 20:42,SomniGuard,70.6,SpO2:97.8% BPM:71 [F6 02 37 26 C2 02 01 00 18 03 01 54]
47062,1.78931E+12,9/13/2026 20:42,SomniGuard,71.6,SpO2:97.8% BPM:72 [F7 02 37 26 CC 02 01 00 18 03 01 54]
47063,1.78931E+12,9/13/2026 20:42,SomniGuard,70.6,SpO2:97.8% BPM:71 [F8 02 37 26 C2 02 01 00 18 03 01 54]
47064,1.78931E+12,9/13/2026 20:42,SomniGuard,71.6,SpO2:97.8% BPM:72 [F9 02 37 26 CC 02 01 00 18 03 01 54]
47065,1.78931E+12,9/13/2026 20:42,SomniGuard,70.6,SpO2:97.8% BPM:71 [FA 02 37 26 C2 02 01 00 18 03 01 54]
47066,1.78931E+12,9/13/2026 20:42,SomniGuard,71.6,SpO2:97.8% BPM:72 [FB 02 37 26 CC 02 01 00 18 03 01 54]
47067,1.78931E+12,9/13/2026 20:42,SomniGuard,70.6,SpO2:97.8% BPM:71 [FC 02 37 26 C2 02 01 00 18 03 01 54]
47068,1.78931E+12,9/13/2026 20:42,SomniGuard,71.6,SpO2:97.8% BPM:72 [FD 02 37 26 CC 02 01 00 18 03 01 54]
47069,1.78931E+12,9/13/2026 20:42,SomniGuard,70.6,SpO2:97.8% BPM:71 [FE 02 37 26 C2 02 01 00 18 03 01 54]
47070,1.78931E+12,9/13/2026 20:42,SomniGuard,71.6,SpO2:97.8% BPM:72 [FF 02 37 26 CC 02 01 00 18 03 01 54]
47071,1.78931E+12,9/13/2026 20:42,SomniGuard,70.6,SpO2:97.8% BPM:71 [00 03 37 26 C2 02 01 00 18 03 01 54]
47072,1.78931E+12,9/13/2026 20:42,SomniGuard,71.6,SpO2:97.8% BPM:72 [01 03 37 26 CC 02 01 00 18 03 01 54]
47073,1.78931E+12,9/13/2026 20:42,SomniGuard,70.6,SpO2:97.8% BPM:71 [02 03 37 26 C2 02 01 00 18 03 01 54]
47074,1.78931E+12,9/13/2026 20:42,SomniGuard,71.6,SpO2:97.8% BPM:72 [03 03 37 26 CC 02 01 00 18 03 01 54]
47075,1.78931E+12,9/13/2026 20:42,SomniGuard,70.6,SpO2:97.8% BPM:71 [04 03 37 26 C2 02 01 00 18 03 01 54]
47076,1.78931E+12,9/13/2026 20:42,SomniGuard,71.6,SpO2:97.8% BPM:72 [05 03 37 26 CC 02 01 00 18 03 01 54]
47077,1.78931E+12,9/13/2026 20:42,SomniGuard,70.6,SpO2:97.8% BPM:71 [06 03 37 26 C2 02 01 00 18 03 01 54]
47078,1.78931E+12,9/13/2026 20:42,SomniGuard,71.6,SpO2:97.8% BPM:72 [07 03 37 26 CC 02 01 00 18 03 01 54]
47079,1.78931E+12,9/13/2026 20:42,SomniGuard,70.6,SpO2:97.8% BPM:71 [08 03 37 26 C2 02 01 00 18 03 01 54]
47080,1.78931E+12,9/13/2026 20:42,SomniGuard,71.6,SpO2:97.8% BPM:72 [09 03 37 26 CC 02 01 00 18 03 01 54]
47081,1.78931E+12,9/13/2026 20:42,SomniGuard,70.6,SpO2:97.8% BPM:71 [0A 03 37 26 C2 02 01 00 18 03 01 54]
47082,1.78931E+12,9/13/2026 20:42,SomniGuard,71.6,SpO2:97.8% BPM:72 [0B 03 37 26 CC 02 01 00 18 03 01 54]
47083,1.78931E+12,9/13/2026 20:42,SomniGuard,70.6,SpO2:97.8% BPM:71 [0C 03 37 26 C2 02 01 00 18 03 01 54]
47084,1.78931E+12,9/13/2026 20:42,SomniGuard,71.6,SpO2:97.8% BPM:72 [0D 03 37 26 CC 02 01 00 18 03 01 54]
47085,1.78931E+12,9/13/2026 20:42,SomniGuard,70.6,SpO2:97.8% BPM:71 [0E 03 37 26 C2 02 01 00 18 03 01 54]
47086,1.78931E+12,9/13/2026 20:42,SomniGuard,71.6,SpO2:97.8% BPM:72 [0F 03 37 26 CC 02 01 00 18 03 01 54]
47087,1.78931E+12,9/13/2026 20:42,SomniGuard,70.6,SpO2:97.8% BPM:71 [10 03 37 26 C2 02 01 00 18 03 01 54]
47088,1.78931E+12,9/13/2026 20:42,SomniGuard,71.6,SpO2:97.8% BPM:72 [11 03 37 26 CC 02 01 00 18 03 01 54]
47089,1.78931E+12,9/13/2026 20:42,SomniGuard,70.6,SpO2:97.8% BPM:71 [12 03 37 26 C2 02 01 00 18 03 01 54]
47090,1.78931E+12,9/13/2026 20:42,SomniGuard,71.6,SpO2:97.8% BPM:72 [13 03 37 26 CC 02 01 00 18 03 01 54]
47091,1.78931E+12,9/13/2026 20:42,SomniGuard,70.6,SpO2:97.8% BPM:71 [14 03 37 26 C2 02 01 00 18 03 01 54]
47092,1.78931E+12,9/13/2026 20:42,SomniGuard,71.6,SpO2:97.8% BPM:72 [15 03 37 26 CC 02 01 00 18 03 01 54]
47093,1.78931E+12,9/13/2026 20:42,SomniGuard,70.6,SpO2:97.8% BPM:71 [16 03 37 26 C2 02 01 00 18 03 01 54]
47094,1.78931E+12,9/13/2026 20:42,SomniGuard,71.6,SpO2:97.8% BPM:72 [17 03 37 26 CC 02 01 00 18 03 01 54]
47095,1.78931E+12,9/13/2026 20:42,SomniGuard,70.6,SpO2:97.8% BPM:71 [18 03 37 26 C2 02 01 00 18 03 01 54]
47096,1.78931E+12,9/13/2026 20:42,SomniGuard,71.6,SpO2:97.8% BPM:72 [19 03 37 26 CC 02 01 00 18 03 01 54]
47097,1.78931E+12,9/13/2026 20:42,SomniGuard,70.6,SpO2:97.8% BPM:71 [1A 03 37 26 C2 02 01 00 18 03 01 54]
47098,1.78931E+12,9/13/2026 20:42,SomniGuard,71.6,SpO2:97.8% BPM:72 [1B 03 37 26 CC 02 01 00 18 03 01 54]
47099,1.78931E+12,9/13/2026 20:42,SomniGuard,70.6,SpO2:97.8% BPM:71 [1C 03 37 26 C2 02 01 00 18 03 01 54]
47100,1.78931E+12,9/13/2026 20:42,SomniGuard,71.6,SpO2:97.8% BPM:72 [1D 03 37 26 CC 02 01 00 18 03 01 54]
47101,1.78931E+12,9/13/2026 20:42,SomniGuard,70.6,SpO2:97.8% BPM:71 [1E 03 37 26 C2 02 01 00 18 03 01 54]
47102,1.78931E+12,9/13/2026 20:42,SomniGuard,71.6,SpO2:97.8% BPM:72 [1F 03 37 26 CC 02 01 00 18 03 01 54]
47103,1.78931E+12,9/13/2026 20:42,SomniGuard,70.6,SpO2:97.8% BPM:71 [20 03 37 26 C2 02 01 00 18 03 01 54]
47104,1.78931E+12,9/13/2026 20:42,SomniGuard,71.6,SpO2:97.8% BPM:72 [21 03 37 26 CC 02 01 00 18 03 01 54]
47105,1.78931E+12,9/13/2026 20:42,SomniGuard,70.6,SpO2:97.8% BPM:71 [22 03 37 26 C2 02 01 00 18 03 01 54]
47106,1.78931E+12,9/13/2026 20:42,SomniGuard,71.6,SpO2:97.8% BPM:72 [23 03 37 26 CC 02 01 00 18 03 01 54]
47107,1.78931E+12,9/13/2026 20:42,SomniGuard,70.6,SpO2:97.8% BPM:71 [24 03 37 26 C2 02 01 00 18 03 01 54]
47108,1.78931E+12,9/13/2026 20:42,SomniGuard,71.6,SpO2:97.8% BPM:72 [25 03 37 26 CC 02 01 00 18 03 01 54]
47109,1.78931E+12,9/13/2026 20:42,SomniGuard,70.6,SpO2:97.8% BPM:71 [26 03 37 26 C2 02 01 00 18 03 01 54]
47110,1.78931E+12,9/13/2026 20:42,SomniGuard,71.6,SpO2:97.8% BPM:72 [27 03 37 26 CC 02 01 00 18 03 01 54]
47111,1.78931E+12,9/13/2026 20:42,SomniGuard,70.6,SpO2:97.8% BPM:71 [28 03 37 26 C2 02 01 00 18 03 01 54]
47112,1.78931E+12,9/13/2026 20:42,SomniGuard,71.6,SpO2:97.8% BPM:72 [29 03 37 26 CC 02 01 00 18 03 01 54]
47113,1.78931E+12,9/13/2026 20:42,SomniGuard,70.6,SpO2:97.8% BPM:71 [2A 03 37 26 C2 02 01 00 18 03 01 54]
47114,1.78931E+12,9/13/2026 20:42,SomniGuard,71.6,SpO2:97.8% BPM:72 [2B 03 37 26 CC 02 01 00 18 03 01 54]
47115,1.78931E+12,9/13/2026 20:42,SomniGuard,70.6,SpO2:97.8% BPM:71 [2C 03 37 26 C2 02 01 00 18 03 01 54]
47116,1.78931E+12,9/13/2026 20:42,SomniGuard,71.6,SpO2:97.8% BPM:72 [2D 03 37 26 CC 02 01 00 18 03 01 54]
47117,1.78931E+12,9/13/2026 20:42,SomniGuard,70.6,SpO2:97.8% BPM:71 [2E 03 37 26 C2 02 01 00 18 03 01 54]
47118,1.78931E+12,9/13/2026 20:42,SomniGuard,71.6,SpO2:97.8% BPM:72 [2F 03 37 26 CC 02 01 00 18 03 01 54]
47119,1.78931E+12,9/13/2026 20:42,SomniGuard,70.6,SpO2:97.8% BPM:71 [30 03 37 26 C2 02 01 00 18 03 01 54]
47120,1.78931E+12,9/13/2026 20:43,SomniGuard,71.6,SpO2:97.8% BPM:72 [31 03 37 26 CC 02 01 00 18 03 01 54]
47121,1.78931E+12,9/13/2026 20:43,SomniGuard,70.6,SpO2:97.8% BPM:71 [32 03 37 26 C2 02 01 00 18 03 01 54]
47122,1.78931E+12,9/13/2026 20:43,SomniGuard,71.6,SpO2:97.8% BPM:72 [33 03 37 26 CC 02 01 00 18 03 01 54]
47123,1.78931E+12,9/13/2026 20:43,SomniGuard,70.6,SpO2:97.8% BPM:71 [34 03 37 26 C2 02 01 00 18 03 01 54]
47124,1.78931E+12,9/13/2026 20:43,SomniGuard,71.6,SpO2:97.8% BPM:72 [35 03 37 26 CC 02 01 00 18 03 01 54]
47125,1.78931E+12,9/13/2026 20:43,SomniGuard,70.6,SpO2:97.8% BPM:71 [36 03 37 26 C2 02 01 00 18 03 01 54]
47126,1.78931E+12,9/13/2026 20:43,SomniGuard,71.6,SpO2:97.8% BPM:72 [37 03 37 26 CC 02 01 00 18 03 01 54]
47127,1.78931E+12,9/13/2026 20:43,SomniGuard,70.6,SpO2:97.8% BPM:71 [38 03 37 26 C2 02 01 00 18 03 01 54]
47128,1.78931E+12,9/13/2026 20:43,SomniGuard,71.6,SpO2:97.8% BPM:72 [39 03 37 26 CC 02 01 00 18 03 01 54]
47129,1.78931E+12,9/13/2026 20:43,SomniGuard,70.6,SpO2:97.8% BPM:71 [3A 03 37 26 C2 02 01 00 18 03 01 54]
47130,1.78931E+12,9/13/2026 20:43,SomniGuard,71.6,SpO2:97.8% BPM:72 [3B 03 37 26 CC 02 01 00 18 03 01 54]
47131,1.78931E+12,9/13/2026 20:43,SomniGuard,70.6,SpO2:97.8% BPM:71 [3C 03 37 26 C2 02 01 00 18 03 01 54]
47132,1.78931E+12,9/13/2026 20:43,SomniGuard,71.6,SpO2:97.8% BPM:72 [3D 03 37 26 CC 02 01 00 18 03 01 54]
47133,1.78931E+12,9/13/2026 20:43,SomniGuard,70.6,SpO2:97.8% BPM:71 [3E 03 37 26 C2 02 01 00 18 03 01 54]
47134,1.78931E+12,9/13/2026 20:43,SomniGuard,71.6,SpO2:97.8% BPM:72 [3F 03 37 26 CC 02 01 00 18 03 01 54]
47135,1.78931E+12,9/13/2026 20:43,SomniGuard,70.6,SpO2:97.8% BPM:71 [40 03 37 26 C2 02 01 00 18 03 01 54]
47136,1.78931E+12,9/13/2026 20:43,SomniGuard,71.6,SpO2:97.8% BPM:72 [41 03 37 26 CC 02 01 00 18 03 01 54]
47137,1.78931E+12,9/13/2026 20:43,SomniGuard,70.6,SpO2:97.8% BPM:71 [42 03 37 26 C2 02 01 00 18 03 01 54]
47138,1.78931E+12,9/13/2026 20:43,SomniGuard,71.6,SpO2:97.8% BPM:72 [43 03 37 26 CC 02 01 00 18 03 01 54]
47139,1.78931E+12,9/13/2026 20:43,SomniGuard,70.6,SpO2:97.8% BPM:71 [44 03 37 26 C2 02 01 00 18 03 01 54]
47140,1.78931E+12,9/13/2026 20:43,SomniGuard,71.6,SpO2:97.8% BPM:72 [45 03 37 26 CC 02 01 00 18 03 01 54]
47141,1.78931E+12,9/13/2026 20:43,SomniGuard,70.6,SpO2:97.8% BPM:71 [46 03 37 26 C2 02 01 00 18 03 01 54]
47142,1.78931E+12,9/13/2026 20:43,SomniGuard,71.6,SpO2:97.8% BPM:72 [47 03 37 26 CC 02 01 00 18 03 01 54]
47143,1.78931E+12,9/13/2026 20:43,SomniGuard,70.6,SpO2:97.8% BPM:71 [48 03 37 26 C2 02 01 00 18 03 01 54]
47144,1.78931E+12,9/13/2026 20:43,SomniGuard,71.6,SpO2:97.8% BPM:72 [49 03 37 26 CC 02 01 00 18 03 01 54]
47145,1.78931E+12,9/13/2026 20:43,SomniGuard,70.6,SpO2:97.8% BPM:71 [4A 03 37 26 C2 02 01 00 18 03 01 54]
47146,1.78931E+12,9/13/2026 20:43,SomniGuard,71.6,SpO2:97.8% BPM:72 [4B 03 37 26 CC 02 01 00 18 03 01 54]
47147,1.78931E+12,9/13/2026 20:43,SomniGuard,70.6,SpO2:97.8% BPM:71 [4C 03 37 26 C2 02 01 00 18 03 01 54]
47148,1.78931E+12,9/13/2026 20:43,SomniGuard,71.6,SpO2:97.8% BPM:72 [4D 03 37 26 CC 02 01 00 18 03 01 54]
47149,1.78931E+12,9/13/2026 20:43,SomniGuard,70.6,SpO2:97.8% BPM:71 [4E 03 37 26 C2 02 01 00 18 03 01 54]
47150,1.78931E+12,9/13/2026 20:43,SomniGuard,71.6,SpO2:97.8% BPM:72 [4F 03 37 26 CC 02 01 00 18 03 01 54]
47151,1.78931E+12,9/13/2026 20:43,SomniGuard,70.6,SpO2:97.8% BPM:71 [50 03 37 26 C2 02 01 00 18 03 01 54]
47152,1.78931E+12,9/13/2026 20:43,SomniGuard,71.6,SpO2:97.8% BPM:72 [51 03 37 26 CC 02 01 00 18 03 01 54]
47153,1.78931E+12,9/13/2026 20:43,SomniGuard,70.6,SpO2:97.8% BPM:71 [52 03 37 26 C2 02 01 00 18 03 01 54]
47154,1.78931E+12,9/13/2026 20:43,SomniGuard,71.6,SpO2:97.8% BPM:72 [53 03 37 26 CC 02 01 00 18 03 01 54]
47155,1.78931E+12,9/13/2026 20:43,SomniGuard,70.6,SpO2:97.8% BPM:71 [54 03 37 26 C2 02 01 00 18 03 01 54]
47156,1.78931E+12,9/13/2026 20:43,SomniGuard,71.6,SpO2:97.8% BPM:72 [55 03 37 26 CC 02 01 00 18 03 01 54]
47157,1.78931E+12,9/13/2026 20:43,SomniGuard,70.6,SpO2:97.8% BPM:71 [56 03 37 26 C2 02 01 00 18 03 01 54]
47158,1.78931E+12,9/13/2026 20:43,SomniGuard,71.6,SpO2:97.8% BPM:72 [57 03 37 26 CC 02 01 00 18 03 01 54]
47159,1.78931E+12,9/13/2026 20:43,SomniGuard,70.6,SpO2:97.8% BPM:71 [58 03 37 26 C2 02 01 00 18 03 01 54]
47160,1.78931E+12,9/13/2026 20:43,SomniGuard,71.6,SpO2:97.8% BPM:72 [59 03 37 26 CC 02 01 00 18 03 01 54]
47161,1.78931E+12,9/13/2026 20:43,SomniGuard,70.6,SpO2:97.8% BPM:71 [5A 03 37 26 C2 02 01 00 18 03 01 54]
47162,1.78931E+12,9/13/2026 20:43,SomniGuard,71.6,SpO2:97.8% BPM:72 [5B 03 37 26 CC 02 01 00 18 03 01 54]
47163,1.78931E+12,9/13/2026 20:43,SomniGuard,70.6,SpO2:97.8% BPM:71 [5C 03 37 26 C2 02 01 00 18 03 01 54]
47164,1.78931E+12,9/13/2026 20:43,SomniGuard,71.6,SpO2:97.8% BPM:72 [5D 03 37 26 CC 02 01 00 18 03 01 54]
47165,1.78931E+12,9/13/2026 20:43,SomniGuard,70.6,SpO2:97.8% BPM:71 [5E 03 37 26 C2 02 01 00 18 03 01 54]
47166,1.78931E+12,9/13/2026 20:43,SomniGuard,71.6,SpO2:97.8% BPM:72 [5F 03 37 26 CC 02 01 00 18 03 01 54]
47167,1.78931E+12,9/13/2026 20:43,SomniGuard,70.6,SpO2:97.8% BPM:71 [60 03 37 26 C2 02 01 00 18 03 01 54]
47168,1.78931E+12,9/13/2026 20:43,SomniGuard,71.6,SpO2:97.8% BPM:72 [61 03 37 26 CC 02 01 00 18 03 01 54]
47169,1.78931E+12,9/13/2026 20:43,SomniGuard,70.6,SpO2:97.8% BPM:71 [62 03 37 26 C2 02 01 00 18 03 01 54]
47170,1.78931E+12,9/13/2026 20:43,SomniGuard,71.6,SpO2:97.8% BPM:72 [63 03 37 26 CC 02 01 00 18 03 01 54]
47171,1.78931E+12,9/13/2026 20:43,SomniGuard,70.6,SpO2:97.8% BPM:71 [64 03 37 26 C2 02 01 00 18 03 01 54]
47172,1.78931E+12,9/13/2026 20:43,SomniGuard,71.6,SpO2:97.8% BPM:72 [65 03 37 26 CC 02 01 00 18 03 01 54]
47173,1.78931E+12,9/13/2026 20:43,SomniGuard,70.6,SpO2:97.8% BPM:71 [66 03 37 26 C2 02 01 00 18 03 01 54]
47174,1.78931E+12,9/13/2026 20:43,SomniGuard,71.6,SpO2:97.8% BPM:72 [67 03 37 26 CC 02 01 00 18 03 01 54]
47175,1.78931E+12,9/13/2026 20:43,SomniGuard,70.6,SpO2:97.8% BPM:71 [68 03 37 26 C2 02 01 00 18 03 01 54]
47176,1.78931E+12,9/13/2026 20:43,SomniGuard,71.6,SpO2:97.8% BPM:72 [69 03 37 26 CC 02 01 00 18 03 01 54]
47177,1.78931E+12,9/13/2026 20:43,SomniGuard,70.6,SpO2:97.8% BPM:71 [6A 03 37 26 C2 02 01 00 18 03 01 54]
47178,1.78931E+12,9/13/2026 20:43,SomniGuard,71.6,SpO2:97.8% BPM:72 [6B 03 37 26 CC 02 01 00 18 03 01 54]
47179,1.78931E+12,9/13/2026 20:44,SomniGuard,70.6,SpO2:97.8% BPM:71 [6C 03 37 26 C2 02 01 00 18 03 01 54]
47180,1.78931E+12,9/13/2026 20:44,SomniGuard,71.6,SpO2:97.8% BPM:72 [6D 03 37 26 CC 02 01 00 18 03 01 54]
47181,1.78931E+12,9/13/2026 20:44,SomniGuard,70.6,SpO2:97.8% BPM:71 [6E 03 37 26 C2 02 01 00 18 03 01 54]
47182,1.78931E+12,9/13/2026 20:44,SomniGuard,71.6,SpO2:97.8% BPM:72 [6F 03 37 26 CC 02 01 00 18 03 01 54]
47183,1.78931E+12,9/13/2026 20:44,SomniGuard,70.6,SpO2:97.8% BPM:71 [70 03 37 26 C2 02 01 00 18 03 01 54]
47184,1.78931E+12,9/13/2026 20:44,SomniGuard,71.6,SpO2:97.8% BPM:72 [71 03 37 26 CC 02 01 00 18 03 01 54]
47185,1.78931E+12,9/13/2026 20:44,SomniGuard,70.6,SpO2:97.8% BPM:71 [72 03 37 26 C2 02 01 00 18 03 01 54]
47186,1.78931E+12,9/13/2026 20:44,SomniGuard,71.6,SpO2:97.8% BPM:72 [73 03 37 26 CC 02 01 00 18 03 01 54]
47187,1.78931E+12,9/13/2026 20:44,SomniGuard,70.6,SpO2:97.8% BPM:71 [74 03 37 26 C2 02 01 00 18 03 01 54]
47188,1.78931E+12,9/13/2026 20:44,SomniGuard,71.6,SpO2:97.8% BPM:72 [75 03 37 26 CC 02 01 00 18 03 01 54]
47189,1.78931E+12,9/13/2026 20:44,SomniGuard,70.6,SpO2:97.8% BPM:71 [76 03 37 26 C2 02 01 00 18 03 01 54]
47190,1.78931E+12,9/13/2026 20:44,SomniGuard,71.6,SpO2:97.8% BPM:72 [77 03 37 26 CC 02 01 00 18 03 01 54]
47191,1.78931E+12,9/13/2026 20:44,SomniGuard,70.6,SpO2:97.8% BPM:71 [78 03 37 26 C2 02 01 00 18 03 01 54]
47192,1.78931E+12,9/13/2026 20:44,SomniGuard,71.6,SpO2:97.8% BPM:72 [79 03 37 26 CC 02 01 00 18 03 01 54]
47193,1.78931E+12,9/13/2026 20:44,SomniGuard,70.6,SpO2:97.8% BPM:71 [7A 03 37 26 C2 02 01 00 18 03 01 54]
47194,1.78931E+12,9/13/2026 20:44,SomniGuard,71.6,SpO2:97.8% BPM:72 [7B 03 37 26 CC 02 01 00 18 03 01 54]
47195,1.78931E+12,9/13/2026 20:44,SomniGuard,70.6,SpO2:97.8% BPM:71 [7C 03 37 26 C2 02 01 00 18 03 01 54]
47196,1.78931E+12,9/13/2026 20:44,SomniGuard,71.6,SpO2:97.8% BPM:72 [7D 03 37 26 CC 02 01 00 18 03 01 54]
47197,1.78931E+12,9/13/2026 20:44,SomniGuard,70.6,SpO2:97.8% BPM:71 [7E 03 37 26 C2 02 01 00 18 03 01 54]
47198,1.78931E+12,9/13/2026 20:44,SomniGuard,71.6,SpO2:97.8% BPM:72 [7F 03 37 26 CC 02 01 00 18 03 01 54]
47199,1.78931E+12,9/13/2026 20:44,SomniGuard,70.6,SpO2:97.8% BPM:71 [80 03 37 26 C2 02 01 00 18 03 01 54]
47200,1.78931E+12,9/13/2026 20:44,SomniGuard,71.6,SpO2:97.8% BPM:72 [81 03 37 26 CC 02 01 00 18 03 01 54]
47201,1.78931E+12,9/13/2026 20:44,SomniGuard,70.6,SpO2:97.8% BPM:71 [82 03 37 26 C2 02 01 00 18 03 01 54]
47202,1.78931E+12,9/13/2026 20:44,SomniGuard,71.6,SpO2:97.8% BPM:72 [83 03 37 26 CC 02 01 00 18 03 01 54]
47203,1.78931E+12,9/13/2026 20:44,SomniGuard,70.6,SpO2:97.8% BPM:71 [84 03 37 26 C2 02 01 00 18 03 01 54]
47204,1.78931E+12,9/13/2026 20:44,SomniGuard,71.6,SpO2:97.8% BPM:72 [85 03 37 26 CC 02 01 00 18 03 01 54]
47205,1.78931E+12,9/13/2026 20:44,SomniGuard,70.6,SpO2:97.8% BPM:71 [86 03 37 26 C2 02 01 00 18 03 01 54]
47206,1.78931E+12,9/13/2026 20:44,SomniGuard,71.6,SpO2:97.8% BPM:72 [87 03 37 26 CC 02 01 00 18 03 01 54]
47207,1.78931E+12,9/13/2026 20:44,SomniGuard,70.6,SpO2:97.8% BPM:71 [88 03 37 26 C2 02 01 00 18 03 01 54]
47208,1.78931E+12,9/13/2026 20:44,SomniGuard,71.6,SpO2:97.8% BPM:72 [89 03 37 26 CC 02 01 00 18 03 01 54]
47209,1.78931E+12,9/13/2026 20:44,SomniGuard,70.6,SpO2:97.8% BPM:71 [8A 03 37 26 C2 02 01 00 18 03 01 54]
47210,1.78931E+12,9/13/2026 20:44,SomniGuard,71.6,SpO2:97.8% BPM:72 [8B 03 37 26 CC 02 01 00 18 03 01 54]
47211,1.78931E+12,9/13/2026 20:44,SomniGuard,70.6,SpO2:97.8% BPM:71 [8C 03 37 26 C2 02 01 00 18 03 01 54]
47212,1.78931E+12,9/13/2026 20:44,SomniGuard,71.6,SpO2:97.8% BPM:72 [8D 03 37 26 CC 02 01 00 18 03 01 54]
47213,1.78931E+12,9/13/2026 20:44,SomniGuard,70.6,SpO2:97.8% BPM:71 [8E 03 37 26 C2 02 01 00 18 03 01 54]
47214,1.78931E+12,9/13/2026 20:44,SomniGuard,71.6,SpO2:97.8% BPM:72 [8F 03 37 26 CC 02 01 00 18 03 01 54]
47215,1.78931E+12,9/13/2026 20:44,SomniGuard,70.6,SpO2:97.8% BPM:71 [90 03 37 26 C2 02 01 00 18 03 01 54]
47216,1.78931E+12,9/13/2026 20:44,SomniGuard,71.6,SpO2:97.8% BPM:72 [91 03 37 26 CC 02 01 00 18 03 01 54]
47217,1.78931E+12,9/13/2026 20:44,SomniGuard,70.6,SpO2:97.8% BPM:71 [92 03 37 26 C2 02 01 00 18 03 01 54]
47218,1.78931E+12,9/13/2026 20:44,SomniGuard,71.6,SpO2:97.8% BPM:72 [93 03 37 26 CC 02 01 00 18 03 01 54]
47219,1.78931E+12,9/13/2026 20:44,SomniGuard,70.6,SpO2:97.8% BPM:71 [94 03 37 26 C2 02 01 00 18 03 01 54]
47220,1.78931E+12,9/13/2026 20:44,SomniGuard,71.6,SpO2:97.8% BPM:72 [95 03 37 26 CC 02 01 00 18 03 01 54]
47221,1.78931E+12,9/13/2026 20:44,SomniGuard,70.6,SpO2:97.8% BPM:71 [96 03 37 26 C2 02 01 00 18 03 01 54]
47222,1.78931E+12,9/13/2026 20:44,SomniGuard,71.6,SpO2:97.8% BPM:72 [97 03 37 26 CC 02 01 00 18 03 01 54]
47223,1.78931E+12,9/13/2026 20:44,SomniGuard,70.6,SpO2:97.8% BPM:71 [98 03 37 26 C2 02 01 00 18 03 01 54]
47224,1.78931E+12,9/13/2026 20:44,SomniGuard,71.6,SpO2:97.8% BPM:72 [99 03 37 26 CC 02 01 00 18 03 01 54]
47225,1.78931E+12,9/13/2026 20:44,SomniGuard,70.6,SpO2:97.8% BPM:71 [9A 03 37 26 C2 02 01 00 18 03 01 54]
47226,1.78931E+12,9/13/2026 20:44,SomniGuard,71.6,SpO2:97.8% BPM:72 [9B 03 37 26 CC 02 01 00 18 03 01 54]
47227,1.78931E+12,9/13/2026 20:44,SomniGuard,70.6,SpO2:97.8% BPM:71 [9C 03 37 26 C2 02 01 00 18 03 01 54]
47228,1.78931E+12,9/13/2026 20:44,SomniGuard,71.6,SpO2:97.8% BPM:72 [9D 03 37 26 CC 02 01 00 18 03 01 54]
47229,1.78931E+12,9/13/2026 20:44,SomniGuard,70.6,SpO2:97.8% BPM:71 [9E 03 37 26 C2 02 01 00 18 03 01 54]
47230,1.78931E+12,9/13/2026 20:44,SomniGuard,71.6,SpO2:97.8% BPM:72 [9F 03 37 26 CC 02 01 00 18 03 01 54]
47231,1.78931E+12,9/13/2026 20:44,SomniGuard,70.6,SpO2:97.8% BPM:71 [A0 03 37 26 C2 02 01 00 18 03 01 54]
47232,1.78931E+12,9/13/2026 20:44,SomniGuard,71.6,SpO2:97.8% BPM:72 [A1 03 37 26 CC 02 01 00 18 03 01 54]
47233,1.78931E+12,9/13/2026 20:44,SomniGuard,70.6,SpO2:97.8% BPM:71 [A2 03 37 26 C2 02 01 00 18 03 01 54]
47234,1.78931E+12,9/13/2026 20:44,SomniGuard,71.6,SpO2:97.8% BPM:72 [A3 03 37 26 CC 02 01 00 18 03 01 54]
47235,1.78931E+12,9/13/2026 20:44,SomniGuard,70.6,SpO2:97.8% BPM:71 [A4 03 37 26 C2 02 01 00 18 03 01 54]
47236,1.78931E+12,9/13/2026 20:44,SomniGuard,71.6,SpO2:97.8% BPM:72 [A5 03 37 26 CC 02 01 00 18 03 01 54]
47237,1.78931E+12,9/13/2026 20:44,SomniGuard,70.6,SpO2:97.8% BPM:71 [A6 03 37 26 C2 02 01 00 18 03 01 54]
47238,1.78931E+12,9/13/2026 20:44,SomniGuard,71.6,SpO2:97.8% BPM:72 [A7 03 37 26 CC 02 01 00 18 03 01 54]
47239,1.78931E+12,9/13/2026 20:45,SomniGuard,70.6,SpO2:97.8% BPM:71 [A8 03 37 26 C2 02 01 00 18 03 01 54]
47240,1.78931E+12,9/13/2026 20:45,SomniGuard,71.6,SpO2:97.8% BPM:72 [A9 03 37 26 CC 02 01 00 18 03 01 54]
47241,1.78931E+12,9/13/2026 20:45,SomniGuard,70.6,SpO2:97.8% BPM:71 [AA 03 37 26 C2 02 01 00 18 03 01 54]
47242,1.78931E+12,9/13/2026 20:45,SomniGuard,71.6,SpO2:97.8% BPM:72 [AB 03 37 26 CC 02 01 00 18 03 01 54]
47243,1.78931E+12,9/13/2026 20:45,SomniGuard,70.6,SpO2:97.8% BPM:71 [AC 03 37 26 C2 02 01 00 18 03 01 54]
47244,1.78931E+12,9/13/2026 20:45,SomniGuard,71.6,SpO2:97.8% BPM:72 [AD 03 37 26 CC 02 01 00 18 03 01 54]
47245,1.78931E+12,9/13/2026 20:45,SomniGuard,70.6,SpO2:97.8% BPM:71 [AE 03 37 26 C2 02 01 00 18 03 01 54]
47246,1.78931E+12,9/13/2026 20:45,SomniGuard,71.6,SpO2:97.8% BPM:72 [AF 03 37 26 CC 02 01 00 18 03 01 54]
47247,1.78931E+12,9/13/2026 20:45,SomniGuard,70.6,SpO2:97.8% BPM:71 [B0 03 37 26 C2 02 01 00 18 03 01 54]
47248,1.78931E+12,9/13/2026 20:45,SomniGuard,70.1,SpO2:97.6% BPM:70 [B1 03 1E 26 BD 02 01 00 18 03 01 54]
47249,1.78931E+12,9/13/2026 20:45,SomniGuard,71.1,SpO2:97.6% BPM:71 [B2 03 1E 26 C7 02 01 00 18 03 01 54]
47250,1.78931E+12,9/13/2026 20:45,SomniGuard,70.1,SpO2:97.6% BPM:70 [B3 03 1E 26 BD 02 01 00 18 03 01 54]
47251,1.78931E+12,9/13/2026 20:45,SomniGuard,71.1,SpO2:97.6% BPM:71 [B4 03 1E 26 C7 02 01 00 18 03 01 54]
47252,1.78931E+12,9/13/2026 20:45,SomniGuard,70.1,SpO2:97.6% BPM:70 [B5 03 1E 26 BD 02 01 00 18 03 01 54]
47253,1.78931E+12,9/13/2026 20:45,SomniGuard,71.1,SpO2:97.6% BPM:71 [B6 03 1E 26 C7 02 01 00 18 03 01 54]
47254,1.78931E+12,9/13/2026 20:45,SomniGuard,70.1,SpO2:97.6% BPM:70 [B7 03 1E 26 BD 02 01 00 18 03 01 54]
47255,1.78931E+12,9/13/2026 20:45,SomniGuard,71.1,SpO2:97.6% BPM:71 [B8 03 1E 26 C7 02 01 00 18 03 01 54]
47256,1.78931E+12,9/13/2026 20:45,SomniGuard,70.1,SpO2:97.6% BPM:70 [B9 03 1E 26 BD 02 01 00 18 03 01 54]
47257,1.78931E+12,9/13/2026 20:45,SomniGuard,71.1,SpO2:97.6% BPM:71 [BA 03 1E 26 C7 02 01 00 18 03 01 54]
47258,1.78931E+12,9/13/2026 20:45,SomniGuard,70.1,SpO2:97.6% BPM:70 [BB 03 1E 26 BD 02 01 00 18 03 01 54]
47259,1.78931E+12,9/13/2026 20:45,SomniGuard,71.1,SpO2:97.6% BPM:71 [BC 03 1E 26 C7 02 01 00 18 03 01 54]
47260,1.78931E+12,9/13/2026 20:45,SomniGuard,70.1,SpO2:97.6% BPM:70 [BD 03 1E 26 BD 02 01 00 18 03 01 54]
47261,1.78931E+12,9/13/2026 20:45,SomniGuard,71.1,SpO2:97.6% BPM:71 [BE 03 1E 26 C7 02 01 00 18 03 01 54]
47262,1.78931E+12,9/13/2026 20:45,SomniGuard,70.1,SpO2:97.6% BPM:70 [BF 03 1E 26 BD 02 01 00 18 03 01 54]
47263,1.78931E+12,9/13/2026 20:45,SomniGuard,71.1,SpO2:97.6% BPM:71 [C0 03 1E 26 C7 02 01 00 18 03 01 54]
47264,1.78931E+12,9/13/2026 20:45,SomniGuard,70.1,SpO2:97.6% BPM:70 [C1 03 1E 26 BD 02 01 00 18 03 01 54]
47265,1.78931E+12,9/13/2026 20:45,SomniGuard,71.1,SpO2:97.6% BPM:71 [C2 03 1E 26 C7 02 01 00 18 03 01 54]
47266,1.78931E+12,9/13/2026 20:45,SomniGuard,70.1,SpO2:97.6% BPM:70 [C3 03 1E 26 BD 02 01 00 18 03 01 54]
47267,1.78931E+12,9/13/2026 20:45,SomniGuard,71.1,SpO2:97.6% BPM:71 [C4 03 1E 26 C7 02 01 00 18 03 01 54]
47268,1.78931E+12,9/13/2026 20:45,SomniGuard,70.1,SpO2:97.6% BPM:70 [C5 03 1E 26 BD 02 01 00 18 03 01 54]
47269,1.78931E+12,9/13/2026 20:45,SomniGuard,71.1,SpO2:97.6% BPM:71 [C6 03 1E 26 C7 02 01 00 18 03 01 54]
47270,1.78931E+12,9/13/2026 20:45,SomniGuard,70.1,SpO2:97.6% BPM:70 [C7 03 1E 26 BD 02 01 00 18 03 01 54]
47271,1.78931E+12,9/13/2026 20:45,SomniGuard,71.1,SpO2:97.6% BPM:71 [C8 03 1E 26 C7 02 01 00 18 03 01 54]
47272,1.78931E+12,9/13/2026 20:45,SomniGuard,70.1,SpO2:97.6% BPM:70 [C9 03 1E 26 BD 02 01 00 18 03 01 54]
47273,1.78931E+12,9/13/2026 20:45,SomniGuard,71.1,SpO2:97.6% BPM:71 [CA 03 1E 26 C7 02 01 00 18 03 01 54]
47274,1.78931E+12,9/13/2026 20:45,SomniGuard,70.1,SpO2:97.6% BPM:70 [CB 03 1E 26 BD 02 01 00 18 03 01 54]
47275,1.78931E+12,9/13/2026 20:45,SomniGuard,71.1,SpO2:97.6% BPM:71 [CC 03 1E 26 C7 02 01 00 18 03 01 54]
47276,1.78931E+12,9/13/2026 20:45,SomniGuard,70.1,SpO2:97.6% BPM:70 [CD 03 1E 26 BD 02 01 00 18 03 01 54]
47277,1.78931E+12,9/13/2026 20:45,SomniGuard,71.1,SpO2:97.6% BPM:71 [CE 03 1E 26 C7 02 01 00 18 03 01 54]
47278,1.78931E+12,9/13/2026 20:45,SomniGuard,70.1,SpO2:97.6% BPM:70 [CF 03 1E 26 BD 02 01 00 18 03 01 54]
47279,1.78931E+12,9/13/2026 20:45,SomniGuard,71.1,SpO2:97.6% BPM:71 [D0 03 1E 26 C7 02 01 00 18 03 01 54]
47280,1.78931E+12,9/13/2026 20:45,SomniGuard,70.1,SpO2:97.6% BPM:70 [D1 03 1E 26 BD 02 01 00 18 03 01 54]
47281,1.78931E+12,9/13/2026 20:45,SomniGuard,71.1,SpO2:97.6% BPM:71 [D2 03 1E 26 C7 02 01 00 18 03 01 54]
47282,1.78931E+12,9/13/2026 20:45,SomniGuard,70.1,SpO2:97.6% BPM:70 [D3 03 1E 26 BD 02 01 00 18 03 01 54]
47283,1.78931E+12,9/13/2026 20:45,SomniGuard,71.1,SpO2:97.6% BPM:71 [D4 03 1E 26 C7 02 01 00 18 03 01 54]
47284,1.78931E+12,9/13/2026 20:45,SomniGuard,70.1,SpO2:97.6% BPM:70 [D5 03 1E 26 BD 02 01 00 18 03 01 54]
47285,1.78931E+12,9/13/2026 20:45,SomniGuard,71.1,SpO2:97.6% BPM:71 [D6 03 1E 26 C7 02 01 00 18 03 01 54]
47286,1.78931E+12,9/13/2026 20:45,SomniGuard,70.1,SpO2:97.6% BPM:70 [D7 03 1E 26 BD 02 01 00 18 03 01 54]
47287,1.78931E+12,9/13/2026 20:45,SomniGuard,71.1,SpO2:97.6% BPM:71 [D8 03 1E 26 C7 02 01 00 18 03 01 54]
47288,1.78931E+12,9/13/2026 20:45,SomniGuard,70.1,SpO2:97.6% BPM:70 [D9 03 1E 26 BD 02 01 00 18 03 01 54]
47289,1.78931E+12,9/13/2026 20:45,SomniGuard,71.1,SpO2:97.6% BPM:71 [DA 03 1E 26 C7 02 01 00 18 03 01 54]
47290,1.78931E+12,9/13/2026 20:45,SomniGuard,70.1,SpO2:97.6% BPM:70 [DB 03 1E 26 BD 02 01 00 18 03 01 54]
47291,1.78931E+12,9/13/2026 20:45,SomniGuard,71.1,SpO2:97.6% BPM:71 [DC 03 1E 26 C7 02 01 00 18 03 01 54]
47292,1.78931E+12,9/13/2026 20:45,SomniGuard,70.1,SpO2:97.6% BPM:70 [DD 03 1E 26 BD 02 01 00 18 03 01 54]
47293,1.78931E+12,9/13/2026 20:45,SomniGuard,71.1,SpO2:97.6% BPM:71 [DE 03 1E 26 C7 02 01 00 18 03 01 54]
47294,1.78931E+12,9/13/2026 20:45,SomniGuard,70.1,SpO2:97.6% BPM:70 [DF 03 1E 26 BD 02 01 00 18 03 01 54]
47295,1.78931E+12,9/13/2026 20:45,SomniGuard,71.1,SpO2:97.6% BPM:71 [E0 03 1E 26 C7 02 01 00 18 03 01 54]
47296,1.78931E+12,9/13/2026 20:45,SomniGuard,70.1,SpO2:97.6% BPM:70 [E1 03 1E 26 BD 02 01 00 18 03 01 54]
47297,1.78931E+12,9/13/2026 20:45,SomniGuard,71.1,SpO2:97.6% BPM:71 [E2 03 1E 26 C7 02 01 00 18 03 01 54]
47298,1.78931E+12,9/13/2026 20:46,SomniGuard,70.1,SpO2:97.6% BPM:70 [E3 03 1E 26 BD 02 01 00 18 03 01 54]
47299,1.78931E+12,9/13/2026 20:46,SomniGuard,71.1,SpO2:97.6% BPM:71 [E4 03 1E 26 C7 02 01 00 18 03 01 54]
47300,1.78931E+12,9/13/2026 20:46,SomniGuard,70.1,SpO2:97.6% BPM:70 [E5 03 1E 26 BD 02 01 00 18 03 01 54]
47301,1.78931E+12,9/13/2026 20:46,SomniGuard,71.1,SpO2:97.6% BPM:71 [E6 03 1E 26 C7 02 01 00 18 03 01 54]
47302,1.78931E+12,9/13/2026 20:46,SomniGuard,70.1,SpO2:97.6% BPM:70 [E7 03 1E 26 BD 02 01 00 18 03 01 54]
47303,1.78931E+12,9/13/2026 20:46,SomniGuard,71.1,SpO2:97.6% BPM:71 [E8 03 1E 26 C7 02 01 00 18 03 01 54]
47304,1.78931E+12,9/13/2026 20:46,SomniGuard,70.1,SpO2:97.6% BPM:70 [E9 03 1E 26 BD 02 01 00 18 03 01 54]
47305,1.78931E+12,9/13/2026 20:46,SomniGuard,71.1,SpO2:97.6% BPM:71 [EA 03 1E 26 C7 02 01 00 18 03 01 54]
47306,1.78931E+12,9/13/2026 20:46,SomniGuard,70.1,SpO2:97.6% BPM:70 [EB 03 1E 26 BD 02 01 00 18 03 01 54]
47307,1.78931E+12,9/13/2026 20:46,SomniGuard,71.1,SpO2:97.6% BPM:71 [EC 03 1E 26 C7 02 01 00 18 03 01 54]
47308,1.78931E+12,9/13/2026 20:46,SomniGuard,70.1,SpO2:97.6% BPM:70 [ED 03 1E 26 BD 02 01 00 18 03 01 54]
47309,1.78931E+12,9/13/2026 20:46,SomniGuard,71.1,SpO2:97.6% BPM:71 [EE 03 1E 26 C7 02 01 00 18 03 01 54]
47310,1.78931E+12,9/13/2026 20:46,SomniGuard,70.1,SpO2:97.6% BPM:70 [EF 03 1E 26 BD 02 01 00 18 03 01 54]
47311,1.78931E+12,9/13/2026 20:46,SomniGuard,71.1,SpO2:97.6% BPM:71 [F0 03 1E 26 C7 02 01 00 18 03 01 54]
47312,1.78931E+12,9/13/2026 20:46,SomniGuard,70.1,SpO2:97.6% BPM:70 [F1 03 1E 26 BD 02 01 00 18 03 01 54]
47313,1.78931E+12,9/13/2026 20:46,SomniGuard,71.1,SpO2:97.6% BPM:71 [F2 03 1E 26 C7 02 01 00 18 03 01 54]
47314,1.78931E+12,9/13/2026 20:46,SomniGuard,70.1,SpO2:97.6% BPM:70 [F3 03 1E 26 BD 02 01 00 18 03 01 54]
47315,1.78931E+12,9/13/2026 20:46,SomniGuard,71.1,SpO2:97.6% BPM:71 [F4 03 1E 26 C7 02 01 00 18 03 01 54]
47316,1.78931E+12,9/13/2026 20:46,SomniGuard,70.1,SpO2:97.6% BPM:70 [F5 03 1E 26 BD 02 01 00 18 03 01 54]
47317,1.78931E+12,9/13/2026 20:46,SomniGuard,71.1,SpO2:97.6% BPM:71 [F6 03 1E 26 C7 02 01 00 18 03 01 54]
47318,1.78931E+12,9/13/2026 20:46,SomniGuard,70.1,SpO2:97.6% BPM:70 [F7 03 1E 26 BD 02 01 00 18 03 01 54]
47319,1.78931E+12,9/13/2026 20:46,SomniGuard,71.1,SpO2:97.6% BPM:71 [F8 03 1E 26 C7 02 01 00 18 03 01 54]
47320,1.78931E+12,9/13/2026 20:46,SomniGuard,70.1,SpO2:97.6% BPM:70 [F9 03 1E 26 BD 02 01 00 18 03 01 54]
47321,1.78931E+12,9/13/2026 20:46,SomniGuard,71.1,SpO2:97.6% BPM:71 [FA 03 1E 26 C7 02 01 00 18 03 01 54]
47322,1.78931E+12,9/13/2026 20:46,SomniGuard,70.1,SpO2:97.6% BPM:70 [FB 03 1E 26 BD 02 01 00 18 03 01 54]
47323,1.78931E+12,9/13/2026 20:46,SomniGuard,71.1,SpO2:97.6% BPM:71 [FC 03 1E 26 C7 02 01 00 18 03 01 54]
47324,1.78931E+12,9/13/2026 20:46,SomniGuard,70.1,SpO2:97.6% BPM:70 [FD 03 1E 26 BD 02 01 00 18 03 01 54]
47325,1.78931E+12,9/13/2026 20:46,SomniGuard,71.1,SpO2:97.6% BPM:71 [FE 03 1E 26 C7 02 01 00 18 03 01 54]
47326,1.78931E+12,9/13/2026 20:46,SomniGuard,70.1,SpO2:97.6% BPM:70 [FF 03 1E 26 BD 02 01 00 18 03 01 54]
47327,1.78931E+12,9/13/2026 20:46,SomniGuard,71.1,SpO2:97.6% BPM:71 [00 04 1E 26 C7 02 01 00 18 03 01 54]
47328,1.78931E+12,9/13/2026 20:46,SomniGuard,70.1,SpO2:97.6% BPM:70 [01 04 1E 26 BD 02 01 00 18 03 01 54]
47329,1.78931E+12,9/13/2026 20:46,SomniGuard,71.1,SpO2:97.6% BPM:71 [02 04 1E 26 C7 02 01 00 18 03 01 54]
47330,1.78931E+12,9/13/2026 20:46,SomniGuard,70.1,SpO2:97.6% BPM:70 [03 04 1E 26 BD 02 01 00 18 03 01 54]
47331,1.78931E+12,9/13/2026 20:46,SomniGuard,71.1,SpO2:97.6% BPM:71 [04 04 1E 26 C7 02 01 00 18 03 01 54]
47332,1.78931E+12,9/13/2026 20:46,SomniGuard,70.1,SpO2:97.6% BPM:70 [05 04 1E 26 BD 02 01 00 18 03 01 54]
47333,1.78931E+12,9/13/2026 20:46,SomniGuard,71.1,SpO2:97.6% BPM:71 [06 04 1E 26 C7 02 01 00 18 03 01 54]
47334,1.78931E+12,9/13/2026 20:46,SomniGuard,70.1,SpO2:97.6% BPM:70 [07 04 1E 26 BD 02 01 00 18 03 01 54]
47335,1.78931E+12,9/13/2026 20:46,SomniGuard,71.1,SpO2:97.6% BPM:71 [08 04 1E 26 C7 02 01 00 18 03 01 54]
47336,1.78931E+12,9/13/2026 20:46,SomniGuard,70.1,SpO2:97.6% BPM:70 [09 04 1E 26 BD 02 01 00 18 03 01 54]
47337,1.78931E+12,9/13/2026 20:46,SomniGuard,71.1,SpO2:97.6% BPM:71 [0A 04 1E 26 C7 02 01 00 18 03 01 54]
47338,1.78931E+12,9/13/2026 20:46,SomniGuard,70.1,SpO2:97.6% BPM:70 [0B 04 1E 26 BD 02 01 00 18 03 01 54]
47339,1.78931E+12,9/13/2026 20:46,SomniGuard,71.1,SpO2:97.6% BPM:71 [0C 04 1E 26 C7 02 01 00 18 03 01 54]
47340,1.78931E+12,9/13/2026 20:46,SomniGuard,70.1,SpO2:97.6% BPM:70 [0D 04 1E 26 BD 02 01 00 18 03 01 54]
47341,1.78931E+12,9/13/2026 20:46,SomniGuard,71.1,SpO2:97.6% BPM:71 [0E 04 1E 26 C7 02 01 00 18 03 01 54]
47342,1.78931E+12,9/13/2026 20:46,SomniGuard,70.1,SpO2:97.6% BPM:70 [0F 04 1E 26 BD 02 01 00 18 03 01 54]
47343,1.78931E+12,9/13/2026 20:46,SomniGuard,71.1,SpO2:97.6% BPM:71 [10 04 1E 26 C7 02 01 00 18 03 01 54]
47344,1.78931E+12,9/13/2026 20:46,SomniGuard,70.1,SpO2:97.6% BPM:70 [11 04 1E 26 BD 02 01 00 18 03 01 54]
47345,1.78931E+12,9/13/2026 20:46,SomniGuard,71.1,SpO2:97.6% BPM:71 [12 04 1E 26 C7 02 01 00 18 03 01 54]
47346,1.78931E+12,9/13/2026 20:46,SomniGuard,70.1,SpO2:97.6% BPM:70 [13 04 1E 26 BD 02 01 00 18 03 01 54]
47347,1.78931E+12,9/13/2026 20:46,SomniGuard,71.1,SpO2:97.6% BPM:71 [14 04 1E 26 C7 02 01 00 18 03 01 54]
47348,1.78931E+12,9/13/2026 20:46,SomniGuard,70.1,SpO2:97.6% BPM:70 [15 04 1E 26 BD 02 01 00 18 03 01 54]
47349,1.78931E+12,9/13/2026 20:46,SomniGuard,71.1,SpO2:97.6% BPM:71 [16 04 1E 26 C7 02 01 00 18 03 01 54]
47350,1.78931E+12,9/13/2026 20:46,SomniGuard,70.1,SpO2:97.6% BPM:70 [17 04 1E 26 BD 02 01 00 18 03 01 54]
47351,1.78931E+12,9/13/2026 20:46,SomniGuard,71.1,SpO2:97.6% BPM:71 [18 04 1E 26 C7 02 01 00 18 03 01 54]
47352,1.78931E+12,9/13/2026 20:46,SomniGuard,70.1,SpO2:97.6% BPM:70 [19 04 1E 26 BD 02 01 00 18 03 01 54]
47353,1.78931E+12,9/13/2026 20:46,SomniGuard,71.1,SpO2:97.6% BPM:71 [1A 04 1E 26 C7 02 01 00 18 03 01 54]
47354,1.78931E+12,9/13/2026 20:46,SomniGuard,70.1,SpO2:97.6% BPM:70 [1B 04 1E 26 BD 02 01 00 18 03 01 54]
47355,1.78931E+12,9/13/2026 20:46,SomniGuard,71.1,SpO2:97.6% BPM:71 [1C 04 1E 26 C7 02 01 00 18 03 01 54]
47356,1.78931E+12,9/13/2026 20:46,SomniGuard,70.1,SpO2:97.6% BPM:70 [1D 04 1E 26 BD 02 01 00 18 03 01 54]
47357,1.78931E+12,9/13/2026 20:46,SomniGuard,71.1,SpO2:97.6% BPM:71 [1E 04 1E 26 C7 02 01 00 18 03 01 54]
47358,1.78931E+12,9/13/2026 20:47,SomniGuard,70.1,SpO2:97.6% BPM:70 [1F 04 1E 26 BD 02 01 00 18 03 01 54]
47359,1.78931E+12,9/13/2026 20:47,SomniGuard,71.1,SpO2:97.6% BPM:71 [20 04 1E 26 C7 02 01 00 18 03 01 54]
47360,1.78931E+12,9/13/2026 20:47,SomniGuard,70.1,SpO2:97.6% BPM:70 [21 04 1E 26 BD 02 01 00 18 03 01 54]
47361,1.78931E+12,9/13/2026 20:47,SomniGuard,71.1,SpO2:97.6% BPM:71 [22 04 1E 26 C7 02 01 00 18 03 01 54]
47362,1.78931E+12,9/13/2026 20:47,SomniGuard,70.1,SpO2:97.6% BPM:70 [23 04 1E 26 BD 02 01 00 18 03 01 54]
47363,1.78931E+12,9/13/2026 20:47,SomniGuard,71.1,SpO2:97.6% BPM:71 [24 04 1E 26 C7 02 01 00 18 03 01 54]
47364,1.78931E+12,9/13/2026 20:47,SomniGuard,70.1,SpO2:97.6% BPM:70 [25 04 1E 26 BD 02 01 00 18 03 01 54]
47365,1.78931E+12,9/13/2026 20:47,SomniGuard,71.1,SpO2:97.6% BPM:71 [26 04 1E 26 C7 02 01 00 18 03 01 54]
47366,1.78931E+12,9/13/2026 20:47,SomniGuard,70.1,SpO2:97.6% BPM:70 [27 04 1E 26 BD 02 01 00 18 03 01 54]
47367,1.78931E+12,9/13/2026 20:47,SomniGuard,71.1,SpO2:97.6% BPM:71 [28 04 1E 26 C7 02 01 00 18 03 01 54]
47368,1.78931E+12,9/13/2026 20:47,SomniGuard,70.1,SpO2:97.6% BPM:70 [29 04 1E 26 BD 02 01 00 18 03 01 54]
47369,1.78931E+12,9/13/2026 20:47,SomniGuard,71.1,SpO2:97.6% BPM:71 [2A 04 1E 26 C7 02 01 00 18 03 01 54]
47370,1.78931E+12,9/13/2026 20:47,SomniGuard,70.1,SpO2:97.6% BPM:70 [2B 04 1E 26 BD 02 01 00 18 03 01 54]
47371,1.78931E+12,9/13/2026 20:47,SomniGuard,71.1,SpO2:97.6% BPM:71 [2C 04 1E 26 C7 02 01 00 18 03 01 54]
47372,1.78931E+12,9/13/2026 20:47,SomniGuard,70.1,SpO2:97.6% BPM:70 [2D 04 1E 26 BD 02 01 00 18 03 01 54]
47373,1.78931E+12,9/13/2026 20:47,SomniGuard,71.1,SpO2:97.6% BPM:71 [2E 04 1E 26 C7 02 01 00 18 03 01 54]
47374,1.78931E+12,9/13/2026 20:47,SomniGuard,70.1,SpO2:97.6% BPM:70 [2F 04 1E 26 BD 02 01 00 18 03 01 54]
47375,1.78931E+12,9/13/2026 20:47,SomniGuard,71.1,SpO2:97.6% BPM:71 [30 04 1E 26 C7 02 01 00 18 03 01 54]
47376,1.78931E+12,9/13/2026 20:47,SomniGuard,70.1,SpO2:97.6% BPM:70 [31 04 1E 26 BD 02 01 00 18 03 01 54]
47377,1.78931E+12,9/13/2026 20:47,SomniGuard,71.1,SpO2:97.6% BPM:71 [32 04 1E 26 C7 02 01 00 18 03 01 54]
47378,1.78931E+12,9/13/2026 20:47,SomniGuard,70.1,SpO2:97.6% BPM:70 [33 04 1E 26 BD 02 01 00 18 03 01 54]
47379,1.78931E+12,9/13/2026 20:47,SomniGuard,71.1,SpO2:97.6% BPM:71 [34 04 1E 26 C7 02 01 00 18 03 01 54]
47380,1.78931E+12,9/13/2026 20:47,SomniGuard,70.1,SpO2:97.6% BPM:70 [35 04 1E 26 BD 02 01 00 18 03 01 54]
47381,1.78931E+12,9/13/2026 20:47,SomniGuard,71.1,SpO2:97.6% BPM:71 [36 04 1E 26 C7 02 01 00 18 03 01 54]
47382,1.78931E+12,9/13/2026 20:47,SomniGuard,70.1,SpO2:97.6% BPM:70 [37 04 1E 26 BD 02 01 00 18 03 01 54]
47383,1.78931E+12,9/13/2026 20:47,SomniGuard,71.1,SpO2:97.6% BPM:71 [38 04 1E 26 C7 02 01 00 18 03 01 54]
47384,1.78931E+12,9/13/2026 20:47,SomniGuard,70.1,SpO2:97.6% BPM:70 [39 04 1E 26 BD 02 01 00 18 03 01 54]
47385,1.78931E+12,9/13/2026 20:47,SomniGuard,71.1,SpO2:97.6% BPM:71 [3A 04 1E 26 C7 02 01 00 18 03 01 54]
47386,1.78931E+12,9/13/2026 20:47,SomniGuard,70.1,SpO2:97.6% BPM:70 [3B 04 1E 26 BD 02 01 00 18 03 01 54]
47387,1.78931E+12,9/13/2026 20:47,SomniGuard,71.1,SpO2:97.6% BPM:71 [3C 04 1E 26 C7 02 01 00 18 03 01 54]
47388,1.78931E+12,9/13/2026 20:47,SomniGuard,70.1,SpO2:97.6% BPM:70 [3D 04 1E 26 BD 02 01 00 18 03 01 54]
47389,1.78931E+12,9/13/2026 20:47,SomniGuard,71.1,SpO2:97.6% BPM:71 [3E 04 1E 26 C7 02 01 00 18 03 01 54]
47390,1.78931E+12,9/13/2026 20:47,SomniGuard,70.1,SpO2:97.6% BPM:70 [3F 04 1E 26 BD 02 01 00 18 03 01 54]
47391,1.78931E+12,9/13/2026 20:47,SomniGuard,71.1,SpO2:97.6% BPM:71 [40 04 1E 26 C7 02 01 00 18 03 01 54]
47392,1.78931E+12,9/13/2026 20:47,SomniGuard,70.1,SpO2:97.6% BPM:70 [41 04 1E 26 BD 02 01 00 18 03 01 54]
47393,1.78931E+12,9/13/2026 20:47,SomniGuard,71.1,SpO2:97.6% BPM:71 [42 04 1E 26 C7 02 01 00 18 03 01 54]
47394,1.78931E+12,9/13/2026 20:47,SomniGuard,70.1,SpO2:97.6% BPM:70 [43 04 1E 26 BD 02 01 00 18 03 01 54]
47395,1.78931E+12,9/13/2026 20:47,SomniGuard,71.1,SpO2:97.6% BPM:71 [44 04 1E 26 C7 02 01 00 18 03 01 54]
47396,1.78931E+12,9/13/2026 20:47,SomniGuard,70.1,SpO2:97.6% BPM:70 [45 04 1E 26 BD 02 01 00 18 03 01 54]
47397,1.78931E+12,9/13/2026 20:47,SomniGuard,71.1,SpO2:97.6% BPM:71 [46 04 1E 26 C7 02 01 00 18 03 01 54]
47398,1.78931E+12,9/13/2026 20:47,SomniGuard,70.1,SpO2:97.6% BPM:70 [47 04 1E 26 BD 02 01 00 18 03 01 54]
47399,1.78931E+12,9/13/2026 20:47,SomniGuard,71.1,SpO2:97.6% BPM:71 [48 04 1E 26 C7 02 01 00 18 03 01 54]
47400,1.78931E+12,9/13/2026 20:47,SomniGuard,70.1,SpO2:97.6% BPM:70 [49 04 1E 26 BD 02 01 00 18 03 01 54]
47401,1.78931E+12,9/13/2026 20:47,SomniGuard,71.1,SpO2:97.6% BPM:71 [4A 04 1E 26 C7 02 01 00 18 03 01 54]
47402,1.78931E+12,9/13/2026 20:47,SomniGuard,70.1,SpO2:97.6% BPM:70 [4B 04 1E 26 BD 02 01 00 18 03 01 54]
47403,1.78931E+12,9/13/2026 20:47,SomniGuard,71.1,SpO2:97.6% BPM:71 [4C 04 1E 26 C7 02 01 00 18 03 01 54]
47404,1.78931E+12,9/13/2026 20:47,SomniGuard,70.1,SpO2:97.6% BPM:70 [4D 04 1E 26 BD 02 01 00 18 03 01 54]
47405,1.78931E+12,9/13/2026 20:47,SomniGuard,71.1,SpO2:97.6% BPM:71 [4E 04 1E 26 C7 02 01 00 18 03 01 54]
47406,1.78931E+12,9/13/2026 20:47,SomniGuard,70.1,SpO2:97.6% BPM:70 [4F 04 1E 26 BD 02 01 00 18 03 01 54]
47407,1.78931E+12,9/13/2026 20:47,SomniGuard,71.1,SpO2:97.6% BPM:71 [50 04 1E 26 C7 02 01 00 18 03 01 54]
47408,1.78931E+12,9/13/2026 20:47,SomniGuard,70.1,SpO2:97.6% BPM:70 [51 04 1E 26 BD 02 01 00 18 03 01 54]
47409,1.78931E+12,9/13/2026 20:47,SomniGuard,71.1,SpO2:97.6% BPM:71 [52 04 1E 26 C7 02 01 00 18 03 01 54]
47410,1.78931E+12,9/13/2026 20:47,SomniGuard,70.1,SpO2:97.6% BPM:70 [53 04 1E 26 BD 02 01 00 18 03 01 54]
47411,1.78931E+12,9/13/2026 20:47,SomniGuard,71.1,SpO2:97.6% BPM:71 [54 04 1E 26 C7 02 01 00 18 03 01 54]
47412,1.78931E+12,9/13/2026 20:47,SomniGuard,70.1,SpO2:97.6% BPM:70 [55 04 1E 26 BD 02 01 00 18 03 01 54]
47413,1.78931E+12,9/13/2026 20:47,SomniGuard,71.1,SpO2:97.6% BPM:71 [56 04 1E 26 C7 02 01 00 18 03 01 54]
47414,1.78931E+12,9/13/2026 20:47,SomniGuard,70.1,SpO2:97.6% BPM:70 [57 04 1E 26 BD 02 01 00 18 03 01 54]
47415,1.78931E+12,9/13/2026 20:47,SomniGuard,71.1,SpO2:97.6% BPM:71 [58 04 1E 26 C7 02 01 00 18 03 01 54]
47416,1.78931E+12,9/13/2026 20:47,SomniGuard,70.1,SpO2:97.6% BPM:70 [59 04 1E 26 BD 02 01 00 18 03 01 54]
47417,1.78931E+12,9/13/2026 20:48,SomniGuard,71.1,SpO2:97.6% BPM:71 [5A 04 1E 26 C7 02 01 00 18 03 01 54]
47418,1.78931E+12,9/13/2026 20:48,SomniGuard,70.1,SpO2:97.6% BPM:70 [5B 04 1E 26 BD 02 01 00 18 03 01 54]
47419,1.78931E+12,9/13/2026 20:48,SomniGuard,71.1,SpO2:97.6% BPM:71 [5C 04 1E 26 C7 02 01 00 18 03 01 54]
47420,1.78931E+12,9/13/2026 20:48,SomniGuard,70.1,SpO2:97.6% BPM:70 [5D 04 1E 26 BD 02 01 00 18 03 01 54]
47421,1.78931E+12,9/13/2026 20:48,SomniGuard,71.1,SpO2:97.6% BPM:71 [5E 04 1E 26 C7 02 01 00 18 03 01 54]
47422,1.78931E+12,9/13/2026 20:48,SomniGuard,70.1,SpO2:97.6% BPM:70 [5F 04 1E 26 BD 02 01 00 18 03 01 54]
47423,1.78931E+12,9/13/2026 20:48,SomniGuard,71.1,SpO2:97.6% BPM:71 [60 04 1E 26 C7 02 01 00 18 03 01 54]
47424,1.78931E+12,9/13/2026 20:48,SomniGuard,70.1,SpO2:97.6% BPM:70 [61 04 1E 26 BD 02 01 00 18 03 01 54]
47425,1.78931E+12,9/13/2026 20:48,SomniGuard,71.1,SpO2:97.6% BPM:71 [62 04 1E 26 C7 02 01 00 18 03 01 54]
47426,1.78931E+12,9/13/2026 20:48,SomniGuard,70.1,SpO2:97.6% BPM:70 [63 04 1E 26 BD 02 01 00 18 03 01 54]
47427,1.78931E+12,9/13/2026 20:48,SomniGuard,71.1,SpO2:97.6% BPM:71 [64 04 1E 26 C7 02 01 00 18 03 01 54]
47428,1.78931E+12,9/13/2026 20:48,SomniGuard,70.1,SpO2:97.6% BPM:70 [65 04 1E 26 BD 02 01 00 18 03 01 54]
47429,1.78931E+12,9/13/2026 20:48,SomniGuard,71.1,SpO2:97.6% BPM:71 [66 04 1E 26 C7 02 01 00 18 03 01 54]
47430,1.78931E+12,9/13/2026 20:48,SomniGuard,70.1,SpO2:97.6% BPM:70 [67 04 1E 26 BD 02 01 00 18 03 01 54]
47431,1.78931E+12,9/13/2026 20:48,SomniGuard,71.1,SpO2:97.6% BPM:71 [68 04 1E 26 C7 02 01 00 18 03 01 54]
47432,1.78931E+12,9/13/2026 20:48,SomniGuard,70.1,SpO2:97.6% BPM:70 [69 04 1E 26 BD 02 01 00 18 03 01 54]
47433,1.78931E+12,9/13/2026 20:48,SomniGuard,71.1,SpO2:97.6% BPM:71 [6A 04 1E 26 C7 02 01 00 18 03 01 54]
47434,1.78931E+12,9/13/2026 20:48,SomniGuard,70.1,SpO2:97.6% BPM:70 [6B 04 1E 26 BD 02 01 00 18 03 01 54]
47435,1.78931E+12,9/13/2026 20:48,SomniGuard,71.1,SpO2:97.6% BPM:71 [6C 04 1E 26 C7 02 01 00 18 03 01 54]
47436,1.78931E+12,9/13/2026 20:48,SomniGuard,70.1,SpO2:97.6% BPM:70 [6D 04 1E 26 BD 02 01 00 18 03 01 54]
47437,1.78931E+12,9/13/2026 20:48,SomniGuard,71.6,SpO2:97.8% BPM:72 [6E 04 37 26 CC 02 01 00 18 03 01 54]
47438,1.78931E+12,9/13/2026 20:48,SomniGuard,70.6,SpO2:97.8% BPM:71 [6F 04 37 26 C2 02 01 00 18 03 01 54]
47439,1.78931E+12,9/13/2026 20:48,SomniGuard,71.6,SpO2:97.8% BPM:72 [70 04 37 26 CC 02 01 00 18 03 01 54]
47440,1.78931E+12,9/13/2026 20:48,SomniGuard,70.1,SpO2:97.6% BPM:70 [71 04 1E 26 BD 02 01 00 18 03 01 54]
47441,1.78931E+12,9/13/2026 20:48,SomniGuard,71.6,SpO2:97.8% BPM:72 [72 04 37 26 CC 02 01 00 18 03 01 54]
47442,1.78931E+12,9/13/2026 20:48,SomniGuard,70.6,SpO2:97.8% BPM:71 [73 04 37 26 C2 02 01 00 18 03 01 54]
47443,1.78931E+12,9/13/2026 20:48,SomniGuard,71.6,SpO2:97.8% BPM:72 [74 04 37 26 CC 02 01 00 18 03 01 54]
47444,1.78931E+12,9/13/2026 20:48,SomniGuard,70.6,SpO2:97.8% BPM:71 [75 04 37 26 C2 02 01 00 18 03 01 54]
47445,1.78931E+12,9/13/2026 20:48,SomniGuard,71.6,SpO2:97.8% BPM:72 [76 04 37 26 CC 02 01 00 18 03 01 54]
47446,1.78931E+12,9/13/2026 20:48,SomniGuard,70.6,SpO2:97.8% BPM:71 [77 04 37 26 C2 02 01 00 18 03 01 54]
47447,1.78931E+12,9/13/2026 20:48,SomniGuard,71.6,SpO2:97.8% BPM:72 [78 04 37 26 CC 02 01 00 18 03 01 54]
47448,1.78931E+12,9/13/2026 20:48,SomniGuard,70.6,SpO2:97.8% BPM:71 [79 04 37 26 C2 02 01 00 18 03 01 54]
47449,1.78931E+12,9/13/2026 20:48,SomniGuard,71.6,SpO2:97.8% BPM:72 [7A 04 37 26 CC 02 01 00 18 03 01 54]
47450,1.78931E+12,9/13/2026 20:48,SomniGuard,112.5,SpO2:89.6% BPM:113 [7B 04 04 23 65 04 01 00 18 04 01 54]
47451,1.78931E+12,9/13/2026 20:48,SomniGuard,113.3,SpO2:89.5% BPM:113 [7C 04 F5 22 6D 04 01 00 18 04 01 54]
47452,1.78931E+12,9/13/2026 20:48,SomniGuard,114.1,SpO2:89.3% BPM:114 [7D 04 E5 22 75 04 01 00 18 04 01 54]
47453,1.78931E+12,9/13/2026 20:48,SomniGuard,114.9,SpO2:89.2% BPM:115 [7E 04 D6 22 7D 04 01 00 18 04 01 54]
47454,1.78931E+12,9/13/2026 20:48,SomniGuard,115.7,SpO2:89.0% BPM:116 [7F 04 C6 22 85 04 01 00 18 04 01 54]
47455,1.78931E+12,9/13/2026 20:48,SomniGuard,116.5,SpO2:88.9% BPM:117 [80 04 B7 22 8D 04 01 00 18 04 01 54]
47456,1.78931E+12,9/13/2026 20:48,SomniGuard,117.3,SpO2:88.7% BPM:117 [81 04 A7 22 95 04 01 00 18 04 01 54]
47457,1.78931E+12,9/13/2026 20:48,SomniGuard,118.1,SpO2:88.6% BPM:118 [82 04 98 22 9D 04 01 00 18 04 01 54]
47458,1.78931E+12,9/13/2026 20:48,SomniGuard,118.9,SpO2:88.4% BPM:119 [83 04 88 22 A5 04 01 00 18 04 01 54]
47459,1.78931E+12,9/13/2026 20:48,SomniGuard,119.7,SpO2:88.3% BPM:120 [84 04 79 22 AD 04 01 00 18 04 01 54]
47460,1.78931E+12,9/13/2026 20:48,SomniGuard,120.5,SpO2:88.1% BPM:121 [85 04 69 22 B5 04 01 00 18 04 01 54]
47461,1.78931E+12,9/13/2026 20:48,SomniGuard,121.3,SpO2:87.9% BPM:121 [86 04 5A 22 BD 04 01 00 18 04 01 54]
47462,1.78931E+12,9/13/2026 20:48,SomniGuard,122.1,SpO2:87.8% BPM:122 [87 04 4A 22 C5 04 01 00 18 04 01 54]
47463,1.78931E+12,9/13/2026 20:48,SomniGuard,122.9,SpO2:87.6% BPM:123 [88 04 3B 22 CD 04 01 00 18 04 01 54]
47464,1.78931E+12,9/13/2026 20:48,SomniGuard,123.7,SpO2:87.5% BPM:124 [89 04 2B 22 D5 04 01 00 18 04 01 54]
47465,1.78931E+12,9/13/2026 20:48,SomniGuard,124.5,SpO2:87.3% BPM:125 [8A 04 1C 22 DD 04 01 00 18 04 01 54]
47466,1.78931E+12,9/13/2026 20:48,SomniGuard,125.3,SpO2:87.2% BPM:125 [8B 04 0C 22 E5 04 01 00 18 04 01 54]
47467,1.78931E+12,9/13/2026 20:48,SomniGuard,126.1,SpO2:87.0% BPM:126 [8C 04 FD 21 ED 04 01 00 18 04 01 54]
47468,1.78931E+12,9/13/2026 20:48,SomniGuard,126.9,SpO2:86.8% BPM:127 [8D 04 ED 21 F5 04 01 00 18 04 01 54]
47469,1.78931E+12,9/13/2026 20:48,SomniGuard,127.7,SpO2:86.7% BPM:128 [8E 04 DE 21 FD 04 01 00 18 04 01 54]
47470,1.78931E+12,9/13/2026 20:48,SomniGuard,128.5,SpO2:86.5% BPM:129 [8F 04 CE 21 05 05 01 00 18 04 01 54]
47471,1.78931E+12,9/13/2026 20:48,SomniGuard,129.3,SpO2:86.4% BPM:129 [90 04 BF 21 0D 05 01 00 18 04 01 54]
47472,1.78931E+12,9/13/2026 20:48,SomniGuard,130.1,SpO2:86.2% BPM:130 [91 04 AF 21 15 05 01 00 18 04 01 54]
47473,1.78931E+12,9/13/2026 20:48,SomniGuard,130.9,SpO2:86.1% BPM:131 [92 04 A0 21 1D 05 01 00 18 04 01 53]
47474,1.78931E+12,9/13/2026 20:48,SomniGuard,131.7,SpO2:85.9% BPM:132 [93 04 90 21 25 05 01 00 18 04 01 53]
47475,1.78931E+12,9/13/2026 20:48,SomniGuard,132.5,SpO2:85.8% BPM:133 [94 04 81 21 2D 05 01 00 18 04 01 53]
47476,1.78931E+12,9/13/2026 20:48,SomniGuard,133.3,SpO2:85.6% BPM:133 [95 04 71 21 35 05 01 00 18 04 01 53]
47477,1.78931E+12,9/13/2026 20:49,SomniGuard,134.1,SpO2:85.5% BPM:134 [96 04 62 21 3D 05 01 00 18 04 01 53]
47478,1.78931E+12,9/13/2026 20:49,SomniGuard,134.9,SpO2:85.3% BPM:135 [97 04 52 21 45 05 01 00 18 04 01 53]
47479,1.78931E+12,9/13/2026 20:49,SomniGuard,135.7,SpO2:85.2% BPM:136 [98 04 43 21 4D 05 01 00 18 04 01 53]
47480,1.78931E+12,9/13/2026 20:49,SomniGuard,136.5,SpO2:85.0% BPM:137 [99 04 33 21 55 05 01 00 18 04 01 53]
47481,1.78931E+12,9/13/2026 20:49,SomniGuard,137.3,SpO2:84.8% BPM:137 [9A 04 24 21 5D 05 01 00 18 04 01 53]
47482,1.78931E+12,9/13/2026 20:49,SomniGuard,138.1,SpO2:84.7% BPM:138 [9B 04 14 21 65 05 01 00 18 04 01 53]
47483,1.78931E+12,9/13/2026 20:49,SomniGuard,138.9,SpO2:84.5% BPM:139 [9C 04 05 21 6D 05 01 00 18 04 01 53]
47484,1.78931E+12,9/13/2026 20:49,SomniGuard,139.7,SpO2:84.4% BPM:140 [9D 04 F5 20 75 05 01 00 18 04 01 53]
47485,1.78931E+12,9/13/2026 20:49,SomniGuard,140.5,SpO2:84.2% BPM:141 [9E 04 E6 20 7D 05 01 00 18 04 01 53]
47486,1.78931E+12,9/13/2026 20:49,SomniGuard,141.3,SpO2:84.1% BPM:141 [9F 04 D6 20 85 05 01 00 18 04 01 53]
47487,1.78931E+12,9/13/2026 20:49,SomniGuard,142.1,SpO2:83.9% BPM:142 [A0 04 C7 20 8D 05 01 00 18 04 01 53]
47488,1.78931E+12,9/13/2026 20:49,SomniGuard,142.9,SpO2:83.8% BPM:143 [A1 04 B7 20 95 05 01 00 18 04 01 53]
47489,1.78931E+12,9/13/2026 20:49,SomniGuard,143.7,SpO2:83.6% BPM:144 [A2 04 A8 20 9D 05 01 00 18 04 01 53]
47490,1.78931E+12,9/13/2026 20:49,SomniGuard,144.5,SpO2:83.4% BPM:145 [A3 04 98 20 A5 05 01 00 18 04 01 53]
47491,1.78931E+12,9/13/2026 20:49,SomniGuard,145.3,SpO2:83.3% BPM:145 [A4 04 89 20 AD 05 01 00 18 04 01 53]
47492,1.78931E+12,9/13/2026 20:49,SomniGuard,146.1,SpO2:83.1% BPM:146 [A5 04 79 20 B5 05 01 00 18 04 01 53]
47493,1.78931E+12,9/13/2026 20:49,SomniGuard,146.9,SpO2:83.0% BPM:147 [A6 04 6A 20 BD 05 01 00 18 04 01 53]
47494,1.78931E+12,9/13/2026 20:49,SomniGuard,147.7,SpO2:82.8% BPM:148 [A7 04 5A 20 C5 05 01 00 18 04 01 53]
47495,1.78931E+12,9/13/2026 20:49,SomniGuard,0,SOS [53 4F 53]
47496,1.78931E+12,9/13/2026 20:49,SomniGuard,0,SOS [01 11 05 00 00 00 00 00]
47497,1.78931E+12,9/13/2026 20:49,SomniGuard,148.5,SpO2:82.7% BPM:149 [A8 04 4B 20 CD 05 01 00 18 04 01 53]
47498,1.78931E+12,9/13/2026 20:49,SomniGuard,149.3,SpO2:82.5% BPM:149 [A9 04 3B 20 D5 05 01 00 18 04 01 53]
47499,1.78931E+12,9/13/2026 20:49,SomniGuard,150.1,SpO2:82.4% BPM:150 [AA 04 2C 20 DD 05 01 00 18 04 01 53]
47500,1.78931E+12,9/13/2026 20:49,SomniGuard,150.9,SpO2:82.2% BPM:151 [AB 04 1C 20 E5 05 01 00 18 04 01 53]
47501,1.78931E+12,9/13/2026 20:49,SomniGuard,151.7,SpO2:82.1% BPM:152 [AC 04 0D 20 ED 05 01 00 18 04 01 53]
47502,1.78931E+12,9/13/2026 20:49,SomniGuard,70.6,SpO2:97.8% BPM:71 [AD 04 37 26 C2 02 01 00 18 04 01 53]
47503,1.78931E+12,9/13/2026 20:49,SomniGuard,71.6,SpO2:97.8% BPM:72 [AE 04 37 26 CC 02 01 00 18 04 01 53]
47504,1.78931E+12,9/13/2026 20:49,SomniGuard,70.6,SpO2:97.8% BPM:71 [AF 04 37 26 C2 02 01 00 18 04 01 53]
47505,1.78931E+12,9/13/2026 20:49,SomniGuard,71.6,SpO2:97.8% BPM:72 [B0 04 37 26 CC 02 01 00 18 04 01 53]
47506,1.78931E+12,9/13/2026 20:49,SomniGuard,70.6,SpO2:97.8% BPM:71 [B1 04 37 26 C2 02 01 00 18 04 01 53]
47507,1.78931E+12,9/13/2026 20:49,SomniGuard,0,SOS [53 4F 53]
47508,1.78931E+12,9/13/2026 20:49,SomniGuard,0,SOS [01 11 06 00 00 00 00 00]
47509,1.78931E+12,9/13/2026 20:49,SomniGuard,71.6,SpO2:97.8% BPM:72 [B2 04 37 26 CC 02 01 00 18 04 01 53]
47510,1.78931E+12,9/13/2026 20:49,SomniGuard,70.6,SpO2:97.8% BPM:71 [B3 04 37 26 C2 02 01 00 18 04 01 53]
47511,1.78931E+12,9/13/2026 20:49,SomniGuard,71.6,SpO2:97.8% BPM:72 [B4 04 37 26 CC 02 01 00 18 04 01 53]
47512,1.78931E+12,9/13/2026 20:49,SomniGuard,70.6,SpO2:97.8% BPM:71 [B5 04 37 26 C2 02 01 00 18 04 01 53]
47513,1.78931E+12,9/13/2026 20:49,SomniGuard,71.6,SpO2:97.8% BPM:72 [B6 04 37 26 CC 02 01 00 18 04 01 53]
47514,1.78931E+12,9/13/2026 20:49,SomniGuard,70.6,SpO2:97.8% BPM:71 [B7 04 37 26 C2 02 01 00 18 04 01 53]
47515,1.78931E+12,9/13/2026 20:49,SomniGuard,71.6,SpO2:97.8% BPM:72 [B8 04 37 26 CC 02 01 00 18 04 01 53]
47516,1.78931E+12,9/13/2026 20:49,SomniGuard,70.6,SpO2:97.8% BPM:71 [B9 04 37 26 C2 02 01 00 18 04 01 53]
47517,1.78931E+12,9/13/2026 20:49,SomniGuard,71.6,SpO2:97.8% BPM:72 [BA 04 37 26 CC 02 01 00 18 04 01 53]
47518,1.78931E+12,9/13/2026 20:49,SomniGuard,70.6,SpO2:97.8% BPM:71 [BB 04 37 26 C2 02 01 00 18 04 01 53]
47519,1.78931E+12,9/13/2026 20:49,SomniGuard,71.6,SpO2:97.8% BPM:72 [BC 04 37 26 CC 02 01 00 18 04 01 53]
47520,1.78931E+12,9/13/2026 20:49,SomniGuard,70.6,SpO2:97.8% BPM:71 [BD 04 37 26 C2 02 01 00 18 04 01 53]
47521,1.78931E+12,9/13/2026 20:49,SomniGuard,71.6,SpO2:97.8% BPM:72 [BE 04 37 26 CC 02 01 00 18 04 01 53]
47522,1.78931E+12,9/13/2026 20:49,SomniGuard,70.6,SpO2:97.8% BPM:71 [BF 04 37 26 C2 02 01 00 18 04 01 53]
47523,1.78931E+12,9/13/2026 20:49,SomniGuard,71.6,SpO2:97.8% BPM:72 [C0 04 37 26 CC 02 01 00 18 04 01 53]
47524,1.78931E+12,9/13/2026 20:49,SomniGuard,70.6,SpO2:97.8% BPM:71 [C1 04 37 26 C2 02 01 00 18 03 00 53]
47525,1.78931E+12,9/13/2026 20:49,SomniGuard,71.6,SpO2:97.8% BPM:72 [C2 04 37 26 CC 02 01 00 18 03 00 53]
47526,1.78931E+12,9/13/2026 20:49,SomniGuard,70.6,SpO2:97.8% BPM:71 [C3 04 37 26 C2 02 01 00 18 03 00 53]
47527,1.78931E+12,9/13/2026 20:49,SomniGuard,71.6,SpO2:97.8% BPM:72 [C4 04 37 26 CC 02 01 00 18 03 00 53]
47528,1.78931E+12,9/13/2026 20:49,SomniGuard,70.6,SpO2:97.8% BPM:71 [C5 04 37 26 C2 02 01 00 18 03 00 53]
47529,1.78931E+12,9/13/2026 20:49,SomniGuard,71.6,SpO2:97.8% BPM:72 [C6 04 37 26 CC 02 01 00 18 03 00 53]
47530,1.78931E+12,9/13/2026 20:49,SomniGuard,70.6,SpO2:97.8% BPM:71 [C7 04 37 26 C2 02 01 00 18 03 00 53]
47531,1.78931E+12,9/13/2026 20:49,SomniGuard,71.6,SpO2:97.8% BPM:72 [C8 04 37 26 CC 02 01 00 18 03 00 53]
47532,1.78931E+12,9/13/2026 20:49,SomniGuard,70.6,SpO2:97.8% BPM:71 [C9 04 37 26 C2 02 01 00 18 03 00 53]
47533,1.78931E+12,9/13/2026 20:49,SomniGuard,71.6,SpO2:97.8% BPM:72 [CA 04 37 26 CC 02 01 00 18 03 00 53]
47534,1.78931E+12,9/13/2026 20:49,SomniGuard,70.6,SpO2:97.8% BPM:71 [CB 04 37 26 C2 02 01 00 18 03 00 53]
47535,1.78931E+12,9/13/2026 20:49,SomniGuard,71.6,SpO2:97.8% BPM:72 [CC 04 37 26 CC 02 01 00 18 03 00 53]
47536,1.78931E+12,9/13/2026 20:49,SomniGuard,70.6,SpO2:97.8% BPM:71 [CD 04 37 26 C2 02 01 00 18 03 00 53]
47537,1.78931E+12,9/13/2026 20:49,SomniGuard,71.6,SpO2:97.8% BPM:72 [CE 04 37 26 CC 02 01 00 18 03 00 53]
47538,1.78931E+12,9/13/2026 20:49,SomniGuard,70.6,SpO2:97.8% BPM:71 [CF 04 37 26 C2 02 01 00 18 03 00 53]
47539,1.78931E+12,9/13/2026 20:49,SomniGuard,71.6,SpO2:97.8% BPM:72 [D0 04 37 26 CC 02 01 00 18 03 00 53]
47540,1.78931E+12,9/13/2026 20:49,SomniGuard,70.6,SpO2:97.8% BPM:71 [D1 04 37 26 C2 02 01 00 18 03 00 53]
47541,1.78931E+12,9/13/2026 20:50,SomniGuard,71.6,SpO2:97.8% BPM:72 [D2 04 37 26 CC 02 01 00 18 03 00 53]
47542,1.78931E+12,9/13/2026 20:50,SomniGuard,70.6,SpO2:97.8% BPM:71 [D3 04 37 26 C2 02 01 00 18 03 00 53]
47543,1.78931E+12,9/13/2026 20:50,SomniGuard,71.6,SpO2:97.8% BPM:72 [D4 04 37 26 CC 02 01 00 18 03 00 53]
47544,1.78931E+12,9/13/2026 20:50,SomniGuard,70.6,SpO2:97.8% BPM:71 [D5 04 37 26 C2 02 01 00 18 03 00 53]
47545,1.78931E+12,9/13/2026 20:50,SomniGuard,71.6,SpO2:97.8% BPM:72 [D6 04 37 26 CC 02 01 00 18 03 00 53]
47546,1.78931E+12,9/13/2026 20:50,SomniGuard,70.6,SpO2:97.8% BPM:71 [D7 04 37 26 C2 02 01 00 18 03 00 53]
47547,1.78931E+12,9/13/2026 20:50,SomniGuard,71.6,SpO2:97.8% BPM:72 [D8 04 37 26 CC 02 01 00 18 03 00 53]
47548,1.78931E+12,9/13/2026 20:50,SomniGuard,70.6,SpO2:97.8% BPM:71 [D9 04 37 26 C2 02 01 00 18 03 00 53]
47549,1.78931E+12,9/13/2026 20:50,SomniGuard,71.6,SpO2:97.8% BPM:72 [DA 04 37 26 CC 02 01 00 18 03 00 53]
47550,1.78931E+12,9/13/2026 20:50,SomniGuard,70.6,SpO2:97.8% BPM:71 [DB 04 37 26 C2 02 01 00 18 03 00 53]
47551,1.78931E+12,9/13/2026 20:50,SomniGuard,71.6,SpO2:97.8% BPM:72 [DC 04 37 26 CC 02 01 00 18 03 00 53]
47552,1.78931E+12,9/13/2026 20:50,SomniGuard,70.6,SpO2:97.8% BPM:71 [DD 04 37 26 C2 02 01 00 18 03 00 53]
47553,1.78931E+12,9/13/2026 20:50,SomniGuard,71.6,SpO2:97.8% BPM:72 [DE 04 37 26 CC 02 01 00 18 03 00 53]
47554,1.78931E+12,9/13/2026 20:50,SomniGuard,70.6,SpO2:97.8% BPM:71 [DF 04 37 26 C2 02 01 00 18 03 01 53]
47555,1.78931E+12,9/13/2026 20:50,SomniGuard,71.6,SpO2:97.8% BPM:72 [E0 04 37 26 CC 02 01 00 18 03 01 53]
47556,1.78931E+12,9/13/2026 20:50,SomniGuard,70.6,SpO2:97.8% BPM:71 [E1 04 37 26 C2 02 01 00 18 03 01 53]
47557,1.78931E+12,9/13/2026 20:50,SomniGuard,71.6,SpO2:97.8% BPM:72 [E2 04 37 26 CC 02 01 00 18 03 01 53]
47558,1.78931E+12,9/13/2026 20:50,SomniGuard,70.6,SpO2:97.8% BPM:71 [E3 04 37 26 C2 02 01 00 18 03 01 53]
47559,1.78931E+12,9/13/2026 20:50,SomniGuard,71.6,SpO2:97.8% BPM:72 [E4 04 37 26 CC 02 01 00 18 03 01 53]
47560,1.78931E+12,9/13/2026 20:50,SomniGuard,70.6,SpO2:97.8% BPM:71 [E5 04 37 26 C2 02 01 00 18 03 01 53]
47561,1.78931E+12,9/13/2026 20:50,SomniGuard,71.6,SpO2:97.8% BPM:72 [E6 04 37 26 CC 02 01 00 18 03 01 53]
47562,1.78931E+12,9/13/2026 20:50,SomniGuard,70.6,SpO2:97.8% BPM:71 [E7 04 37 26 C2 02 01 00 18 03 01 53]
47563,1.78931E+12,9/13/2026 20:50,SomniGuard,71.6,SpO2:97.8% BPM:72 [E8 04 37 26 CC 02 01 00 18 03 01 53]
47564,1.78931E+12,9/13/2026 20:50,SomniGuard,70.6,SpO2:97.8% BPM:71 [E9 04 37 26 C2 02 01 00 18 03 01 53]
47565,1.78931E+12,9/13/2026 20:50,SomniGuard,71.6,SpO2:97.8% BPM:72 [EA 04 37 26 CC 02 01 00 18 03 01 53]
47566,1.78931E+12,9/13/2026 20:50,SomniGuard,70.6,SpO2:97.8% BPM:71 [EB 04 37 26 C2 02 01 00 18 03 01 53]
47567,1.78931E+12,9/13/2026 20:50,SomniGuard,71.6,SpO2:97.8% BPM:72 [EC 04 37 26 CC 02 01 00 18 03 01 53]
47568,1.78931E+12,9/13/2026 20:50,SomniGuard,70.6,SpO2:97.8% BPM:71 [ED 04 37 26 C2 02 01 00 18 03 01 53]
47569,1.78931E+12,9/13/2026 20:50,SomniGuard,71.6,SpO2:97.8% BPM:72 [EE 04 37 26 CC 02 01 00 18 03 01 53]
47570,1.78931E+12,9/13/2026 20:50,SomniGuard,70.6,SpO2:97.8% BPM:71 [EF 04 37 26 C2 02 01 00 18 03 01 53]
47571,1.78931E+12,9/13/2026 20:50,SomniGuard,71.6,SpO2:97.8% BPM:72 [F0 04 37 26 CC 02 01 00 18 03 01 53]
47572,1.78931E+12,9/13/2026 20:50,SomniGuard,70.6,SpO2:97.8% BPM:71 [F1 04 37 26 C2 02 01 00 18 03 01 53]
47573,1.78931E+12,9/13/2026 20:50,SomniGuard,71.6,SpO2:97.8% BPM:72 [F2 04 37 26 CC 02 01 00 18 03 01 53]
47574,1.78931E+12,9/13/2026 20:50,SomniGuard,70.6,SpO2:97.8% BPM:71 [F3 04 37 26 C2 02 01 00 18 03 01 53]
47575,1.78931E+12,9/13/2026 20:50,SomniGuard,71.6,SpO2:97.8% BPM:72 [F4 04 37 26 CC 02 01 00 18 03 01 53]
47576,1.78931E+12,9/13/2026 20:50,SomniGuard,70.6,SpO2:97.8% BPM:71 [F5 04 37 26 C2 02 01 00 18 03 01 53]
47577,1.78931E+12,9/13/2026 20:50,SomniGuard,71.6,SpO2:97.8% BPM:72 [F6 04 37 26 CC 02 01 00 18 03 01 53]
47578,1.78931E+12,9/13/2026 20:50,SomniGuard,70.6,SpO2:97.8% BPM:71 [F7 04 37 26 C2 02 01 00 18 03 01 53]
47579,1.78931E+12,9/13/2026 20:50,SomniGuard,71.6,SpO2:97.8% BPM:72 [F8 04 37 26 CC 02 01 00 18 03 01 53]
47580,1.78931E+12,9/13/2026 20:50,SomniGuard,70.6,SpO2:97.8% BPM:71 [F9 04 37 26 C2 02 01 00 18 03 01 53]
47581,1.78931E+12,9/13/2026 20:50,SomniGuard,71.6,SpO2:97.8% BPM:72 [FA 04 37 26 CC 02 01 00 18 03 01 53]
47582,1.78931E+12,9/13/2026 20:50,SomniGuard,70.6,SpO2:97.8% BPM:71 [FB 04 37 26 C2 02 01 00 18 03 01 53]
47583,1.78931E+12,9/13/2026 20:50,SomniGuard,71.6,SpO2:97.8% BPM:72 [FC 04 37 26 CC 02 01 00 18 03 01 53]
47584,1.78931E+12,9/13/2026 20:50,SomniGuard,70.6,SpO2:97.8% BPM:71 [FD 04 37 26 C2 02 01 00 18 03 01 53]
47585,1.78931E+12,9/13/2026 20:50,SomniGuard,71.6,SpO2:97.8% BPM:72 [FE 04 37 26 CC 02 01 00 18 03 01 53]
47586,1.78931E+12,9/13/2026 20:50,SomniGuard,70.6,SpO2:97.8% BPM:71 [FF 04 37 26 C2 02 01 00 18 03 01 53]
47587,1.78931E+12,9/13/2026 20:50,SomniGuard,71.6,SpO2:97.8% BPM:72 [00 05 37 26 CC 02 01 00 18 03 01 53]
47588,1.78931E+12,9/13/2026 20:50,SomniGuard,70.6,SpO2:97.8% BPM:71 [01 05 37 26 C2 02 01 00 18 03 01 53]
47589,1.78931E+12,9/13/2026 20:50,SomniGuard,71.6,SpO2:97.8% BPM:72 [02 05 37 26 CC 02 01 00 18 03 01 53]
47590,1.78931E+12,9/13/2026 20:50,SomniGuard,70.6,SpO2:97.8% BPM:71 [03 05 37 26 C2 02 01 00 18 03 01 53]
47591,1.78931E+12,9/13/2026 20:50,SomniGuard,71.6,SpO2:97.8% BPM:72 [04 05 37 26 CC 02 01 00 18 03 01 53]
47592,1.78931E+12,9/13/2026 20:50,SomniGuard,70.6,SpO2:97.8% BPM:71 [05 05 37 26 C2 02 01 00 18 03 01 53]
47593,1.78931E+12,9/13/2026 20:50,SomniGuard,71.6,SpO2:97.8% BPM:72 [06 05 37 26 CC 02 01 00 18 03 01 53]
47594,1.78931E+12,9/13/2026 20:50,SomniGuard,70.6,SpO2:97.8% BPM:71 [07 05 37 26 C2 02 01 00 18 03 01 53]
47595,1.78931E+12,9/13/2026 20:50,SomniGuard,71.6,SpO2:97.8% BPM:72 [08 05 37 26 CC 02 01 00 18 03 01 53]
47596,1.78931E+12,9/13/2026 20:50,SomniGuard,70.6,SpO2:97.8% BPM:71 [09 05 37 26 C2 02 01 00 18 03 01 53]
47597,1.78931E+12,9/13/2026 20:50,SomniGuard,71.6,SpO2:97.8% BPM:72 [0A 05 37 26 CC 02 01 00 18 03 01 53]
47598,1.78931E+12,9/13/2026 20:50,SomniGuard,70.6,SpO2:97.8% BPM:71 [0B 05 37 26 C2 02 01 00 18 03 01 53]
47599,1.78931E+12,9/13/2026 20:50,SomniGuard,71.6,SpO2:97.8% BPM:72 [0C 05 37 26 CC 02 01 00 18 03 01 53]
47600,1.78931E+12,9/13/2026 20:51,SomniGuard,70.6,SpO2:97.8% BPM:71 [0D 05 37 26 C2 02 01 00 18 03 01 53]
47601,1.78931E+12,9/13/2026 20:51,SomniGuard,71.6,SpO2:97.8% BPM:72 [0E 05 37 26 CC 02 01 00 18 03 01 53]
47602,1.78931E+12,9/13/2026 20:51,SomniGuard,70.6,SpO2:97.8% BPM:71 [0F 05 37 26 C2 02 01 00 18 03 01 53]
47603,1.78931E+12,9/13/2026 20:51,SomniGuard,71.6,SpO2:97.8% BPM:72 [10 05 37 26 CC 02 01 00 18 03 01 53]
47604,1.78931E+12,9/13/2026 20:51,SomniGuard,70.6,SpO2:97.8% BPM:71 [11 05 37 26 C2 02 01 00 18 03 01 53]
47605,1.78931E+12,9/13/2026 20:51,SomniGuard,71.6,SpO2:97.8% BPM:72 [12 05 37 26 CC 02 01 00 18 03 01 53]
47606,1.78931E+12,9/13/2026 20:51,SomniGuard,70.6,SpO2:97.8% BPM:71 [13 05 37 26 C2 02 01 00 18 03 01 53]
47607,1.78931E+12,9/13/2026 20:51,SomniGuard,71.6,SpO2:97.8% BPM:72 [14 05 37 26 CC 02 01 00 18 03 01 53]
47608,1.78931E+12,9/13/2026 20:51,SomniGuard,70.6,SpO2:97.8% BPM:71 [15 05 37 26 C2 02 01 00 18 03 01 53]
47609,1.78931E+12,9/13/2026 20:51,SomniGuard,71.6,SpO2:97.8% BPM:72 [16 05 37 26 CC 02 01 00 18 03 01 53]
47610,1.78931E+12,9/13/2026 20:51,SomniGuard,70.6,SpO2:97.8% BPM:71 [17 05 37 26 C2 02 01 00 18 03 01 53]
47611,1.78931E+12,9/13/2026 20:51,SomniGuard,71.6,SpO2:97.8% BPM:72 [18 05 37 26 CC 02 01 00 18 03 01 53]
47612,1.78931E+12,9/13/2026 20:51,SomniGuard,70.6,SpO2:97.8% BPM:71 [19 05 37 26 C2 02 01 00 18 03 01 53]
47613,1.78931E+12,9/13/2026 20:51,SomniGuard,71.6,SpO2:97.8% BPM:72 [1A 05 37 26 CC 02 01 00 18 03 01 53]
47614,1.78931E+12,9/13/2026 20:51,SomniGuard,70.6,SpO2:97.8% BPM:71 [1B 05 37 26 C2 02 01 00 18 03 01 53]
47615,1.78931E+12,9/13/2026 20:51,SomniGuard,71.6,SpO2:97.8% BPM:72 [1C 05 37 26 CC 02 01 00 18 03 01 53]
47616,1.78931E+12,9/13/2026 20:51,SomniGuard,70.6,SpO2:97.8% BPM:71 [1D 05 37 26 C2 02 01 00 18 03 01 53]
47617,1.78931E+12,9/13/2026 20:51,SomniGuard,71.6,SpO2:97.8% BPM:72 [1E 05 37 26 CC 02 01 00 18 03 01 53]
47618,1.78931E+12,9/13/2026 20:51,SomniGuard,70.6,SpO2:97.8% BPM:71 [1F 05 37 26 C2 02 01 00 18 03 01 53]
47619,1.78931E+12,9/13/2026 20:51,SomniGuard,71.6,SpO2:97.8% BPM:72 [20 05 37 26 CC 02 01 00 18 03 01 53]
47620,1.78931E+12,9/13/2026 20:51,SomniGuard,70.6,SpO2:97.8% BPM:71 [21 05 37 26 C2 02 01 00 18 03 01 53]
47621,1.78931E+12,9/13/2026 20:51,SomniGuard,71.6,SpO2:97.8% BPM:72 [22 05 37 26 CC 02 01 00 18 03 01 53]
47622,1.78931E+12,9/13/2026 20:51,SomniGuard,70.6,SpO2:97.8% BPM:71 [23 05 37 26 C2 02 01 00 18 03 01 53]
47623,1.78931E+12,9/13/2026 20:51,SomniGuard,71.6,SpO2:97.8% BPM:72 [24 05 37 26 CC 02 01 00 18 03 01 53]
47624,1.78931E+12,9/13/2026 20:51,SomniGuard,70.6,SpO2:97.8% BPM:71 [25 05 37 26 C2 02 01 00 18 03 01 53]
47625,1.78931E+12,9/13/2026 20:51,SomniGuard,71.6,SpO2:97.8% BPM:72 [26 05 37 26 CC 02 01 00 18 03 01 53]
47626,1.78931E+12,9/13/2026 20:51,SomniGuard,70.6,SpO2:97.8% BPM:71 [27 05 37 26 C2 02 01 00 18 03 01 53]
47627,1.78931E+12,9/13/2026 20:51,SomniGuard,71.6,SpO2:97.8% BPM:72 [28 05 37 26 CC 02 01 00 18 03 01 53]
47628,1.78931E+12,9/13/2026 20:51,SomniGuard,70.6,SpO2:97.8% BPM:71 [29 05 37 26 C2 02 01 00 18 03 01 53]
47629,1.78931E+12,9/13/2026 20:51,SomniGuard,70.1,SpO2:97.6% BPM:70 [2A 05 1E 26 BD 02 01 00 18 03 01 53]
47630,1.78931E+12,9/13/2026 20:51,SomniGuard,71.1,SpO2:97.6% BPM:71 [2B 05 1E 26 C7 02 01 00 18 03 01 53]
47631,1.78931E+12,9/13/2026 20:51,SomniGuard,70.1,SpO2:97.6% BPM:70 [2C 05 1E 26 BD 02 01 00 18 03 01 53]
47632,1.78931E+12,9/13/2026 20:51,SomniGuard,71.1,SpO2:97.6% BPM:71 [2D 05 1E 26 C7 02 01 00 18 03 01 53]
47633,1.78931E+12,9/13/2026 20:51,SomniGuard,70.1,SpO2:97.6% BPM:70 [2E 05 1E 26 BD 02 01 00 18 03 01 53]
47634,1.78931E+12,9/13/2026 20:51,SomniGuard,71.1,SpO2:97.6% BPM:71 [2F 05 1E 26 C7 02 01 00 18 03 01 53]
47635,1.78931E+12,9/13/2026 20:51,SomniGuard,70.1,SpO2:97.6% BPM:70 [30 05 1E 26 BD 02 01 00 18 03 01 53]
47636,1.78931E+12,9/13/2026 20:51,SomniGuard,71.1,SpO2:97.6% BPM:71 [31 05 1E 26 C7 02 01 00 18 03 01 53]
47637,1.78931E+12,9/13/2026 20:51,SomniGuard,70.1,SpO2:97.6% BPM:70 [32 05 1E 26 BD 02 01 00 18 03 01 53]
47638,1.78931E+12,9/13/2026 20:51,SomniGuard,71.1,SpO2:97.6% BPM:71 [33 05 1E 26 C7 02 01 00 18 03 01 53]
47639,1.78931E+12,9/13/2026 20:51,SomniGuard,70.1,SpO2:97.6% BPM:70 [34 05 1E 26 BD 02 01 00 18 03 01 53]
47640,1.78931E+12,9/13/2026 20:51,SomniGuard,71.1,SpO2:97.6% BPM:71 [35 05 1E 26 C7 02 01 00 18 03 01 53]
47641,1.78931E+12,9/13/2026 20:51,SomniGuard,70.1,SpO2:97.6% BPM:70 [36 05 1E 26 BD 02 01 00 18 03 01 53]
47642,1.78931E+12,9/13/2026 20:51,SomniGuard,71.1,SpO2:97.6% BPM:71 [37 05 1E 26 C7 02 01 00 18 03 01 53]
47643,1.78931E+12,9/13/2026 20:51,SomniGuard,70.1,SpO2:97.6% BPM:70 [38 05 1E 26 BD 02 01 00 18 03 01 53]
47644,1.78931E+12,9/13/2026 20:51,SomniGuard,71.1,SpO2:97.6% BPM:71 [39 05 1E 26 C7 02 01 00 18 03 01 53]
47645,1.78931E+12,9/13/2026 20:51,SomniGuard,70.1,SpO2:97.6% BPM:70 [3A 05 1E 26 BD 02 01 00 18 03 01 53]
47646,1.78931E+12,9/13/2026 20:51,SomniGuard,71.1,SpO2:97.6% BPM:71 [3B 05 1E 26 C7 02 01 00 18 03 01 53]
47647,1.78931E+12,9/13/2026 20:51,SomniGuard,70.1,SpO2:97.6% BPM:70 [3C 05 1E 26 BD 02 01 00 18 03 01 53]
47648,1.78931E+12,9/13/2026 20:51,SomniGuard,71.1,SpO2:97.6% BPM:71 [3D 05 1E 26 C7 02 01 00 18 03 01 53]
47649,1.78931E+12,9/13/2026 20:51,SomniGuard,70.1,SpO2:97.6% BPM:70 [3E 05 1E 26 BD 02 01 00 18 03 01 53]
47650,1.78931E+12,9/13/2026 20:51,SomniGuard,71.1,SpO2:97.6% BPM:71 [3F 05 1E 26 C7 02 01 00 18 03 01 53]
47651,1.78931E+12,9/13/2026 20:51,SomniGuard,70.1,SpO2:97.6% BPM:70 [40 05 1E 26 BD 02 01 00 18 03 01 53]
47652,1.78931E+12,9/13/2026 20:51,SomniGuard,71.1,SpO2:97.6% BPM:71 [41 05 1E 26 C7 02 01 00 18 03 01 53]
47653,1.78931E+12,9/13/2026 20:51,SomniGuard,70.1,SpO2:97.6% BPM:70 [42 05 1E 26 BD 02 01 00 18 03 01 53]
47654,1.78931E+12,9/13/2026 20:51,SomniGuard,71.1,SpO2:97.6% BPM:71 [43 05 1E 26 C7 02 01 00 18 03 01 53]
47655,1.78931E+12,9/13/2026 20:51,SomniGuard,70.1,SpO2:97.6% BPM:70 [44 05 1E 26 BD 02 01 00 18 03 01 53]
47656,1.78931E+12,9/13/2026 20:51,SomniGuard,71.1,SpO2:97.6% BPM:71 [45 05 1E 26 C7 02 01 00 18 03 01 53]
47657,1.78931E+12,9/13/2026 20:51,SomniGuard,70.1,SpO2:97.6% BPM:70 [46 05 1E 26 BD 02 01 00 18 03 01 53]
47658,1.78931E+12,9/13/2026 20:51,SomniGuard,71.1,SpO2:97.6% BPM:71 [47 05 1E 26 C7 02 01 00 18 03 01 53]
47659,1.78931E+12,9/13/2026 20:51,SomniGuard,70.1,SpO2:97.6% BPM:70 [48 05 1E 26 BD 02 01 00 18 03 01 53]
47660,1.78931E+12,9/13/2026 20:52,SomniGuard,71.1,SpO2:97.6% BPM:71 [49 05 1E 26 C7 02 01 00 18 03 01 53]
47661,1.78931E+12,9/13/2026 20:52,SomniGuard,70.1,SpO2:97.6% BPM:70 [4A 05 1E 26 BD 02 01 00 18 03 01 53]
47662,1.78931E+12,9/13/2026 20:52,SomniGuard,71.1,SpO2:97.6% BPM:71 [4B 05 1E 26 C7 02 01 00 18 03 01 53]
47663,1.78931E+12,9/13/2026 20:52,SomniGuard,70.1,SpO2:97.6% BPM:70 [4C 05 1E 26 BD 02 01 00 18 03 01 53]
47664,1.78931E+12,9/13/2026 20:52,SomniGuard,71.1,SpO2:97.6% BPM:71 [4D 05 1E 26 C7 02 01 00 18 03 01 53]
47665,1.78931E+12,9/13/2026 20:52,SomniGuard,70.1,SpO2:97.6% BPM:70 [4E 05 1E 26 BD 02 01 00 18 03 01 53]
47666,1.78931E+12,9/13/2026 20:52,SomniGuard,71.1,SpO2:97.6% BPM:71 [4F 05 1E 26 C7 02 01 00 18 03 01 53]
47667,1.78931E+12,9/13/2026 20:52,SomniGuard,70.1,SpO2:97.6% BPM:70 [50 05 1E 26 BD 02 01 00 18 03 01 53]
47668,1.78931E+12,9/13/2026 20:52,SomniGuard,71.1,SpO2:97.6% BPM:71 [51 05 1E 26 C7 02 01 00 18 03 01 53]
47669,1.78931E+12,9/13/2026 20:52,SomniGuard,70.1,SpO2:97.6% BPM:70 [52 05 1E 26 BD 02 01 00 18 03 01 53]
47670,1.78931E+12,9/13/2026 20:52,SomniGuard,71.1,SpO2:97.6% BPM:71 [53 05 1E 26 C7 02 01 00 18 03 01 53]
47671,1.78931E+12,9/13/2026 20:52,SomniGuard,70.1,SpO2:97.6% BPM:70 [54 05 1E 26 BD 02 01 00 18 03 01 53]
47672,1.78931E+12,9/13/2026 20:52,SomniGuard,71.1,SpO2:97.6% BPM:71 [55 05 1E 26 C7 02 01 00 18 03 01 53]
47673,1.78931E+12,9/13/2026 20:52,SomniGuard,70.1,SpO2:97.6% BPM:70 [56 05 1E 26 BD 02 01 00 18 03 01 53]
47674,1.78931E+12,9/13/2026 20:52,SomniGuard,71.1,SpO2:97.6% BPM:71 [57 05 1E 26 C7 02 01 00 18 03 01 53]
47675,1.78931E+12,9/13/2026 20:52,SomniGuard,70.1,SpO2:97.6% BPM:70 [58 05 1E 26 BD 02 01 00 18 03 01 53]
47676,1.78931E+12,9/13/2026 20:52,SomniGuard,71.1,SpO2:97.6% BPM:71 [59 05 1E 26 C7 02 01 00 18 03 01 53]
47677,1.78931E+12,9/13/2026 20:52,SomniGuard,70.1,SpO2:97.6% BPM:70 [5A 05 1E 26 BD 02 01 00 18 03 01 53]
47678,1.78931E+12,9/13/2026 20:52,SomniGuard,71.1,SpO2:97.6% BPM:71 [5B 05 1E 26 C7 02 01 00 18 03 01 53]
47679,1.78931E+12,9/13/2026 20:52,SomniGuard,70.1,SpO2:97.6% BPM:70 [5C 05 1E 26 BD 02 01 00 18 03 01 53]
47680,1.78931E+12,9/13/2026 20:52,SomniGuard,71.1,SpO2:97.6% BPM:71 [5D 05 1E 26 C7 02 01 00 18 03 01 53]
47681,1.78931E+12,9/13/2026 20:52,SomniGuard,70.1,SpO2:97.6% BPM:70 [5E 05 1E 26 BD 02 01 00 18 03 01 53]
47682,1.78931E+12,9/13/2026 20:52,SomniGuard,71.1,SpO2:97.6% BPM:71 [5F 05 1E 26 C7 02 01 00 18 03 01 53]
47683,1.78931E+12,9/13/2026 20:52,SomniGuard,70.1,SpO2:97.6% BPM:70 [60 05 1E 26 BD 02 01 00 18 03 01 53]
47684,1.78931E+12,9/13/2026 20:52,SomniGuard,71.1,SpO2:97.6% BPM:71 [61 05 1E 26 C7 02 01 00 18 03 01 53]
47685,1.78931E+12,9/13/2026 20:52,SomniGuard,70.1,SpO2:97.6% BPM:70 [62 05 1E 26 BD 02 01 00 18 03 01 53]
47686,1.78931E+12,9/13/2026 20:52,SomniGuard,71.1,SpO2:97.6% BPM:71 [63 05 1E 26 C7 02 01 00 18 03 01 53]
47687,1.78931E+12,9/13/2026 20:52,SomniGuard,70.1,SpO2:97.6% BPM:70 [64 05 1E 26 BD 02 01 00 18 03 01 53]
47688,1.78931E+12,9/13/2026 20:52,SomniGuard,71.1,SpO2:97.6% BPM:71 [65 05 1E 26 C7 02 01 00 18 03 01 53]
47689,1.78931E+12,9/13/2026 20:52,SomniGuard,70.1,SpO2:97.6% BPM:70 [66 05 1E 26 BD 02 01 00 18 03 01 53]
47690,1.78931E+12,9/13/2026 20:52,SomniGuard,71.1,SpO2:97.6% BPM:71 [67 05 1E 26 C7 02 01 00 18 03 01 53]
47691,1.78931E+12,9/13/2026 20:52,SomniGuard,70.1,SpO2:97.6% BPM:70 [68 05 1E 26 BD 02 01 00 18 03 01 53]
47692,1.78931E+12,9/13/2026 20:52,SomniGuard,71.1,SpO2:97.6% BPM:71 [69 05 1E 26 C7 02 01 00 18 03 01 53]
47693,1.78931E+12,9/13/2026 20:52,SomniGuard,70.1,SpO2:97.6% BPM:70 [6A 05 1E 26 BD 02 01 00 18 03 01 53]
47694,1.78931E+12,9/13/2026 20:52,SomniGuard,71.1,SpO2:97.6% BPM:71 [6B 05 1E 26 C7 02 01 00 18 03 01 53]
47695,1.78931E+12,9/13/2026 20:52,SomniGuard,70.1,SpO2:97.6% BPM:70 [6C 05 1E 26 BD 02 01 00 18 03 01 53]
47696,1.78931E+12,9/13/2026 20:52,SomniGuard,71.1,SpO2:97.6% BPM:71 [6D 05 1E 26 C7 02 01 00 18 03 01 53]
47697,1.78931E+12,9/13/2026 20:52,SomniGuard,70.1,SpO2:97.6% BPM:70 [6E 05 1E 26 BD 02 01 00 18 03 01 53]
47698,1.78931E+12,9/13/2026 20:52,SomniGuard,71.1,SpO2:97.6% BPM:71 [6F 05 1E 26 C7 02 01 00 18 03 01 53]
47699,1.78931E+12,9/13/2026 20:52,SomniGuard,70.1,SpO2:97.6% BPM:70 [70 05 1E 26 BD 02 01 00 18 03 01 53]
47700,1.78931E+12,9/13/2026 20:52,SomniGuard,71.1,SpO2:97.6% BPM:71 [71 05 1E 26 C7 02 01 00 18 03 01 53]
47701,1.78931E+12,9/13/2026 20:52,SomniGuard,70.1,SpO2:97.6% BPM:70 [72 05 1E 26 BD 02 01 00 18 03 01 53]
47702,1.78931E+12,9/13/2026 20:52,SomniGuard,71.1,SpO2:97.6% BPM:71 [73 05 1E 26 C7 02 01 00 18 03 01 53]
47703,1.78931E+12,9/13/2026 20:52,SomniGuard,70.1,SpO2:97.6% BPM:70 [74 05 1E 26 BD 02 01 00 18 03 01 53]
47704,1.78931E+12,9/13/2026 20:52,SomniGuard,71.1,SpO2:97.6% BPM:71 [75 05 1E 26 C7 02 01 00 18 03 01 53]
47705,1.78931E+12,9/13/2026 20:52,SomniGuard,70.1,SpO2:97.6% BPM:70 [76 05 1E 26 BD 02 01 00 18 03 01 53]
47706,1.78931E+12,9/13/2026 20:52,SomniGuard,71.1,SpO2:97.6% BPM:71 [77 05 1E 26 C7 02 01 00 18 03 01 53]
47707,1.78931E+12,9/13/2026 20:52,SomniGuard,70.1,SpO2:97.6% BPM:70 [78 05 1E 26 BD 02 01 00 18 03 01 53]
47708,1.78931E+12,9/13/2026 20:52,SomniGuard,71.1,SpO2:97.6% BPM:71 [79 05 1E 26 C7 02 01 00 18 03 01 53]
47709,1.78931E+12,9/13/2026 20:52,SomniGuard,70.1,SpO2:97.6% BPM:70 [7A 05 1E 26 BD 02 01 00 18 03 01 53]
47710,1.78931E+12,9/13/2026 20:52,SomniGuard,71.1,SpO2:97.6% BPM:71 [7B 05 1E 26 C7 02 01 00 18 03 01 53]
47711,1.78931E+12,9/13/2026 20:52,SomniGuard,70.1,SpO2:97.6% BPM:70 [7C 05 1E 26 BD 02 01 00 18 03 01 53]
47712,1.78931E+12,9/13/2026 20:52,SomniGuard,71.1,SpO2:97.6% BPM:71 [7D 05 1E 26 C7 02 01 00 18 03 01 53]
47713,1.78931E+12,9/13/2026 20:52,SomniGuard,70.1,SpO2:97.6% BPM:70 [7E 05 1E 26 BD 02 01 00 18 03 01 53]
47714,1.78931E+12,9/13/2026 20:52,SomniGuard,71.1,SpO2:97.6% BPM:71 [7F 05 1E 26 C7 02 01 00 18 03 01 53]
47715,1.78931E+12,9/13/2026 20:52,SomniGuard,70.1,SpO2:97.6% BPM:70 [80 05 1E 26 BD 02 01 00 18 03 01 53]
47716,1.78931E+12,9/13/2026 20:52,SomniGuard,71.1,SpO2:97.6% BPM:71 [81 05 1E 26 C7 02 01 00 18 03 01 53]
47717,1.78931E+12,9/13/2026 20:52,SomniGuard,70.1,SpO2:97.6% BPM:70 [82 05 1E 26 BD 02 01 00 18 03 01 53]
47718,1.78931E+12,9/13/2026 20:52,SomniGuard,71.1,SpO2:97.6% BPM:71 [83 05 1E 26 C7 02 01 00 18 03 01 53]
47719,1.78931E+12,9/13/2026 20:53,SomniGuard,70.1,SpO2:97.6% BPM:70 [84 05 1E 26 BD 02 01 00 18 03 01 53]
47720,1.78931E+12,9/13/2026 20:53,SomniGuard,71.1,SpO2:97.6% BPM:71 [85 05 1E 26 C7 02 01 00 18 03 01 53]
47721,1.78931E+12,9/13/2026 20:53,SomniGuard,70.1,SpO2:97.6% BPM:70 [86 05 1E 26 BD 02 01 00 18 03 01 53]
47722,1.78931E+12,9/13/2026 20:53,SomniGuard,71.1,SpO2:97.6% BPM:71 [87 05 1E 26 C7 02 01 00 18 03 01 53]
47723,1.78931E+12,9/13/2026 20:53,SomniGuard,70.1,SpO2:97.6% BPM:70 [88 05 1E 26 BD 02 01 00 18 03 01 53]
47724,1.78931E+12,9/13/2026 20:53,SomniGuard,71.1,SpO2:97.6% BPM:71 [89 05 1E 26 C7 02 01 00 18 03 01 53]
47725,1.78931E+12,9/13/2026 20:53,SomniGuard,70.1,SpO2:97.6% BPM:70 [8A 05 1E 26 BD 02 01 00 18 03 01 53]
47726,1.78931E+12,9/13/2026 20:53,SomniGuard,71.1,SpO2:97.6% BPM:71 [8B 05 1E 26 C7 02 01 00 18 03 01 53]
47727,1.78931E+12,9/13/2026 20:53,SomniGuard,70.1,SpO2:97.6% BPM:70 [8C 05 1E 26 BD 02 01 00 18 03 01 53]
47728,1.78931E+12,9/13/2026 20:53,SomniGuard,71.1,SpO2:97.6% BPM:71 [8D 05 1E 26 C7 02 01 00 18 03 01 53]
47729,1.78931E+12,9/13/2026 20:53,SomniGuard,70.1,SpO2:97.6% BPM:70 [8E 05 1E 26 BD 02 01 00 18 03 01 53]
47730,1.78931E+12,9/13/2026 20:53,SomniGuard,71.1,SpO2:97.6% BPM:71 [8F 05 1E 26 C7 02 01 00 18 03 01 53]
47731,1.78931E+12,9/13/2026 20:53,SomniGuard,70.1,SpO2:97.6% BPM:70 [90 05 1E 26 BD 02 01 00 18 03 01 53]
47732,1.78931E+12,9/13/2026 20:53,SomniGuard,71.1,SpO2:97.6% BPM:71 [91 05 1E 26 C7 02 01 00 18 03 01 53]
47733,1.78931E+12,9/13/2026 20:53,SomniGuard,70.1,SpO2:97.6% BPM:70 [92 05 1E 26 BD 02 01 00 18 03 01 53]
47734,1.78931E+12,9/13/2026 20:53,SomniGuard,71.1,SpO2:97.6% BPM:71 [93 05 1E 26 C7 02 01 00 18 03 01 53]
47735,1.78931E+12,9/13/2026 20:53,SomniGuard,70.1,SpO2:97.6% BPM:70 [94 05 1E 26 BD 02 01 00 18 03 01 53]
47736,1.78931E+12,9/13/2026 20:53,SomniGuard,71.1,SpO2:97.6% BPM:71 [95 05 1E 26 C7 02 01 00 18 03 01 53]
47737,1.78931E+12,9/13/2026 20:53,SomniGuard,70.1,SpO2:97.6% BPM:70 [96 05 1E 26 BD 02 01 00 18 03 01 53]
47738,1.78931E+12,9/13/2026 20:53,SomniGuard,71.1,SpO2:97.6% BPM:71 [97 05 1E 26 C7 02 01 00 18 03 01 53]
47739,1.78931E+12,9/13/2026 20:53,SomniGuard,70.1,SpO2:97.6% BPM:70 [98 05 1E 26 BD 02 01 00 18 03 01 53]
47740,1.78931E+12,9/13/2026 20:53,SomniGuard,71.1,SpO2:97.6% BPM:71 [99 05 1E 26 C7 02 01 00 18 03 01 53]
47741,1.78931E+12,9/13/2026 20:53,SomniGuard,70.1,SpO2:97.6% BPM:70 [9A 05 1E 26 BD 02 01 00 18 03 01 53]
47742,1.78931E+12,9/13/2026 20:53,SomniGuard,71.1,SpO2:97.6% BPM:71 [9B 05 1E 26 C7 02 01 00 18 03 01 53]
47743,1.78931E+12,9/13/2026 20:53,SomniGuard,70.1,SpO2:97.6% BPM:70 [9C 05 1E 26 BD 02 01 00 18 03 01 53]
47744,1.78931E+12,9/13/2026 20:53,SomniGuard,71.1,SpO2:97.6% BPM:71 [9D 05 1E 26 C7 02 01 00 18 03 01 53]
47745,1.78931E+12,9/13/2026 20:53,SomniGuard,70.1,SpO2:97.6% BPM:70 [9E 05 1E 26 BD 02 01 00 18 03 01 53]
47746,1.78931E+12,9/13/2026 20:53,SomniGuard,71.1,SpO2:97.6% BPM:71 [9F 05 1E 26 C7 02 01 00 18 03 01 53]
47747,1.78931E+12,9/13/2026 20:53,SomniGuard,70.1,SpO2:97.6% BPM:70 [A0 05 1E 26 BD 02 01 00 18 03 01 53]
47748,1.78931E+12,9/13/2026 20:53,SomniGuard,71.1,SpO2:97.6% BPM:71 [A1 05 1E 26 C7 02 01 00 18 03 01 53]
47749,1.78931E+12,9/13/2026 20:53,SomniGuard,70.1,SpO2:97.6% BPM:70 [A2 05 1E 26 BD 02 01 00 18 03 01 53]
47750,1.78931E+12,9/13/2026 20:53,SomniGuard,71.1,SpO2:97.6% BPM:71 [A3 05 1E 26 C7 02 01 00 18 03 01 53]
47751,1.78931E+12,9/13/2026 20:53,SomniGuard,70.1,SpO2:97.6% BPM:70 [A4 05 1E 26 BD 02 01 00 18 03 01 53]
47752,1.78931E+12,9/13/2026 20:53,SomniGuard,71.1,SpO2:97.6% BPM:71 [A5 05 1E 26 C7 02 01 00 18 03 01 53]
47753,1.78931E+12,9/13/2026 20:53,SomniGuard,70.1,SpO2:97.6% BPM:70 [A6 05 1E 26 BD 02 01 00 18 03 01 53]
47754,1.78931E+12,9/13/2026 20:53,SomniGuard,71.1,SpO2:97.6% BPM:71 [A7 05 1E 26 C7 02 01 00 18 03 01 53]
47755,1.78931E+12,9/13/2026 20:53,SomniGuard,70.1,SpO2:97.6% BPM:70 [A8 05 1E 26 BD 02 01 00 18 03 01 53]
47756,1.78931E+12,9/13/2026 20:53,SomniGuard,71.1,SpO2:97.6% BPM:71 [A9 05 1E 26 C7 02 01 00 18 03 01 53]
47757,1.78931E+12,9/13/2026 20:53,SomniGuard,70.1,SpO2:97.6% BPM:70 [AA 05 1E 26 BD 02 01 00 18 03 01 53]
47758,1.78931E+12,9/13/2026 20:53,SomniGuard,71.1,SpO2:97.6% BPM:71 [AB 05 1E 26 C7 02 01 00 18 03 01 53]
47759,1.78931E+12,9/13/2026 20:53,SomniGuard,70.1,SpO2:97.6% BPM:70 [AC 05 1E 26 BD 02 01 00 18 03 01 53]
47760,1.78931E+12,9/13/2026 20:53,SomniGuard,71.1,SpO2:97.6% BPM:71 [AD 05 1E 26 C7 02 01 00 18 03 01 53]
47761,1.78931E+12,9/13/2026 20:53,SomniGuard,70.1,SpO2:97.6% BPM:70 [AE 05 1E 26 BD 02 01 00 18 03 01 53]
47762,1.78931E+12,9/13/2026 20:53,SomniGuard,71.1,SpO2:97.6% BPM:71 [AF 05 1E 26 C7 02 01 00 18 03 01 53]
47763,1.78931E+12,9/13/2026 20:53,SomniGuard,70.1,SpO2:97.6% BPM:70 [B0 05 1E 26 BD 02 01 00 18 03 01 53]
47764,1.78931E+12,9/13/2026 20:53,SomniGuard,71.1,SpO2:97.6% BPM:71 [B1 05 1E 26 C7 02 01 00 18 03 01 53]
47765,1.78931E+12,9/13/2026 20:53,SomniGuard,70.1,SpO2:97.6% BPM:70 [B2 05 1E 26 BD 02 01 00 18 03 01 53]
47766,1.78931E+12,9/13/2026 20:53,SomniGuard,71.1,SpO2:97.6% BPM:71 [B3 05 1E 26 C7 02 01 00 18 03 01 53]
47767,1.78931E+12,9/13/2026 20:53,SomniGuard,70.1,SpO2:97.6% BPM:70 [B4 05 1E 26 BD 02 01 00 18 03 01 53]
47768,1.78931E+12,9/13/2026 20:53,SomniGuard,71.1,SpO2:97.6% BPM:71 [B5 05 1E 26 C7 02 01 00 18 03 01 53]
47769,1.78931E+12,9/13/2026 20:53,SomniGuard,70.1,SpO2:97.6% BPM:70 [B6 05 1E 26 BD 02 01 00 18 03 01 53]
47770,1.78931E+12,9/13/2026 20:53,SomniGuard,71.1,SpO2:97.6% BPM:71 [B7 05 1E 26 C7 02 01 00 18 03 01 53]
47771,1.78931E+12,9/13/2026 20:53,SomniGuard,70.1,SpO2:97.6% BPM:70 [B8 05 1E 26 BD 02 01 00 18 03 01 53]
47772,1.78931E+12,9/13/2026 20:53,SomniGuard,71.1,SpO2:97.6% BPM:71 [B9 05 1E 26 C7 02 01 00 18 03 01 53]
47773,1.78931E+12,9/13/2026 20:53,SomniGuard,70.1,SpO2:97.6% BPM:70 [BA 05 1E 26 BD 02 01 00 18 03 01 53]
47774,1.78931E+12,9/13/2026 20:53,SomniGuard,71.1,SpO2:97.6% BPM:71 [BB 05 1E 26 C7 02 01 00 18 03 01 53]
47775,1.78931E+12,9/13/2026 20:53,SomniGuard,70.1,SpO2:97.6% BPM:70 [BC 05 1E 26 BD 02 01 00 18 03 01 53]
47776,1.78931E+12,9/13/2026 20:53,SomniGuard,71.1,SpO2:97.6% BPM:71 [BD 05 1E 26 C7 02 01 00 18 03 01 53]
47777,1.78931E+12,9/13/2026 20:53,SomniGuard,70.1,SpO2:97.6% BPM:70 [BE 05 1E 26 BD 02 01 00 18 03 01 53]
47778,1.78931E+12,9/13/2026 20:53,SomniGuard,71.1,SpO2:97.6% BPM:71 [BF 05 1E 26 C7 02 01 00 18 03 01 53]
47779,1.78931E+12,9/13/2026 20:54,SomniGuard,70.1,SpO2:97.6% BPM:70 [C0 05 1E 26 BD 02 01 00 18 03 01 53]
47780,1.78931E+12,9/13/2026 20:54,SomniGuard,71.1,SpO2:97.6% BPM:71 [C1 05 1E 26 C7 02 01 00 18 03 01 53]
47781,1.78931E+12,9/13/2026 20:54,SomniGuard,70.1,SpO2:97.6% BPM:70 [C2 05 1E 26 BD 02 01 00 18 03 01 53]
47782,1.78931E+12,9/13/2026 20:54,SomniGuard,71.1,SpO2:97.6% BPM:71 [C3 05 1E 26 C7 02 01 00 18 03 01 53]
47783,1.78931E+12,9/13/2026 20:54,SomniGuard,70.1,SpO2:97.6% BPM:70 [C4 05 1E 26 BD 02 01 00 18 03 01 53]
47784,1.78931E+12,9/13/2026 20:54,SomniGuard,71.1,SpO2:97.6% BPM:71 [C5 05 1E 26 C7 02 01 00 18 03 01 53]
47785,1.78931E+12,9/13/2026 20:54,SomniGuard,70.1,SpO2:97.6% BPM:70 [C6 05 1E 26 BD 02 01 00 18 03 01 53]
47786,1.78931E+12,9/13/2026 20:54,SomniGuard,71.1,SpO2:97.6% BPM:71 [C7 05 1E 26 C7 02 01 00 18 03 01 53]
47787,1.78931E+12,9/13/2026 20:54,SomniGuard,70.1,SpO2:97.6% BPM:70 [C8 05 1E 26 BD 02 01 00 18 03 01 53]
47788,1.78931E+12,9/13/2026 20:54,SomniGuard,71.1,SpO2:97.6% BPM:71 [C9 05 1E 26 C7 02 01 00 18 03 01 53]
47789,1.78931E+12,9/13/2026 20:54,SomniGuard,70.1,SpO2:97.6% BPM:70 [CA 05 1E 26 BD 02 01 00 18 03 01 53]
47790,1.78931E+12,9/13/2026 20:54,SomniGuard,71.1,SpO2:97.6% BPM:71 [CB 05 1E 26 C7 02 01 00 18 03 01 53]
47791,1.78931E+12,9/13/2026 20:54,SomniGuard,70.1,SpO2:97.6% BPM:70 [CC 05 1E 26 BD 02 01 00 18 03 01 53]
47792,1.78931E+12,9/13/2026 20:54,SomniGuard,71.1,SpO2:97.6% BPM:71 [CD 05 1E 26 C7 02 01 00 18 03 01 53]
47793,1.78931E+12,9/13/2026 20:54,SomniGuard,70.1,SpO2:97.6% BPM:70 [CE 05 1E 26 BD 02 01 00 18 03 01 53]
47794,1.78931E+12,9/13/2026 20:54,SomniGuard,71.1,SpO2:97.6% BPM:71 [CF 05 1E 26 C7 02 01 00 18 03 01 53]
47795,1.78931E+12,9/13/2026 20:54,SomniGuard,70.1,SpO2:97.6% BPM:70 [D0 05 1E 26 BD 02 01 00 18 03 01 53]
47796,1.78931E+12,9/13/2026 20:54,SomniGuard,71.1,SpO2:97.6% BPM:71 [D1 05 1E 26 C7 02 01 00 18 03 01 53]
47797,1.78931E+12,9/13/2026 20:54,SomniGuard,70.1,SpO2:97.6% BPM:70 [D2 05 1E 26 BD 02 01 00 18 03 01 53]
47798,1.78931E+12,9/13/2026 20:54,SomniGuard,71.1,SpO2:97.6% BPM:71 [D3 05 1E 26 C7 02 01 00 18 03 01 53]
47799,1.78931E+12,9/13/2026 20:54,SomniGuard,70.1,SpO2:97.6% BPM:70 [D4 05 1E 26 BD 02 01 00 18 03 01 53]
47800,1.78931E+12,9/13/2026 20:54,SomniGuard,71.1,SpO2:97.6% BPM:71 [D5 05 1E 26 C7 02 01 00 18 03 01 53]
47801,1.78931E+12,9/13/2026 20:54,SomniGuard,70.1,SpO2:97.6% BPM:70 [D6 05 1E 26 BD 02 01 00 18 03 01 53]
47802,1.78931E+12,9/13/2026 20:54,SomniGuard,71.1,SpO2:97.6% BPM:71 [D7 05 1E 26 C7 02 01 00 18 03 01 53]
47803,1.78931E+12,9/13/2026 20:54,SomniGuard,70.1,SpO2:97.6% BPM:70 [D8 05 1E 26 BD 02 01 00 18 03 01 53]
47804,1.78931E+12,9/13/2026 20:54,SomniGuard,71.1,SpO2:97.6% BPM:71 [D9 05 1E 26 C7 02 01 00 18 03 01 53]
47805,1.78931E+12,9/13/2026 20:54,SomniGuard,70.1,SpO2:97.6% BPM:70 [DA 05 1E 26 BD 02 01 00 18 03 01 53]
47806,1.78931E+12,9/13/2026 20:54,SomniGuard,71.1,SpO2:97.6% BPM:71 [DB 05 1E 26 C7 02 01 00 18 03 01 53]
47807,1.78931E+12,9/13/2026 20:54,SomniGuard,70.1,SpO2:97.6% BPM:70 [DC 05 1E 26 BD 02 01 00 18 03 01 53]
47808,1.78931E+12,9/13/2026 20:54,SomniGuard,71.1,SpO2:97.6% BPM:71 [DD 05 1E 26 C7 02 01 00 18 03 01 53]
47809,1.78931E+12,9/13/2026 20:54,SomniGuard,70.1,SpO2:97.6% BPM:70 [DE 05 1E 26 BD 02 01 00 18 03 01 53]
47810,1.78931E+12,9/13/2026 20:54,SomniGuard,71.1,SpO2:97.6% BPM:71 [DF 05 1E 26 C7 02 01 00 18 03 01 53]
47811,1.78931E+12,9/13/2026 20:54,SomniGuard,70.1,SpO2:97.6% BPM:70 [E0 05 1E 26 BD 02 01 00 18 03 01 53]
47812,1.78931E+12,9/13/2026 20:54,SomniGuard,71.1,SpO2:97.6% BPM:71 [E1 05 1E 26 C7 02 01 00 18 03 01 53]
47813,1.78931E+12,9/13/2026 20:54,SomniGuard,70.1,SpO2:97.6% BPM:70 [E2 05 1E 26 BD 02 01 00 18 03 01 53]
47814,1.78931E+12,9/13/2026 20:54,SomniGuard,71.1,SpO2:97.6% BPM:71 [E3 05 1E 26 C7 02 01 00 18 03 01 53]
47815,1.78931E+12,9/13/2026 20:54,SomniGuard,70.1,SpO2:97.6% BPM:70 [E4 05 1E 26 BD 02 01 00 18 03 01 53]
47816,1.78931E+12,9/13/2026 20:54,SomniGuard,71.1,SpO2:97.6% BPM:71 [E5 05 1E 26 C7 02 01 00 18 03 01 53]
47817,1.78931E+12,9/13/2026 20:54,SomniGuard,70.1,SpO2:97.6% BPM:70 [E6 05 1E 26 BD 02 01 00 18 03 01 53]
47818,1.78931E+12,9/13/2026 20:54,SomniGuard,71.6,SpO2:97.8% BPM:72 [E7 05 37 26 CC 02 01 00 18 03 01 53]
47819,1.78931E+12,9/13/2026 20:54,SomniGuard,70.6,SpO2:97.8% BPM:71 [E8 05 37 26 C2 02 01 00 18 03 01 53]
47820,1.78931E+12,9/13/2026 20:54,SomniGuard,71.6,SpO2:97.8% BPM:72 [E9 05 37 26 CC 02 01 00 18 03 01 53]
47821,1.78931E+12,9/13/2026 20:54,SomniGuard,70.6,SpO2:97.8% BPM:71 [EA 05 37 26 C2 02 01 00 18 03 01 53]
47822,1.78931E+12,9/13/2026 20:54,SomniGuard,71.6,SpO2:97.8% BPM:72 [EB 05 37 26 CC 02 01 00 18 03 01 53]
47823,1.78931E+12,9/13/2026 20:54,SomniGuard,70.6,SpO2:97.8% BPM:71 [EC 05 37 26 C2 02 01 00 18 03 01 53]
47824,1.78931E+12,9/13/2026 20:54,SomniGuard,71.6,SpO2:97.8% BPM:72 [ED 05 37 26 CC 02 01 00 18 03 01 53]
47825,1.78931E+12,9/13/2026 20:54,SomniGuard,70.6,SpO2:97.8% BPM:71 [EE 05 37 26 C2 02 01 00 18 03 01 53]
47826,1.78931E+12,9/13/2026 20:54,SomniGuard,71.6,SpO2:97.8% BPM:72 [EF 05 37 26 CC 02 01 00 18 03 01 53]
47827,1.78931E+12,9/13/2026 20:54,SomniGuard,70.6,SpO2:97.8% BPM:71 [F0 05 37 26 C2 02 01 00 18 03 01 53]
47828,1.78931E+12,9/13/2026 20:54,SomniGuard,71.6,SpO2:97.8% BPM:72 [F1 05 37 26 CC 02 01 00 18 03 01 53]
47829,1.78931E+12,9/13/2026 20:54,SomniGuard,70.6,SpO2:97.8% BPM:71 [F2 05 37 26 C2 02 01 00 18 03 01 53]
47830,1.78931E+12,9/13/2026 20:54,SomniGuard,71.6,SpO2:97.8% BPM:72 [F3 05 37 26 CC 02 01 00 18 03 01 53]
47831,1.78931E+12,9/13/2026 20:54,SomniGuard,70.6,SpO2:97.8% BPM:71 [F4 05 37 26 C2 02 01 00 18 03 01 53]
47832,1.78931E+12,9/13/2026 20:54,SomniGuard,71.6,SpO2:97.8% BPM:72 [F5 05 37 26 CC 02 01 00 18 03 01 53]
47833,1.78931E+12,9/13/2026 20:54,SomniGuard,70.6,SpO2:97.8% BPM:71 [F6 05 37 26 C2 02 01 00 18 03 01 53]
47834,1.78931E+12,9/13/2026 20:54,SomniGuard,71.6,SpO2:97.8% BPM:72 [F7 05 37 26 CC 02 01 00 18 03 01 53]
47835,1.78931E+12,9/13/2026 20:54,SomniGuard,70.6,SpO2:97.8% BPM:71 [F8 05 37 26 C2 02 01 00 18 03 01 53]
47836,1.78931E+12,9/13/2026 20:54,SomniGuard,71.6,SpO2:97.8% BPM:72 [F9 05 37 26 CC 02 01 00 18 03 01 53]
47837,1.78931E+12,9/13/2026 20:54,SomniGuard,70.6,SpO2:97.8% BPM:71 [FA 05 37 26 C2 02 01 00 18 03 01 53]
47838,1.78931E+12,9/13/2026 20:55,SomniGuard,71.6,SpO2:97.8% BPM:72 [FB 05 37 26 CC 02 01 00 18 03 01 53]
47839,1.78931E+12,9/13/2026 20:55,SomniGuard,70.6,SpO2:97.8% BPM:71 [FC 05 37 26 C2 02 01 00 18 03 01 53]
47840,1.78931E+12,9/13/2026 20:55,SomniGuard,71.6,SpO2:97.8% BPM:72 [FD 05 37 26 CC 02 01 00 18 03 01 53]
47841,1.78931E+12,9/13/2026 20:55,SomniGuard,70.6,SpO2:97.8% BPM:71 [FE 05 37 26 C2 02 01 00 18 03 01 53]
47842,1.78931E+12,9/13/2026 20:55,SomniGuard,71.6,SpO2:97.8% BPM:72 [FF 05 37 26 CC 02 01 00 18 03 01 53]
47843,1.78931E+12,9/13/2026 20:55,SomniGuard,70.6,SpO2:97.8% BPM:71 [00 06 37 26 C2 02 01 00 18 03 01 53]
47844,1.78931E+12,9/13/2026 20:55,SomniGuard,71.6,SpO2:97.8% BPM:72 [01 06 37 26 CC 02 01 00 18 03 01 53]
47845,1.78931E+12,9/13/2026 20:55,SomniGuard,70.6,SpO2:97.8% BPM:71 [02 06 37 26 C2 02 01 00 18 03 01 53]
47846,1.78931E+12,9/13/2026 20:55,SomniGuard,71.6,SpO2:97.8% BPM:72 [03 06 37 26 CC 02 01 00 18 03 01 53]
47847,1.78931E+12,9/13/2026 20:55,SomniGuard,70.6,SpO2:97.8% BPM:71 [04 06 37 26 C2 02 01 00 18 03 01 53]
47848,1.78931E+12,9/13/2026 20:55,SomniGuard,71.6,SpO2:97.8% BPM:72 [05 06 37 26 CC 02 01 00 18 03 01 53]
47849,1.78931E+12,9/13/2026 20:55,SomniGuard,70.6,SpO2:97.8% BPM:71 [06 06 37 26 C2 02 01 00 18 03 01 53]
47850,1.78931E+12,9/13/2026 20:55,SomniGuard,71.6,SpO2:97.8% BPM:72 [07 06 37 26 CC 02 01 00 18 03 01 53]
47851,1.78931E+12,9/13/2026 20:55,SomniGuard,70.6,SpO2:97.8% BPM:71 [08 06 37 26 C2 02 01 00 18 03 01 53]
47852,1.78931E+12,9/13/2026 20:55,SomniGuard,71.6,SpO2:97.8% BPM:72 [09 06 37 26 CC 02 01 00 18 03 01 53]
47853,1.78931E+12,9/13/2026 20:55,SomniGuard,70.6,SpO2:97.8% BPM:71 [0A 06 37 26 C2 02 01 00 18 03 01 53]
47854,1.78931E+12,9/13/2026 20:55,SomniGuard,71.6,SpO2:97.8% BPM:72 [0B 06 37 26 CC 02 01 00 18 03 01 53]
47855,1.78931E+12,9/13/2026 20:55,SomniGuard,70.6,SpO2:97.8% BPM:71 [0C 06 37 26 C2 02 01 00 18 03 01 53]
47856,1.78931E+12,9/13/2026 20:55,SomniGuard,71.6,SpO2:97.8% BPM:72 [0D 06 37 26 CC 02 01 00 18 03 01 53]
47857,1.78931E+12,9/13/2026 20:55,SomniGuard,70.6,SpO2:97.8% BPM:71 [0E 06 37 26 C2 02 01 00 18 03 01 53]
47858,1.78931E+12,9/13/2026 20:55,SomniGuard,71.6,SpO2:97.8% BPM:72 [0F 06 37 26 CC 02 01 00 18 03 01 53]
47859,1.78931E+12,9/13/2026 20:55,SomniGuard,70.6,SpO2:97.8% BPM:71 [10 06 37 26 C2 02 01 00 18 03 01 53]
47860,1.78931E+12,9/13/2026 20:55,SomniGuard,71.6,SpO2:97.8% BPM:72 [11 06 37 26 CC 02 01 00 18 03 01 53]
47861,1.78931E+12,9/13/2026 20:55,SomniGuard,70.6,SpO2:97.8% BPM:71 [12 06 37 26 C2 02 01 00 18 03 01 53]
47862,1.78931E+12,9/13/2026 20:55,SomniGuard,71.6,SpO2:97.8% BPM:72 [13 06 37 26 CC 02 01 00 18 03 01 53]
47863,1.78931E+12,9/13/2026 20:55,SomniGuard,70.6,SpO2:97.8% BPM:71 [14 06 37 26 C2 02 01 00 18 03 01 53]
47864,1.78931E+12,9/13/2026 20:55,SomniGuard,71.6,SpO2:97.8% BPM:72 [15 06 37 26 CC 02 01 00 18 03 01 53]
47865,1.78931E+12,9/13/2026 20:55,SomniGuard,70.6,SpO2:97.8% BPM:71 [16 06 37 26 C2 02 01 00 18 03 01 53]
47866,1.78931E+12,9/13/2026 20:55,SomniGuard,71.6,SpO2:97.8% BPM:72 [17 06 37 26 CC 02 01 00 18 03 01 53]
47867,1.78931E+12,9/13/2026 20:55,SomniGuard,70.6,SpO2:97.8% BPM:71 [18 06 37 26 C2 02 01 00 18 03 01 53]
47868,1.78931E+12,9/13/2026 20:55,SomniGuard,71.6,SpO2:97.8% BPM:72 [19 06 37 26 CC 02 01 00 18 03 01 53]
47869,1.78931E+12,9/13/2026 20:55,SomniGuard,70.6,SpO2:97.8% BPM:71 [1A 06 37 26 C2 02 01 00 18 03 01 53]
47870,1.78931E+12,9/13/2026 20:55,SomniGuard,71.6,SpO2:97.8% BPM:72 [1B 06 37 26 CC 02 01 00 18 03 01 53]
47871,1.78931E+12,9/13/2026 20:55,SomniGuard,70.6,SpO2:97.8% BPM:71 [1C 06 37 26 C2 02 01 00 18 03 01 53]
47872,1.78931E+12,9/13/2026 20:55,SomniGuard,71.6,SpO2:97.8% BPM:72 [1D 06 37 26 CC 02 01 00 18 03 01 53]
47873,1.78931E+12,9/13/2026 20:55,SomniGuard,70.6,SpO2:97.8% BPM:71 [1E 06 37 26 C2 02 01 00 18 03 01 53]
47874,1.78931E+12,9/13/2026 20:55,SomniGuard,71.6,SpO2:97.8% BPM:72 [1F 06 37 26 CC 02 01 00 18 03 01 53]
47875,1.78931E+12,9/13/2026 20:55,SomniGuard,70.6,SpO2:97.8% BPM:71 [20 06 37 26 C2 02 01 00 18 03 01 53]
47876,1.78931E+12,9/13/2026 20:55,SomniGuard,71.6,SpO2:97.8% BPM:72 [21 06 37 26 CC 02 01 00 18 03 01 53]
47877,1.78931E+12,9/13/2026 20:55,SomniGuard,70.6,SpO2:97.8% BPM:71 [22 06 37 26 C2 02 01 00 18 03 01 53]
47878,1.78931E+12,9/13/2026 20:55,SomniGuard,71.6,SpO2:97.8% BPM:72 [23 06 37 26 CC 02 01 00 18 03 01 53]
47879,1.78931E+12,9/13/2026 20:55,SomniGuard,70.6,SpO2:97.8% BPM:71 [24 06 37 26 C2 02 01 00 18 03 01 53]
47880,1.78931E+12,9/13/2026 20:55,SomniGuard,71.6,SpO2:97.8% BPM:72 [25 06 37 26 CC 02 01 00 18 03 01 53]
47881,1.78931E+12,9/13/2026 20:55,SomniGuard,70.6,SpO2:97.8% BPM:71 [26 06 37 26 C2 02 01 00 18 03 01 53]
47882,1.78931E+12,9/13/2026 20:55,SomniGuard,71.6,SpO2:97.8% BPM:72 [27 06 37 26 CC 02 01 00 18 03 01 53]
47883,1.78931E+12,9/13/2026 20:55,SomniGuard,70.6,SpO2:97.8% BPM:71 [28 06 37 26 C2 02 01 00 18 03 01 53]
47884,1.78931E+12,9/13/2026 20:55,SomniGuard,71.6,SpO2:97.8% BPM:72 [29 06 37 26 CC 02 01 00 18 03 01 53]
47885,1.78931E+12,9/13/2026 20:55,SomniGuard,70.6,SpO2:97.8% BPM:71 [2A 06 37 26 C2 02 01 00 18 03 01 53]
47886,1.78931E+12,9/13/2026 20:55,SomniGuard,71.6,SpO2:97.8% BPM:72 [2B 06 37 26 CC 02 01 00 18 03 01 53]
47887,1.78931E+12,9/13/2026 20:55,SomniGuard,70.6,SpO2:97.8% BPM:71 [2C 06 37 26 C2 02 01 00 18 03 01 53]
47888,1.78931E+12,9/13/2026 20:55,SomniGuard,71.6,SpO2:97.8% BPM:72 [2D 06 37 26 CC 02 01 00 18 03 01 53]
47889,1.78931E+12,9/13/2026 20:55,SomniGuard,70.6,SpO2:97.8% BPM:71 [2E 06 37 26 C2 02 01 00 18 03 01 53]
47890,1.78931E+12,9/13/2026 20:55,SomniGuard,71.6,SpO2:97.8% BPM:72 [2F 06 37 26 CC 02 01 00 18 03 01 53]
47891,1.78931E+12,9/13/2026 20:55,SomniGuard,70.6,SpO2:97.8% BPM:71 [30 06 37 26 C2 02 01 00 18 03 01 53]
47892,1.78931E+12,9/13/2026 20:55,SomniGuard,71.6,SpO2:97.8% BPM:72 [31 06 37 26 CC 02 01 00 18 03 01 53]
47893,1.78931E+12,9/13/2026 20:55,SomniGuard,70.6,SpO2:97.8% BPM:71 [32 06 37 26 C2 02 01 00 18 03 01 53]
47894,1.78931E+12,9/13/2026 20:55,SomniGuard,71.6,SpO2:97.8% BPM:72 [33 06 37 26 CC 02 01 00 18 03 01 53]
47895,1.78931E+12,9/13/2026 20:55,SomniGuard,70.6,SpO2:97.8% BPM:71 [34 06 37 26 C2 02 01 00 18 03 01 53]
47896,1.78931E+12,9/13/2026 20:55,SomniGuard,71.6,SpO2:97.8% BPM:72 [35 06 37 26 CC 02 01 00 18 03 01 53]
47897,1.78931E+12,9/13/2026 20:55,SomniGuard,70.6,SpO2:97.8% BPM:71 [36 06 37 26 C2 02 01 00 18 03 01 53]
47898,1.78931E+12,9/13/2026 20:56,SomniGuard,71.6,SpO2:97.8% BPM:72 [37 06 37 26 CC 02 01 00 18 03 01 53]
47899,1.78931E+12,9/13/2026 20:56,SomniGuard,70.6,SpO2:97.8% BPM:71 [38 06 37 26 C2 02 01 00 18 03 01 53]
47900,1.78931E+12,9/13/2026 20:56,SomniGuard,71.6,SpO2:97.8% BPM:72 [39 06 37 26 CC 02 01 00 18 03 01 53]
47901,1.78931E+12,9/13/2026 20:56,SomniGuard,70.6,SpO2:97.8% BPM:71 [3A 06 37 26 C2 02 01 00 18 03 01 53]
47902,1.78931E+12,9/13/2026 20:56,SomniGuard,71.6,SpO2:97.8% BPM:72 [3B 06 37 26 CC 02 01 00 18 03 01 53]
47903,1.78931E+12,9/13/2026 20:56,SomniGuard,70.6,SpO2:97.8% BPM:71 [3C 06 37 26 C2 02 01 00 18 03 01 53]
47904,1.78931E+12,9/13/2026 20:56,SomniGuard,71.6,SpO2:97.8% BPM:72 [3D 06 37 26 CC 02 01 00 18 03 01 53]
47905,1.78931E+12,9/13/2026 20:56,SomniGuard,70.6,SpO2:97.8% BPM:71 [3E 06 37 26 C2 02 01 00 18 03 01 53]
47906,1.78931E+12,9/13/2026 20:56,SomniGuard,71.6,SpO2:97.8% BPM:72 [3F 06 37 26 CC 02 01 00 18 03 01 53]
47907,1.78931E+12,9/13/2026 20:56,SomniGuard,70.6,SpO2:97.8% BPM:71 [40 06 37 26 C2 02 01 00 18 03 01 53]
47908,1.78931E+12,9/13/2026 20:56,SomniGuard,71.6,SpO2:97.8% BPM:72 [41 06 37 26 CC 02 01 00 18 03 01 53]
47909,1.78931E+12,9/13/2026 20:56,SomniGuard,70.6,SpO2:97.8% BPM:71 [42 06 37 26 C2 02 01 00 18 03 01 53]
47910,1.78931E+12,9/13/2026 20:56,SomniGuard,71.6,SpO2:97.8% BPM:72 [43 06 37 26 CC 02 01 00 18 03 01 53]
47911,1.78931E+12,9/13/2026 20:56,SomniGuard,70.6,SpO2:97.8% BPM:71 [44 06 37 26 C2 02 01 00 18 03 01 53]
47912,1.78931E+12,9/13/2026 20:56,SomniGuard,71.6,SpO2:97.8% BPM:72 [45 06 37 26 CC 02 01 00 18 03 01 53]
47913,1.78931E+12,9/13/2026 20:56,SomniGuard,70.6,SpO2:97.8% BPM:71 [46 06 37 26 C2 02 01 00 18 03 01 53]
47914,1.78931E+12,9/13/2026 20:56,SomniGuard,71.6,SpO2:97.8% BPM:72 [47 06 37 26 CC 02 01 00 18 03 01 53]
47915,1.78931E+12,9/13/2026 20:56,SomniGuard,70.6,SpO2:97.8% BPM:71 [48 06 37 26 C2 02 01 00 18 03 01 53]
47916,1.78931E+12,9/13/2026 20:56,SomniGuard,71.6,SpO2:97.8% BPM:72 [49 06 37 26 CC 02 01 00 18 03 01 53]
47917,1.78931E+12,9/13/2026 20:56,SomniGuard,70.6,SpO2:97.8% BPM:71 [4A 06 37 26 C2 02 01 00 18 03 01 53]
47918,1.78931E+12,9/13/2026 20:56,SomniGuard,71.6,SpO2:97.8% BPM:72 [4B 06 37 26 CC 02 01 00 18 03 01 53]
47919,1.78931E+12,9/13/2026 20:56,SomniGuard,70.6,SpO2:97.8% BPM:71 [4C 06 37 26 C2 02 01 00 18 03 01 53]
47920,1.78931E+12,9/13/2026 20:56,SomniGuard,71.6,SpO2:97.8% BPM:72 [4D 06 37 26 CC 02 01 00 18 03 01 53]
47921,1.78931E+12,9/13/2026 20:56,SomniGuard,70.6,SpO2:97.8% BPM:71 [4E 06 37 26 C2 02 01 00 18 03 01 53]
47922,1.78931E+12,9/13/2026 20:56,SomniGuard,71.6,SpO2:97.8% BPM:72 [4F 06 37 26 CC 02 01 00 18 03 01 53]
47923,1.78931E+12,9/13/2026 20:56,SomniGuard,70.6,SpO2:97.8% BPM:71 [50 06 37 26 C2 02 01 00 18 03 01 53]
47924,1.78931E+12,9/13/2026 20:56,SomniGuard,71.6,SpO2:97.8% BPM:72 [51 06 37 26 CC 02 01 00 18 03 01 53]
47925,1.78931E+12,9/13/2026 20:56,SomniGuard,70.6,SpO2:97.8% BPM:71 [52 06 37 26 C2 02 01 00 18 03 01 53]
47926,1.78931E+12,9/13/2026 20:56,SomniGuard,71.6,SpO2:97.8% BPM:72 [53 06 37 26 CC 02 01 00 18 03 01 53]
47927,1.78931E+12,9/13/2026 20:56,SomniGuard,70.6,SpO2:97.8% BPM:71 [54 06 37 26 C2 02 01 00 18 03 01 53]
47928,1.78931E+12,9/13/2026 20:56,SomniGuard,71.6,SpO2:97.8% BPM:72 [55 06 37 26 CC 02 01 00 18 03 01 53]
47929,1.78931E+12,9/13/2026 20:56,SomniGuard,70.6,SpO2:97.8% BPM:71 [56 06 37 26 C2 02 01 00 18 03 01 53]
47930,1.78931E+12,9/13/2026 20:56,SomniGuard,71.6,SpO2:97.8% BPM:72 [57 06 37 26 CC 02 01 00 18 03 01 53]
47931,1.78931E+12,9/13/2026 20:56,SomniGuard,70.6,SpO2:97.8% BPM:71 [58 06 37 26 C2 02 01 00 18 03 01 53]
47932,1.78931E+12,9/13/2026 20:56,SomniGuard,71.6,SpO2:97.8% BPM:72 [59 06 37 26 CC 02 01 00 18 03 01 53]
47933,1.78931E+12,9/13/2026 20:56,SomniGuard,70.6,SpO2:97.8% BPM:71 [5A 06 37 26 C2 02 01 00 18 03 01 53]
47934,1.78931E+12,9/13/2026 20:56,SomniGuard,71.6,SpO2:97.8% BPM:72 [5B 06 37 26 CC 02 01 00 18 03 01 53]
47935,1.78931E+12,9/13/2026 20:56,SomniGuard,70.6,SpO2:97.8% BPM:71 [5C 06 37 26 C2 02 01 00 18 03 01 53]
47936,1.78931E+12,9/13/2026 20:56,SomniGuard,71.6,SpO2:97.8% BPM:72 [5D 06 37 26 CC 02 01 00 18 03 01 53]
47937,1.78931E+12,9/13/2026 20:56,SomniGuard,70.6,SpO2:97.8% BPM:71 [5E 06 37 26 C2 02 01 00 18 03 01 53]
47938,1.78931E+12,9/13/2026 20:56,SomniGuard,71.6,SpO2:97.8% BPM:72 [5F 06 37 26 CC 02 01 00 18 03 01 53]
47939,1.78931E+12,9/13/2026 20:56,SomniGuard,70.6,SpO2:97.8% BPM:71 [60 06 37 26 C2 02 01 00 18 03 01 53]
47940,1.78931E+12,9/13/2026 20:56,SomniGuard,71.6,SpO2:97.8% BPM:72 [61 06 37 26 CC 02 01 00 18 03 01 53]
47941,1.78931E+12,9/13/2026 20:56,SomniGuard,70.6,SpO2:97.8% BPM:71 [62 06 37 26 C2 02 01 00 18 03 01 53]
47942,1.78931E+12,9/13/2026 20:56,SomniGuard,71.6,SpO2:97.8% BPM:72 [63 06 37 26 CC 02 01 00 18 03 01 53]
47943,1.78931E+12,9/13/2026 20:56,SomniGuard,70.6,SpO2:97.8% BPM:71 [64 06 37 26 C2 02 01 00 18 03 01 53]
47944,1.78931E+12,9/13/2026 20:56,SomniGuard,71.6,SpO2:97.8% BPM:72 [65 06 37 26 CC 02 01 00 18 03 01 53]
47945,1.78931E+12,9/13/2026 20:56,SomniGuard,70.6,SpO2:97.8% BPM:71 [66 06 37 26 C2 02 01 00 18 03 01 53]
47946,1.78931E+12,9/13/2026 20:56,SomniGuard,71.6,SpO2:97.8% BPM:72 [67 06 37 26 CC 02 01 00 18 03 01 53]
47947,1.78931E+12,9/13/2026 20:56,SomniGuard,70.6,SpO2:97.8% BPM:71 [68 06 37 26 C2 02 01 00 18 03 01 53]
47948,1.78931E+12,9/13/2026 20:56,SomniGuard,71.6,SpO2:97.8% BPM:72 [69 06 37 26 CC 02 01 00 18 03 01 53]
47949,1.78931E+12,9/13/2026 20:56,SomniGuard,70.6,SpO2:97.8% BPM:71 [6A 06 37 26 C2 02 01 00 18 03 01 53]
47950,1.78931E+12,9/13/2026 20:56,SomniGuard,71.6,SpO2:97.8% BPM:72 [6B 06 37 26 CC 02 01 00 18 03 01 53]
47951,1.78931E+12,9/13/2026 20:56,SomniGuard,70.6,SpO2:97.8% BPM:71 [6C 06 37 26 C2 02 01 00 18 03 01 53]
47952,1.78931E+12,9/13/2026 20:56,SomniGuard,71.6,SpO2:97.8% BPM:72 [6D 06 37 26 CC 02 01 00 18 03 01 53]
47953,1.78931E+12,9/13/2026 20:56,SomniGuard,70.6,SpO2:97.8% BPM:71 [6E 06 37 26 C2 02 01 00 18 03 01 53]
47954,1.78931E+12,9/13/2026 20:56,SomniGuard,71.6,SpO2:97.8% BPM:72 [6F 06 37 26 CC 02 01 00 18 03 01 53]
47955,1.78931E+12,9/13/2026 20:56,SomniGuard,70.6,SpO2:97.8% BPM:71 [70 06 37 26 C2 02 01 00 18 03 01 53]
47956,1.78931E+12,9/13/2026 20:56,SomniGuard,71.6,SpO2:97.8% BPM:72 [71 06 37 26 CC 02 01 00 18 03 01 53]
47957,1.78931E+12,9/13/2026 20:57,SomniGuard,70.6,SpO2:97.8% BPM:71 [72 06 37 26 C2 02 01 00 18 03 01 53]
47958,1.78931E+12,9/13/2026 20:57,SomniGuard,71.6,SpO2:97.8% BPM:72 [73 06 37 26 CC 02 01 00 18 03 01 53]
47959,1.78931E+12,9/13/2026 20:57,SomniGuard,70.6,SpO2:97.8% BPM:71 [74 06 37 26 C2 02 01 00 18 03 01 53]
47960,1.78931E+12,9/13/2026 20:57,SomniGuard,71.6,SpO2:97.8% BPM:72 [75 06 37 26 CC 02 01 00 18 03 01 53]
47961,1.78931E+12,9/13/2026 20:57,SomniGuard,70.6,SpO2:97.8% BPM:71 [76 06 37 26 C2 02 01 00 18 03 01 53]
47962,1.78931E+12,9/13/2026 20:57,SomniGuard,71.6,SpO2:97.8% BPM:72 [77 06 37 26 CC 02 01 00 18 03 01 53]
47963,1.78931E+12,9/13/2026 20:57,SomniGuard,70.6,SpO2:97.8% BPM:71 [78 06 37 26 C2 02 01 00 18 03 01 53]
47964,1.78931E+12,9/13/2026 20:57,SomniGuard,71.6,SpO2:97.8% BPM:72 [79 06 37 26 CC 02 01 00 18 03 01 53]
47965,1.78931E+12,9/13/2026 20:57,SomniGuard,70.6,SpO2:97.8% BPM:71 [7A 06 37 26 C2 02 01 00 18 03 01 53]
47966,1.78931E+12,9/13/2026 20:57,SomniGuard,71.6,SpO2:97.8% BPM:72 [7B 06 37 26 CC 02 01 00 18 03 01 53]
47967,1.78931E+12,9/13/2026 20:57,SomniGuard,70.6,SpO2:97.8% BPM:71 [7C 06 37 26 C2 02 01 00 18 03 01 53]
47968,1.78931E+12,9/13/2026 20:57,SomniGuard,71.6,SpO2:97.8% BPM:72 [7D 06 37 26 CC 02 01 00 18 03 01 53]
47969,1.78931E+12,9/13/2026 20:57,SomniGuard,70.6,SpO2:97.8% BPM:71 [7E 06 37 26 C2 02 01 00 18 03 01 53]
47970,1.78931E+12,9/13/2026 20:57,SomniGuard,71.6,SpO2:97.8% BPM:72 [7F 06 37 26 CC 02 01 00 18 03 01 53]
47971,1.78931E+12,9/13/2026 20:57,SomniGuard,70.6,SpO2:97.8% BPM:71 [80 06 37 26 C2 02 01 00 18 03 01 53]
47972,1.78931E+12,9/13/2026 20:57,SomniGuard,71.6,SpO2:97.8% BPM:72 [81 06 37 26 CC 02 01 00 18 03 01 53]
47973,1.78931E+12,9/13/2026 20:57,SomniGuard,70.6,SpO2:97.8% BPM:71 [82 06 37 26 C2 02 01 00 18 03 01 53]
47974,1.78931E+12,9/13/2026 20:57,SomniGuard,71.6,SpO2:97.8% BPM:72 [83 06 37 26 CC 02 01 00 18 03 01 53]
47975,1.78931E+12,9/13/2026 20:57,SomniGuard,70.6,SpO2:97.8% BPM:71 [84 06 37 26 C2 02 01 00 18 03 01 53]
47976,1.78931E+12,9/13/2026 20:57,SomniGuard,71.6,SpO2:97.8% BPM:72 [85 06 37 26 CC 02 01 00 18 03 01 53]
47977,1.78931E+12,9/13/2026 20:57,SomniGuard,70.6,SpO2:97.8% BPM:71 [86 06 37 26 C2 02 01 00 18 03 01 53]
47978,1.78931E+12,9/13/2026 20:57,SomniGuard,71.6,SpO2:97.8% BPM:72 [87 06 37 26 CC 02 01 00 18 03 01 53]
47979,1.78931E+12,9/13/2026 20:57,SomniGuard,70.6,SpO2:97.8% BPM:71 [88 06 37 26 C2 02 01 00 18 03 01 53]
47980,1.78931E+12,9/13/2026 20:57,SomniGuard,71.6,SpO2:97.8% BPM:72 [89 06 37 26 CC 02 01 00 18 03 01 53]
47981,1.78931E+12,9/13/2026 20:57,SomniGuard,70.6,SpO2:97.8% BPM:71 [8A 06 37 26 C2 02 01 00 18 03 01 53]
47982,1.78931E+12,9/13/2026 20:57,SomniGuard,71.6,SpO2:97.8% BPM:72 [8B 06 37 26 CC 02 01 00 18 03 01 53]
47983,1.78931E+12,9/13/2026 20:57,SomniGuard,70.6,SpO2:97.8% BPM:71 [8C 06 37 26 C2 02 01 00 18 03 01 53]
47984,1.78931E+12,9/13/2026 20:57,SomniGuard,71.6,SpO2:97.8% BPM:72 [8D 06 37 26 CC 02 01 00 18 03 01 53]
47985,1.78931E+12,9/13/2026 20:57,SomniGuard,70.6,SpO2:97.8% BPM:71 [8E 06 37 26 C2 02 01 00 18 03 01 53]
47986,1.78931E+12,9/13/2026 20:57,SomniGuard,71.6,SpO2:97.8% BPM:72 [8F 06 37 26 CC 02 01 00 18 03 01 53]
47987,1.78931E+12,9/13/2026 20:57,SomniGuard,70.6,SpO2:97.8% BPM:71 [90 06 37 26 C2 02 01 00 18 03 01 53]
47988,1.78931E+12,9/13/2026 20:57,SomniGuard,71.6,SpO2:97.8% BPM:72 [91 06 37 26 CC 02 01 00 18 03 01 53]
47989,1.78931E+12,9/13/2026 20:57,SomniGuard,70.6,SpO2:97.8% BPM:71 [92 06 37 26 C2 02 01 00 18 03 01 53]
47990,1.78931E+12,9/13/2026 20:57,SomniGuard,71.6,SpO2:97.8% BPM:72 [93 06 37 26 CC 02 01 00 18 03 01 53]
47991,1.78931E+12,9/13/2026 20:57,SomniGuard,70.6,SpO2:97.8% BPM:71 [94 06 37 26 C2 02 01 00 18 03 01 53]
47992,1.78931E+12,9/13/2026 20:57,SomniGuard,71.6,SpO2:97.8% BPM:72 [95 06 37 26 CC 02 01 00 18 03 01 53]
47993,1.78931E+12,9/13/2026 20:57,SomniGuard,70.6,SpO2:97.8% BPM:71 [96 06 37 26 C2 02 01 00 18 03 01 53]
47994,1.78931E+12,9/13/2026 20:57,SomniGuard,71.6,SpO2:97.8% BPM:72 [97 06 37 26 CC 02 01 00 18 03 01 53]
47995,1.78931E+12,9/13/2026 20:57,SomniGuard,70.6,SpO2:97.8% BPM:71 [98 06 37 26 C2 02 01 00 18 03 01 53]
47996,1.78931E+12,9/13/2026 20:57,SomniGuard,71.6,SpO2:97.8% BPM:72 [99 06 37 26 CC 02 01 00 18 03 01 53]
47997,1.78931E+12,9/13/2026 20:57,SomniGuard,70.6,SpO2:97.8% BPM:71 [9A 06 37 26 C2 02 01 00 18 03 01 53]
47998,1.78931E+12,9/13/2026 20:57,SomniGuard,71.6,SpO2:97.8% BPM:72 [9B 06 37 26 CC 02 01 00 18 03 01 53]
47999,1.78931E+12,9/13/2026 20:57,SomniGuard,70.6,SpO2:97.8% BPM:71 [9C 06 37 26 C2 02 01 00 18 03 01 53]
48000,1.78931E+12,9/13/2026 20:57,SomniGuard,71.6,SpO2:97.8% BPM:72 [9D 06 37 26 CC 02 01 00 18 03 01 53]
48001,1.78931E+12,9/13/2026 20:57,SomniGuard,70.6,SpO2:97.8% BPM:71 [9E 06 37 26 C2 02 01 00 18 03 01 53]
48002,1.78931E+12,9/13/2026 20:57,SomniGuard,71.6,SpO2:97.8% BPM:72 [9F 06 37 26 CC 02 01 00 18 03 01 53]
48003,1.78931E+12,9/13/2026 20:57,SomniGuard,70.6,SpO2:97.8% BPM:71 [A0 06 37 26 C2 02 01 00 18 03 01 53]
48004,1.78931E+12,9/13/2026 20:57,SomniGuard,71.6,SpO2:97.8% BPM:72 [A1 06 37 26 CC 02 01 00 18 03 01 53]
48005,1.78931E+12,9/13/2026 20:57,SomniGuard,70.6,SpO2:97.8% BPM:71 [A2 06 37 26 C2 02 01 00 18 03 01 53]
48006,1.78931E+12,9/13/2026 20:57,SomniGuard,71.6,SpO2:97.8% BPM:72 [A3 06 37 26 CC 02 01 00 18 03 01 53]
48007,1.78931E+12,9/13/2026 20:57,SomniGuard,71.1,SpO2:97.6% BPM:71 [A4 06 1E 26 C7 02 01 00 18 03 01 53]
48008,1.78931E+12,9/13/2026 20:57,SomniGuard,70.1,SpO2:97.6% BPM:70 [A5 06 1E 26 BD 02 01 00 18 03 01 53]
48009,1.78931E+12,9/13/2026 20:57,SomniGuard,70.6,SpO2:97.8% BPM:71 [A6 06 37 26 C2 02 01 00 18 03 01 53]
48010,1.78931E+12,9/13/2026 20:57,SomniGuard,71.6,SpO2:97.8% BPM:72 [A7 06 37 26 CC 02 01 00 18 03 01 53]
48011,1.78931E+12,9/13/2026 20:57,SomniGuard,71.1,SpO2:97.6% BPM:71 [A8 06 1E 26 C7 02 01 00 18 03 01 53]
48012,1.78931E+12,9/13/2026 20:57,SomniGuard,70.1,SpO2:97.6% BPM:70 [A9 06 1E 26 BD 02 01 00 18 03 01 53]
48013,1.78931E+12,9/13/2026 20:57,SomniGuard,71.1,SpO2:97.6% BPM:71 [AA 06 1E 26 C7 02 01 00 18 03 01 53]
48014,1.78931E+12,9/13/2026 20:57,SomniGuard,70.1,SpO2:97.6% BPM:70 [AB 06 1E 26 BD 02 01 00 18 03 01 53]
48015,1.78931E+12,9/13/2026 20:57,SomniGuard,71.1,SpO2:97.6% BPM:71 [AC 06 1E 26 C7 02 01 00 18 03 01 53]
48016,1.78931E+12,9/13/2026 20:57,SomniGuard,70.1,SpO2:97.6% BPM:70 [AD 06 1E 26 BD 02 01 00 18 03 01 53]
48017,1.78931E+12,9/13/2026 20:58,SomniGuard,71.1,SpO2:97.6% BPM:71 [AE 06 1E 26 C7 02 01 00 18 03 01 53]
48018,1.78931E+12,9/13/2026 20:58,SomniGuard,70.1,SpO2:97.6% BPM:70 [AF 06 1E 26 BD 02 01 00 18 03 01 53]
48019,1.78931E+12,9/13/2026 20:58,SomniGuard,71.1,SpO2:97.6% BPM:71 [B0 06 1E 26 C7 02 01 00 18 03 01 53]
48020,1.78931E+12,9/13/2026 20:58,SomniGuard,70.1,SpO2:97.6% BPM:70 [B1 06 1E 26 BD 02 01 00 18 03 01 53]
48021,1.78931E+12,9/13/2026 20:58,SomniGuard,71.1,SpO2:97.6% BPM:71 [B2 06 1E 26 C7 02 01 00 18 03 01 53]
48022,1.78931E+12,9/13/2026 20:58,SomniGuard,70.1,SpO2:97.6% BPM:70 [B3 06 1E 26 BD 02 01 00 18 03 01 53]
48023,1.78931E+12,9/13/2026 20:58,SomniGuard,71.1,SpO2:97.6% BPM:71 [B4 06 1E 26 C7 02 01 00 18 03 01 53]
48024,1.78931E+12,9/13/2026 20:58,SomniGuard,70.1,SpO2:97.6% BPM:70 [B5 06 1E 26 BD 02 01 00 18 03 01 53]
48025,1.78931E+12,9/13/2026 20:58,SomniGuard,71.1,SpO2:97.6% BPM:71 [B6 06 1E 26 C7 02 01 00 18 03 01 53]
48026,1.78931E+12,9/13/2026 20:58,SomniGuard,70.1,SpO2:97.6% BPM:70 [B7 06 1E 26 BD 02 01 00 18 03 01 53]
48027,1.78931E+12,9/13/2026 20:58,SomniGuard,71.1,SpO2:97.6% BPM:71 [B8 06 1E 26 C7 02 01 00 18 03 01 53]
48028,1.78931E+12,9/13/2026 20:58,SomniGuard,70.1,SpO2:97.6% BPM:70 [B9 06 1E 26 BD 02 01 00 18 03 01 53]
48029,1.78931E+12,9/13/2026 20:58,SomniGuard,71.1,SpO2:97.6% BPM:71 [BA 06 1E 26 C7 02 01 00 18 03 01 53]
48030,1.78931E+12,9/13/2026 20:58,SomniGuard,70.1,SpO2:97.6% BPM:70 [BB 06 1E 26 BD 02 01 00 18 03 01 53]
48031,1.78931E+12,9/13/2026 20:58,SomniGuard,71.1,SpO2:97.6% BPM:71 [BC 06 1E 26 C7 02 01 00 18 03 01 53]
48032,1.78931E+12,9/13/2026 20:58,SomniGuard,70.1,SpO2:97.6% BPM:70 [BD 06 1E 26 BD 02 01 00 18 03 01 53]
48033,1.78931E+12,9/13/2026 20:58,SomniGuard,71.1,SpO2:97.6% BPM:71 [BE 06 1E 26 C7 02 01 00 18 03 01 53]
48034,1.78931E+12,9/13/2026 20:58,SomniGuard,70.1,SpO2:97.6% BPM:70 [BF 06 1E 26 BD 02 01 00 18 03 01 53]
48035,1.78931E+12,9/13/2026 20:58,SomniGuard,71.1,SpO2:97.6% BPM:71 [C0 06 1E 26 C7 02 01 00 18 03 01 53]
48036,1.78931E+12,9/13/2026 20:58,SomniGuard,70.1,SpO2:97.6% BPM:70 [C1 06 1E 26 BD 02 01 00 18 03 01 53]
48037,1.78931E+12,9/13/2026 20:58,SomniGuard,71.1,SpO2:97.6% BPM:71 [C2 06 1E 26 C7 02 01 00 18 03 01 53]
48038,1.78931E+12,9/13/2026 20:58,SomniGuard,70.1,SpO2:97.6% BPM:70 [C3 06 1E 26 BD 02 01 00 18 03 01 53]
48039,1.78931E+12,9/13/2026 20:58,SomniGuard,71.1,SpO2:97.6% BPM:71 [C4 06 1E 26 C7 02 01 00 18 03 01 53]
48040,1.78931E+12,9/13/2026 20:58,SomniGuard,70.1,SpO2:97.6% BPM:70 [C5 06 1E 26 BD 02 01 00 18 03 01 53]
48041,1.78931E+12,9/13/2026 20:58,SomniGuard,71.1,SpO2:97.6% BPM:71 [C6 06 1E 26 C7 02 01 00 18 03 01 53]
48042,1.78931E+12,9/13/2026 20:58,SomniGuard,70.1,SpO2:97.6% BPM:70 [C7 06 1E 26 BD 02 01 00 18 03 01 53]
48043,1.78931E+12,9/13/2026 20:58,SomniGuard,71.1,SpO2:97.6% BPM:71 [C8 06 1E 26 C7 02 01 00 18 03 01 53]
48044,1.78931E+12,9/13/2026 20:58,SomniGuard,70.1,SpO2:97.6% BPM:70 [C9 06 1E 26 BD 02 01 00 18 03 01 53]
48045,1.78931E+12,9/13/2026 20:58,SomniGuard,71.1,SpO2:97.6% BPM:71 [CA 06 1E 26 C7 02 01 00 18 03 01 53]
48046,1.78931E+12,9/13/2026 20:58,SomniGuard,70.1,SpO2:97.6% BPM:70 [CB 06 1E 26 BD 02 01 00 18 03 01 53]
48047,1.78931E+12,9/13/2026 20:58,SomniGuard,71.1,SpO2:97.6% BPM:71 [CC 06 1E 26 C7 02 01 00 18 03 01 53]
48048,1.78931E+12,9/13/2026 20:58,SomniGuard,70.1,SpO2:97.6% BPM:70 [CD 06 1E 26 BD 02 01 00 18 03 01 53]
48049,1.78931E+12,9/13/2026 20:58,SomniGuard,71.1,SpO2:97.6% BPM:71 [CE 06 1E 26 C7 02 01 00 18 03 01 53]
48050,1.78931E+12,9/13/2026 20:58,SomniGuard,70.1,SpO2:97.6% BPM:70 [CF 06 1E 26 BD 02 01 00 18 03 01 53]
48051,1.78931E+12,9/13/2026 20:58,SomniGuard,71.1,SpO2:97.6% BPM:71 [D0 06 1E 26 C7 02 01 00 18 03 01 53]
48052,1.78931E+12,9/13/2026 20:58,SomniGuard,112.1,SpO2:89.7% BPM:112 [D1 06 0C 23 61 04 01 00 18 04 01 53]
48053,1.78931E+12,9/13/2026 20:58,SomniGuard,112.9,SpO2:89.6% BPM:113 [D2 06 FC 22 69 04 01 00 18 04 01 53]
48054,1.78931E+12,9/13/2026 20:58,SomniGuard,113.7,SpO2:89.4% BPM:114 [D3 06 ED 22 71 04 01 00 18 04 01 53]
48055,1.78931E+12,9/13/2026 20:58,SomniGuard,114.5,SpO2:89.3% BPM:115 [D4 06 DD 22 79 04 01 00 18 04 01 53]
48056,1.78931E+12,9/13/2026 20:58,SomniGuard,115.3,SpO2:89.1% BPM:115 [D5 06 CE 22 81 04 01 00 18 04 01 53]
48057,1.78931E+12,9/13/2026 20:58,SomniGuard,116.1,SpO2:88.9% BPM:116 [D6 06 BE 22 89 04 01 00 18 04 01 53]
48058,1.78931E+12,9/13/2026 20:58,SomniGuard,116.9,SpO2:88.8% BPM:117 [D7 06 AF 22 91 04 01 00 18 04 01 53]
48059,1.78931E+12,9/13/2026 20:58,SomniGuard,117.7,SpO2:88.6% BPM:118 [D8 06 9F 22 99 04 01 00 18 04 01 53]
48060,1.78931E+12,9/13/2026 20:58,SomniGuard,118.5,SpO2:88.5% BPM:119 [D9 06 90 22 A1 04 01 00 18 04 01 53]
48061,1.78931E+12,9/13/2026 20:58,SomniGuard,119.3,SpO2:88.3% BPM:119 [DA 06 80 22 A9 04 01 00 18 04 01 53]
48062,1.78931E+12,9/13/2026 20:58,SomniGuard,120.1,SpO2:88.2% BPM:120 [DB 06 71 22 B1 04 01 00 18 04 01 53]
48063,1.78931E+12,9/13/2026 20:58,SomniGuard,120.9,SpO2:88.0% BPM:121 [DC 06 61 22 B9 04 01 00 18 04 01 53]
48064,1.78931E+12,9/13/2026 20:58,SomniGuard,121.7,SpO2:87.9% BPM:122 [DD 06 52 22 C1 04 01 00 18 04 01 53]
48065,1.78931E+12,9/13/2026 20:58,SomniGuard,122.5,SpO2:87.7% BPM:123 [DE 06 42 22 C9 04 01 00 18 04 01 53]
48066,1.78931E+12,9/13/2026 20:58,SomniGuard,123.3,SpO2:87.6% BPM:123 [DF 06 33 22 D1 04 01 00 18 04 01 53]
48067,1.78931E+12,9/13/2026 20:58,SomniGuard,124.1,SpO2:87.4% BPM:124 [E0 06 23 22 D9 04 01 00 18 04 01 53]
48068,1.78931E+12,9/13/2026 20:58,SomniGuard,124.9,SpO2:87.2% BPM:125 [E1 06 14 22 E1 04 01 00 18 04 01 53]
48069,1.78931E+12,9/13/2026 20:58,SomniGuard,125.7,SpO2:87.1% BPM:126 [E2 06 04 22 E9 04 01 00 18 04 01 53]
48070,1.78931E+12,9/13/2026 20:58,SomniGuard,126.5,SpO2:86.9% BPM:127 [E3 06 F5 21 F1 04 01 00 18 04 01 53]
48071,1.78931E+12,9/13/2026 20:58,SomniGuard,127.3,SpO2:86.8% BPM:127 [E4 06 E5 21 F9 04 01 00 18 04 01 53]
48072,1.78931E+12,9/13/2026 20:58,SomniGuard,128.1,SpO2:86.6% BPM:128 [E5 06 D6 21 01 05 01 00 18 04 01 53]
48073,1.78931E+12,9/13/2026 20:58,SomniGuard,128.9,SpO2:86.5% BPM:129 [E6 06 C6 21 09 05 01 00 18 04 01 53]
48074,1.78931E+12,9/13/2026 20:58,SomniGuard,129.7,SpO2:86.3% BPM:130 [E7 06 B7 21 11 05 01 00 18 04 01 53]
48075,1.78931E+12,9/13/2026 20:58,SomniGuard,130.5,SpO2:86.2% BPM:131 [E8 06 A7 21 19 05 01 00 18 04 01 53]
48076,1.78931E+12,9/13/2026 20:59,SomniGuard,131.3,SpO2:86.0% BPM:131 [E9 06 98 21 21 05 01 00 18 04 01 53]
48077,1.78931E+12,9/13/2026 20:59,SomniGuard,132.1,SpO2:85.8% BPM:132 [EA 06 88 21 29 05 01 00 18 04 01 53]
48078,1.78931E+12,9/13/2026 20:59,SomniGuard,132.9,SpO2:85.7% BPM:133 [EB 06 79 21 31 05 01 00 18 04 01 53]
48079,1.78931E+12,9/13/2026 20:59,SomniGuard,133.7,SpO2:85.5% BPM:134 [EC 06 69 21 39 05 01 00 18 04 01 53]
48080,1.78931E+12,9/13/2026 20:59,SomniGuard,134.5,SpO2:85.4% BPM:135 [ED 06 5A 21 41 05 01 00 18 04 01 53]
48081,1.78931E+12,9/13/2026 20:59,SomniGuard,135.3,SpO2:85.2% BPM:135 [EE 06 4A 21 49 05 01 00 18 04 01 53]
48082,1.78931E+12,9/13/2026 20:59,SomniGuard,136.1,SpO2:85.1% BPM:136 [EF 06 3B 21 51 05 01 00 18 04 01 53]
48083,1.78931E+12,9/13/2026 20:59,SomniGuard,136.9,SpO2:84.9% BPM:137 [F0 06 2B 21 59 05 01 00 18 04 01 53]
48084,1.78931E+12,9/13/2026 20:59,SomniGuard,137.7,SpO2:84.8% BPM:138 [F1 06 1C 21 61 05 01 00 18 04 01 53]
48085,1.78931E+12,9/13/2026 20:59,SomniGuard,138.5,SpO2:84.6% BPM:139 [F2 06 0C 21 69 05 01 00 18 04 01 53]
48086,1.78931E+12,9/13/2026 20:59,SomniGuard,139.3,SpO2:84.4% BPM:139 [F3 06 FD 20 71 05 01 00 18 04 01 53]
48087,1.78931E+12,9/13/2026 20:59,SomniGuard,140.1,SpO2:84.3% BPM:140 [F4 06 ED 20 79 05 01 00 18 04 01 53]
48088,1.78931E+12,9/13/2026 20:59,SomniGuard,140.9,SpO2:84.1% BPM:141 [F5 06 DE 20 81 05 01 00 18 04 01 53]
48089,1.78931E+12,9/13/2026 20:59,SomniGuard,141.7,SpO2:84.0% BPM:142 [F6 06 CE 20 89 05 01 00 18 04 01 53]
48090,1.78931E+12,9/13/2026 20:59,SomniGuard,142.5,SpO2:83.8% BPM:143 [F7 06 BF 20 91 05 01 00 18 04 01 53]
48091,1.78931E+12,9/13/2026 20:59,SomniGuard,143.3,SpO2:83.7% BPM:143 [F8 06 AF 20 99 05 01 00 18 04 01 53]
48092,1.78931E+12,9/13/2026 20:59,SomniGuard,144.1,SpO2:83.5% BPM:144 [F9 06 A0 20 A1 05 01 00 18 04 01 53]
48093,1.78931E+12,9/13/2026 20:59,SomniGuard,144.9,SpO2:83.4% BPM:145 [FA 06 90 20 A9 05 01 00 18 04 01 53]
48094,1.78931E+12,9/13/2026 20:59,SomniGuard,145.7,SpO2:83.2% BPM:146 [FB 06 81 20 B1 05 01 00 18 04 01 53]
48095,1.78931E+12,9/13/2026 20:59,SomniGuard,146.5,SpO2:83.1% BPM:147 [FC 06 71 20 B9 05 01 00 18 04 01 53]
48096,1.78931E+12,9/13/2026 20:59,SomniGuard,147.3,SpO2:82.9% BPM:147 [FD 06 62 20 C1 05 01 00 18 04 01 53]
48097,1.78931E+12,9/13/2026 20:59,SomniGuard,148.1,SpO2:82.7% BPM:148 [FE 06 52 20 C9 05 01 00 18 04 01 53]
48098,1.78931E+12,9/13/2026 20:59,SomniGuard,0,SOS [53 4F 53]
48099,1.78931E+12,9/13/2026 20:59,SomniGuard,0,SOS [01 11 07 00 00 00 00 00]
48100,1.78931E+12,9/13/2026 20:59,SomniGuard,148.9,SpO2:82.6% BPM:149 [FF 06 43 20 D1 05 01 00 18 04 01 53]
48101,1.78931E+12,9/13/2026 20:59,SomniGuard,149.7,SpO2:82.4% BPM:150 [00 07 33 20 D9 05 01 00 18 04 01 53]
48102,1.78931E+12,9/13/2026 20:59,SomniGuard,150.5,SpO2:82.3% BPM:151 [01 07 24 20 E1 05 01 00 18 04 01 53]
48103,1.78931E+12,9/13/2026 20:59,SomniGuard,151.3,SpO2:82.1% BPM:151 [02 07 14 20 E9 05 01 00 18 04 01 53]
48104,1.78931E+12,9/13/2026 20:59,SomniGuard,70.1,SpO2:97.6% BPM:70 [03 07 1E 26 BD 02 01 00 18 04 01 53]
48105,1.78931E+12,9/13/2026 20:59,SomniGuard,71.1,SpO2:97.6% BPM:71 [04 07 1E 26 C7 02 01 00 18 04 01 53]
48106,1.78931E+12,9/13/2026 20:59,SomniGuard,70.1,SpO2:97.6% BPM:70 [05 07 1E 26 BD 02 01 00 18 04 01 53]
48107,1.78931E+12,9/13/2026 20:59,SomniGuard,71.1,SpO2:97.6% BPM:71 [06 07 1E 26 C7 02 01 00 18 04 01 53]
48108,1.78931E+12,9/13/2026 20:59,SomniGuard,70.1,SpO2:97.6% BPM:70 [07 07 1E 26 BD 02 01 00 18 04 01 53]
48109,1.78931E+12,9/13/2026 20:59,SomniGuard,71.1,SpO2:97.6% BPM:71 [08 07 1E 26 C7 02 01 00 18 04 01 53]
48110,1.78931E+12,9/13/2026 20:59,SomniGuard,0,SOS [53 4F 53]
48111,1.78931E+12,9/13/2026 20:59,SomniGuard,0,SOS [01 11 08 00 00 00 00 00]
48112,1.78931E+12,9/13/2026 20:59,SomniGuard,70.1,SpO2:97.6% BPM:70 [09 07 1E 26 BD 02 01 00 18 04 01 53]
48113,1.78931E+12,9/13/2026 20:59,SomniGuard,71.1,SpO2:97.6% BPM:71 [0A 07 1E 26 C7 02 01 00 18 04 01 53]
48114,1.78931E+12,9/13/2026 20:59,SomniGuard,70.1,SpO2:97.6% BPM:70 [0B 07 1E 26 BD 02 01 00 18 04 01 53]
48115,1.78931E+12,9/13/2026 20:59,SomniGuard,71.1,SpO2:97.6% BPM:71 [0C 07 1E 26 C7 02 01 00 18 04 01 53]
48116,1.78931E+12,9/13/2026 20:59,SomniGuard,70.1,SpO2:97.6% BPM:70 [0D 07 1E 26 BD 02 01 00 18 04 01 53]
48117,1.78931E+12,9/13/2026 20:59,SomniGuard,71.1,SpO2:97.6% BPM:71 [0E 07 1E 26 C7 02 01 00 18 04 01 53]
48118,1.78931E+12,9/13/2026 20:59,SomniGuard,70.1,SpO2:97.6% BPM:70 [0F 07 1E 26 BD 02 01 00 18 04 01 53]
48119,1.78931E+12,9/13/2026 20:59,SomniGuard,71.1,SpO2:97.6% BPM:71 [10 07 1E 26 C7 02 01 00 18 04 01 53]
48120,1.78931E+12,9/13/2026 20:59,SomniGuard,70.1,SpO2:97.6% BPM:70 [11 07 1E 26 BD 02 01 00 18 04 01 53]
48121,1.78931E+12,9/13/2026 20:59,SomniGuard,71.1,SpO2:97.6% BPM:71 [12 07 1E 26 C7 02 01 00 18 04 01 53]
48122,1.78931E+12,9/13/2026 20:59,SomniGuard,70.1,SpO2:97.6% BPM:70 [13 07 1E 26 BD 02 01 00 18 04 01 53]
48123,1.78931E+12,9/13/2026 20:59,SomniGuard,71.1,SpO2:97.6% BPM:71 [14 07 1E 26 C7 02 01 00 18 04 01 53]
48124,1.78931E+12,9/13/2026 20:59,SomniGuard,70.1,SpO2:97.6% BPM:70 [15 07 1E 26 BD 02 01 00 18 04 01 53]
48125,1.78931E+12,9/13/2026 20:59,SomniGuard,71.1,SpO2:97.6% BPM:71 [16 07 1E 26 C7 02 01 00 18 04 01 53]
48126,1.78931E+12,9/13/2026 20:59,SomniGuard,70.1,SpO2:97.6% BPM:70 [17 07 1E 26 BD 02 01 00 18 04 01 53]
48127,1.78931E+12,9/13/2026 20:59,SomniGuard,71.1,SpO2:97.6% BPM:71 [18 07 1E 26 C7 02 01 00 18 03 00 53]
48128,1.78931E+12,9/13/2026 20:59,SomniGuard,70.1,SpO2:97.6% BPM:70 [19 07 1E 26 BD 02 01 00 18 03 00 53]
48129,1.78931E+12,9/13/2026 20:59,SomniGuard,71.1,SpO2:97.6% BPM:71 [1A 07 1E 26 C7 02 01 00 18 03 00 53]
48130,1.78931E+12,9/13/2026 20:59,SomniGuard,70.1,SpO2:97.6% BPM:70 [1B 07 1E 26 BD 02 01 00 18 03 00 53]
48131,1.78931E+12,9/13/2026 20:59,SomniGuard,71.1,SpO2:97.6% BPM:71 [1C 07 1E 26 C7 02 01 00 18 03 00 53]
48132,1.78931E+12,9/13/2026 20:59,SomniGuard,70.1,SpO2:97.6% BPM:70 [1D 07 1E 26 BD 02 01 00 18 03 00 53]
48133,1.78931E+12,9/13/2026 20:59,SomniGuard,71.1,SpO2:97.6% BPM:71 [1E 07 1E 26 C7 02 01 00 18 03 00 53]
48134,1.78931E+12,9/13/2026 20:59,SomniGuard,70.1,SpO2:97.6% BPM:70 [1F 07 1E 26 BD 02 01 00 18 03 00 53]
48135,1.78931E+12,9/13/2026 20:59,SomniGuard,71.1,SpO2:97.6% BPM:71 [20 07 1E 26 C7 02 01 00 18 03 00 53]
48136,1.78931E+12,9/13/2026 20:59,SomniGuard,70.1,SpO2:97.6% BPM:70 [21 07 1E 26 BD 02 01 00 18 03 00 53]
48137,1.78931E+12,9/13/2026 20:59,SomniGuard,71.1,SpO2:97.6% BPM:71 [22 07 1E 26 C7 02 01 00 18 03 00 53]
48138,1.78931E+12,9/13/2026 20:59,SomniGuard,70.1,SpO2:97.6% BPM:70 [23 07 1E 26 BD 02 01 00 18 03 00 53]
48139,1.78931E+12,9/13/2026 20:59,SomniGuard,71.1,SpO2:97.6% BPM:71 [24 07 1E 26 C7 02 01 00 18 03 00 53]
48140,1.78931E+12,9/13/2026 21:00,SomniGuard,70.1,SpO2:97.6% BPM:70 [25 07 1E 26 BD 02 01 00 18 03 00 53]
48141,1.78931E+12,9/13/2026 21:00,SomniGuard,71.1,SpO2:97.6% BPM:71 [26 07 1E 26 C7 02 01 00 18 03 00 53]
48142,1.78931E+12,9/13/2026 21:00,SomniGuard,70.1,SpO2:97.6% BPM:70 [27 07 1E 26 BD 02 01 00 18 03 00 53]
48143,1.78931E+12,9/13/2026 21:00,SomniGuard,71.1,SpO2:97.6% BPM:71 [28 07 1E 26 C7 02 01 00 18 03 00 53]
48144,1.78931E+12,9/13/2026 21:00,SomniGuard,70.1,SpO2:97.6% BPM:70 [29 07 1E 26 BD 02 01 00 18 03 00 53]
48145,1.78931E+12,9/13/2026 21:00,SomniGuard,71.1,SpO2:97.6% BPM:71 [2A 07 1E 26 C7 02 01 00 18 03 00 53]
48146,1.78931E+12,9/13/2026 21:00,SomniGuard,70.1,SpO2:97.6% BPM:70 [2B 07 1E 26 BD 02 01 00 18 03 00 53]
48147,1.78931E+12,9/13/2026 21:00,SomniGuard,71.1,SpO2:97.6% BPM:71 [2C 07 1E 26 C7 02 01 00 18 03 00 53]
48148,1.78931E+12,9/13/2026 21:00,SomniGuard,70.1,SpO2:97.6% BPM:70 [2D 07 1E 26 BD 02 01 00 18 03 00 53]
48149,1.78931E+12,9/13/2026 21:00,SomniGuard,71.1,SpO2:97.6% BPM:71 [2E 07 1E 26 C7 02 01 00 18 03 00 53]
48150,1.78931E+12,9/13/2026 21:00,SomniGuard,70.1,SpO2:97.6% BPM:70 [2F 07 1E 26 BD 02 01 00 18 03 00 53]
48151,1.78931E+12,9/13/2026 21:00,SomniGuard,71.1,SpO2:97.6% BPM:71 [30 07 1E 26 C7 02 01 00 18 03 00 53]
48152,1.78931E+12,9/13/2026 21:00,SomniGuard,70.1,SpO2:97.6% BPM:70 [31 07 1E 26 BD 02 01 00 18 03 00 53]
48153,1.78931E+12,9/13/2026 21:00,SomniGuard,71.1,SpO2:97.6% BPM:71 [32 07 1E 26 C7 02 01 00 18 03 00 53]
48154,1.78931E+12,9/13/2026 21:00,SomniGuard,70.1,SpO2:97.6% BPM:70 [33 07 1E 26 BD 02 01 00 18 03 00 53]
48155,1.78931E+12,9/13/2026 21:00,SomniGuard,71.1,SpO2:97.6% BPM:71 [34 07 1E 26 C7 02 01 00 18 03 00 53]
48156,1.78931E+12,9/13/2026 21:00,SomniGuard,70.1,SpO2:97.6% BPM:70 [35 07 1E 26 BD 02 01 00 18 03 01 53]
48157,1.78931E+12,9/13/2026 21:00,SomniGuard,71.1,SpO2:97.6% BPM:71 [36 07 1E 26 C7 02 01 00 18 03 01 53]
48158,1.78931E+12,9/13/2026 21:00,SomniGuard,70.1,SpO2:97.6% BPM:70 [37 07 1E 26 BD 02 01 00 18 03 01 53]
48159,1.78931E+12,9/13/2026 21:00,SomniGuard,71.1,SpO2:97.6% BPM:71 [38 07 1E 26 C7 02 01 00 18 03 01 53]
48160,1.78931E+12,9/13/2026 21:00,SomniGuard,70.1,SpO2:97.6% BPM:70 [39 07 1E 26 BD 02 01 00 18 03 01 53]
48161,1.78931E+12,9/13/2026 21:00,SomniGuard,71.1,SpO2:97.6% BPM:71 [3A 07 1E 26 C7 02 01 00 18 03 01 53]
48162,1.78931E+12,9/13/2026 21:00,SomniGuard,70.1,SpO2:97.6% BPM:70 [3B 07 1E 26 BD 02 01 00 18 03 01 53]
48163,1.78931E+12,9/13/2026 21:00,SomniGuard,71.1,SpO2:97.6% BPM:71 [3C 07 1E 26 C7 02 01 00 18 03 01 53]
48164,1.78931E+12,9/13/2026 21:00,SomniGuard,70.1,SpO2:97.6% BPM:70 [3D 07 1E 26 BD 02 01 00 18 03 01 53]
48165,1.78931E+12,9/13/2026 21:00,SomniGuard,71.1,SpO2:97.6% BPM:71 [3E 07 1E 26 C7 02 01 00 18 03 01 53]
48166,1.78931E+12,9/13/2026 21:00,SomniGuard,70.1,SpO2:97.6% BPM:70 [3F 07 1E 26 BD 02 01 00 18 03 01 53]
48167,1.78931E+12,9/13/2026 21:00,SomniGuard,71.1,SpO2:97.6% BPM:71 [40 07 1E 26 C7 02 01 00 18 03 01 53]
48168,1.78931E+12,9/13/2026 21:00,SomniGuard,70.1,SpO2:97.6% BPM:70 [41 07 1E 26 BD 02 01 00 18 03 01 53]
48169,1.78931E+12,9/13/2026 21:00,SomniGuard,71.1,SpO2:97.6% BPM:71 [42 07 1E 26 C7 02 01 00 18 03 01 53]
48170,1.78931E+12,9/13/2026 21:00,SomniGuard,70.1,SpO2:97.6% BPM:70 [43 07 1E 26 BD 02 01 00 18 03 01 53]
48171,1.78931E+12,9/13/2026 21:00,SomniGuard,71.1,SpO2:97.6% BPM:71 [44 07 1E 26 C7 02 01 00 18 03 01 53]
48172,1.78931E+12,9/13/2026 21:00,SomniGuard,70.1,SpO2:97.6% BPM:70 [45 07 1E 26 BD 02 01 00 18 03 01 53]
48173,1.78931E+12,9/13/2026 21:00,SomniGuard,71.1,SpO2:97.6% BPM:71 [46 07 1E 26 C7 02 01 00 18 03 01 53]
48174,1.78931E+12,9/13/2026 21:00,SomniGuard,70.1,SpO2:97.6% BPM:70 [47 07 1E 26 BD 02 01 00 18 03 01 53]
48175,1.78931E+12,9/13/2026 21:00,SomniGuard,71.1,SpO2:97.6% BPM:71 [48 07 1E 26 C7 02 01 00 18 03 01 53]
48176,1.78931E+12,9/13/2026 21:00,SomniGuard,70.1,SpO2:97.6% BPM:70 [49 07 1E 26 BD 02 01 00 18 03 01 53]
48177,1.78931E+12,9/13/2026 21:00,SomniGuard,71.1,SpO2:97.6% BPM:71 [4A 07 1E 26 C7 02 01 00 18 03 01 53]
48178,1.78931E+12,9/13/2026 21:00,SomniGuard,70.1,SpO2:97.6% BPM:70 [4B 07 1E 26 BD 02 01 00 18 03 01 53]
48179,1.78931E+12,9/13/2026 21:00,SomniGuard,71.1,SpO2:97.6% BPM:71 [4C 07 1E 26 C7 02 01 00 18 03 01 53]
48180,1.78931E+12,9/13/2026 21:00,SomniGuard,70.1,SpO2:97.6% BPM:70 [4D 07 1E 26 BD 02 01 00 18 03 01 53]
48181,1.78931E+12,9/13/2026 21:00,SomniGuard,71.1,SpO2:97.6% BPM:71 [4E 07 1E 26 C7 02 01 00 18 03 01 53]
48182,1.78931E+12,9/13/2026 21:00,SomniGuard,70.1,SpO2:97.6% BPM:70 [4F 07 1E 26 BD 02 01 00 18 03 01 53]
48183,1.78931E+12,9/13/2026 21:00,SomniGuard,71.1,SpO2:97.6% BPM:71 [50 07 1E 26 C7 02 01 00 18 03 01 53]
48184,1.78931E+12,9/13/2026 21:00,SomniGuard,70.1,SpO2:97.6% BPM:70 [51 07 1E 26 BD 02 01 00 18 03 01 53]
48185,1.78931E+12,9/13/2026 21:00,SomniGuard,71.1,SpO2:97.6% BPM:71 [52 07 1E 26 C7 02 01 00 18 03 01 53]
48186,1.78931E+12,9/13/2026 21:00,SomniGuard,70.1,SpO2:97.6% BPM:70 [53 07 1E 26 BD 02 01 00 18 03 01 53]
48187,1.78931E+12,9/13/2026 21:00,SomniGuard,71.1,SpO2:97.6% BPM:71 [54 07 1E 26 C7 02 01 00 18 03 01 53]
48188,1.78931E+12,9/13/2026 21:00,SomniGuard,70.1,SpO2:97.6% BPM:70 [55 07 1E 26 BD 02 01 00 18 03 01 53]
48189,1.78931E+12,9/13/2026 21:00,SomniGuard,71.1,SpO2:97.6% BPM:71 [56 07 1E 26 C7 02 01 00 18 03 01 53]
48190,1.78931E+12,9/13/2026 21:00,SomniGuard,70.1,SpO2:97.6% BPM:70 [57 07 1E 26 BD 02 01 00 18 03 01 53]
48191,1.78931E+12,9/13/2026 21:00,SomniGuard,71.1,SpO2:97.6% BPM:71 [58 07 1E 26 C7 02 01 00 18 03 01 53]
48192,1.78931E+12,9/13/2026 21:00,SomniGuard,70.1,SpO2:97.6% BPM:70 [59 07 1E 26 BD 02 01 00 18 03 01 53]
48193,1.78931E+12,9/13/2026 21:00,SomniGuard,71.1,SpO2:97.6% BPM:71 [5A 07 1E 26 C7 02 01 00 18 03 01 53]
48194,1.78931E+12,9/13/2026 21:00,SomniGuard,70.1,SpO2:97.6% BPM:70 [5B 07 1E 26 BD 02 01 00 18 03 01 53]
48195,1.78931E+12,9/13/2026 21:00,SomniGuard,71.1,SpO2:97.6% BPM:71 [5C 07 1E 26 C7 02 01 00 18 03 01 53]
48196,1.78931E+12,9/13/2026 21:00,SomniGuard,70.1,SpO2:97.6% BPM:70 [5D 07 1E 26 BD 02 01 00 18 03 01 53]
48197,1.78931E+12,9/13/2026 21:00,SomniGuard,71.1,SpO2:97.6% BPM:71 [5E 07 1E 26 C7 02 01 00 18 03 01 53]
48198,1.78931E+12,9/13/2026 21:00,SomniGuard,70.1,SpO2:97.6% BPM:70 [5F 07 1E 26 BD 02 01 00 18 03 01 53]
48199,1.78931E+12,9/13/2026 21:00,SomniGuard,71.6,SpO2:97.8% BPM:72 [60 07 37 26 CC 02 01 00 18 03 01 53]
48200,1.78931E+12,9/13/2026 21:01,SomniGuard,70.6,SpO2:97.8% BPM:71 [61 07 37 26 C2 02 01 00 18 03 01 53]
48201,1.78931E+12,9/13/2026 21:01,SomniGuard,71.6,SpO2:97.8% BPM:72 [62 07 37 26 CC 02 01 00 18 03 01 53]
48202,1.78931E+12,9/13/2026 21:01,SomniGuard,70.6,SpO2:97.8% BPM:71 [63 07 37 26 C2 02 01 00 18 03 01 53]
48203,1.78931E+12,9/13/2026 21:01,SomniGuard,71.6,SpO2:97.8% BPM:72 [64 07 37 26 CC 02 01 00 18 03 01 53]
48204,1.78931E+12,9/13/2026 21:01,SomniGuard,70.6,SpO2:97.8% BPM:71 [65 07 37 26 C2 02 01 00 18 03 01 53]
48205,1.78931E+12,9/13/2026 21:01,SomniGuard,71.6,SpO2:97.8% BPM:72 [66 07 37 26 CC 02 01 00 18 03 01 53]
48206,1.78931E+12,9/13/2026 21:01,SomniGuard,70.6,SpO2:97.8% BPM:71 [67 07 37 26 C2 02 01 00 18 03 01 53]
48207,1.78931E+12,9/13/2026 21:01,SomniGuard,71.6,SpO2:97.8% BPM:72 [68 07 37 26 CC 02 01 00 18 03 01 53]
48208,1.78931E+12,9/13/2026 21:01,SomniGuard,70.6,SpO2:97.8% BPM:71 [69 07 37 26 C2 02 01 00 18 03 01 53]
48209,1.78931E+12,9/13/2026 21:01,SomniGuard,71.6,SpO2:97.8% BPM:72 [6A 07 37 26 CC 02 01 00 18 03 01 53]
48210,1.78931E+12,9/13/2026 21:01,SomniGuard,70.6,SpO2:97.8% BPM:71 [6B 07 37 26 C2 02 01 00 18 03 01 53]
48211,1.78931E+12,9/13/2026 21:01,SomniGuard,71.6,SpO2:97.8% BPM:72 [6C 07 37 26 CC 02 01 00 18 03 01 53]
48212,1.78931E+12,9/13/2026 21:01,SomniGuard,70.6,SpO2:97.8% BPM:71 [6D 07 37 26 C2 02 01 00 18 03 01 53]
48213,1.78931E+12,9/13/2026 21:01,SomniGuard,71.6,SpO2:97.8% BPM:72 [6E 07 37 26 CC 02 01 00 18 03 01 53]
48214,1.78931E+12,9/13/2026 21:01,SomniGuard,70.6,SpO2:97.8% BPM:71 [6F 07 37 26 C2 02 01 00 18 03 01 53]
48215,1.78931E+12,9/13/2026 21:01,SomniGuard,71.6,SpO2:97.8% BPM:72 [70 07 37 26 CC 02 01 00 18 03 01 53]
48216,1.78931E+12,9/13/2026 21:01,SomniGuard,70.6,SpO2:97.8% BPM:71 [71 07 37 26 C2 02 01 00 18 03 01 53]
48217,1.78931E+12,9/13/2026 21:01,SomniGuard,71.6,SpO2:97.8% BPM:72 [72 07 37 26 CC 02 01 00 18 03 01 53]
48218,1.78931E+12,9/13/2026 21:01,SomniGuard,70.6,SpO2:97.8% BPM:71 [73 07 37 26 C2 02 01 00 18 03 01 53]
48219,1.78931E+12,9/13/2026 21:01,SomniGuard,71.6,SpO2:97.8% BPM:72 [74 07 37 26 CC 02 01 00 18 03 01 53]
48220,1.78931E+12,9/13/2026 21:01,SomniGuard,70.6,SpO2:97.8% BPM:71 [75 07 37 26 C2 02 01 00 18 03 01 53]
48221,1.78931E+12,9/13/2026 21:01,SomniGuard,71.6,SpO2:97.8% BPM:72 [76 07 37 26 CC 02 01 00 18 03 01 53]
48222,1.78931E+12,9/13/2026 21:01,SomniGuard,70.6,SpO2:97.8% BPM:71 [77 07 37 26 C2 02 01 00 18 03 01 53]
48223,1.78931E+12,9/13/2026 21:01,SomniGuard,71.6,SpO2:97.8% BPM:72 [78 07 37 26 CC 02 01 00 18 03 01 53]
48224,1.78931E+12,9/13/2026 21:01,SomniGuard,70.6,SpO2:97.8% BPM:71 [79 07 37 26 C2 02 01 00 18 03 01 53]
48225,1.78931E+12,9/13/2026 21:01,SomniGuard,71.6,SpO2:97.8% BPM:72 [7A 07 37 26 CC 02 01 00 18 03 01 53]
48226,1.78931E+12,9/13/2026 21:01,SomniGuard,70.6,SpO2:97.8% BPM:71 [7B 07 37 26 C2 02 01 00 18 03 01 53]
48227,1.78931E+12,9/13/2026 21:01,SomniGuard,71.6,SpO2:97.8% BPM:72 [7C 07 37 26 CC 02 01 00 18 03 01 53]
48228,1.78931E+12,9/13/2026 21:01,SomniGuard,70.6,SpO2:97.8% BPM:71 [7D 07 37 26 C2 02 01 00 18 03 01 53]
48229,1.78931E+12,9/13/2026 21:01,SomniGuard,71.6,SpO2:97.8% BPM:72 [7E 07 37 26 CC 02 01 00 18 03 01 53]
48230,1.78931E+12,9/13/2026 21:01,SomniGuard,70.6,SpO2:97.8% BPM:71 [7F 07 37 26 C2 02 01 00 18 03 01 53]
48231,1.78931E+12,9/13/2026 21:01,SomniGuard,71.6,SpO2:97.8% BPM:72 [80 07 37 26 CC 02 01 00 18 03 01 53]
48232,1.78931E+12,9/13/2026 21:01,SomniGuard,70.6,SpO2:97.8% BPM:71 [81 07 37 26 C2 02 01 00 18 03 01 53]
48233,1.78931E+12,9/13/2026 21:01,SomniGuard,71.6,SpO2:97.8% BPM:72 [82 07 37 26 CC 02 01 00 18 03 01 53]
48234,1.78931E+12,9/13/2026 21:01,SomniGuard,70.6,SpO2:97.8% BPM:71 [83 07 37 26 C2 02 01 00 18 03 01 53]
48235,1.78931E+12,9/13/2026 21:01,SomniGuard,71.6,SpO2:97.8% BPM:72 [84 07 37 26 CC 02 01 00 18 03 01 53]
48236,1.78931E+12,9/13/2026 21:01,SomniGuard,70.6,SpO2:97.8% BPM:71 [85 07 37 26 C2 02 01 00 18 03 01 53]
48237,1.78931E+12,9/13/2026 21:01,SomniGuard,71.6,SpO2:97.8% BPM:72 [86 07 37 26 CC 02 01 00 18 03 01 53]
48238,1.78931E+12,9/13/2026 21:01,SomniGuard,70.6,SpO2:97.8% BPM:71 [87 07 37 26 C2 02 01 00 18 03 01 53]
48239,1.78931E+12,9/13/2026 21:01,SomniGuard,71.6,SpO2:97.8% BPM:72 [88 07 37 26 CC 02 01 00 18 03 01 53]
48240,1.78931E+12,9/13/2026 21:01,SomniGuard,70.6,SpO2:97.8% BPM:71 [89 07 37 26 C2 02 01 00 18 03 01 53]
48241,1.78931E+12,9/13/2026 21:01,SomniGuard,71.6,SpO2:97.8% BPM:72 [8A 07 37 26 CC 02 01 00 18 03 01 53]
48242,1.78931E+12,9/13/2026 21:01,SomniGuard,70.6,SpO2:97.8% BPM:71 [8B 07 37 26 C2 02 01 00 18 03 01 53]
48243,1.78931E+12,9/13/2026 21:01,SomniGuard,71.6,SpO2:97.8% BPM:72 [8C 07 37 26 CC 02 01 00 18 03 01 53]
48244,1.78931E+12,9/13/2026 21:01,SomniGuard,70.6,SpO2:97.8% BPM:71 [8D 07 37 26 C2 02 01 00 18 03 01 53]
48245,1.78931E+12,9/13/2026 21:01,SomniGuard,71.6,SpO2:97.8% BPM:72 [8E 07 37 26 CC 02 01 00 18 03 01 53]
48246,1.78931E+12,9/13/2026 21:01,SomniGuard,70.6,SpO2:97.8% BPM:71 [8F 07 37 26 C2 02 01 00 18 03 01 53]
48247,1.78931E+12,9/13/2026 21:01,SomniGuard,71.6,SpO2:97.8% BPM:72 [90 07 37 26 CC 02 01 00 18 03 01 53]
48248,1.78931E+12,9/13/2026 21:01,SomniGuard,70.6,SpO2:97.8% BPM:71 [91 07 37 26 C2 02 01 00 18 03 01 53]
48249,1.78931E+12,9/13/2026 21:01,SomniGuard,71.6,SpO2:97.8% BPM:72 [92 07 37 26 CC 02 01 00 18 03 01 53]
48250,1.78931E+12,9/13/2026 21:01,SomniGuard,70.6,SpO2:97.8% BPM:71 [93 07 37 26 C2 02 01 00 18 03 01 53]
48251,1.78931E+12,9/13/2026 21:01,SomniGuard,71.6,SpO2:97.8% BPM:72 [94 07 37 26 CC 02 01 00 18 03 01 53]
48252,1.78931E+12,9/13/2026 21:01,SomniGuard,70.6,SpO2:97.8% BPM:71 [95 07 37 26 C2 02 01 00 18 03 01 53]
48253,1.78931E+12,9/13/2026 21:01,SomniGuard,71.6,SpO2:97.8% BPM:72 [96 07 37 26 CC 02 01 00 18 03 01 53]
48254,1.78931E+12,9/13/2026 21:01,SomniGuard,70.6,SpO2:97.8% BPM:71 [97 07 37 26 C2 02 01 00 18 03 01 53]
48255,1.78931E+12,9/13/2026 21:01,SomniGuard,71.6,SpO2:97.8% BPM:72 [98 07 37 26 CC 02 01 00 18 03 01 53]
48256,1.78931E+12,9/13/2026 21:01,SomniGuard,70.6,SpO2:97.8% BPM:71 [99 07 37 26 C2 02 01 00 18 03 01 53]
48257,1.78931E+12,9/13/2026 21:01,SomniGuard,71.6,SpO2:97.8% BPM:72 [9A 07 37 26 CC 02 01 00 18 03 01 53]
48258,1.78931E+12,9/13/2026 21:01,SomniGuard,70.6,SpO2:97.8% BPM:71 [9B 07 37 26 C2 02 01 00 18 03 01 53]
48259,1.78931E+12,9/13/2026 21:02,SomniGuard,71.6,SpO2:97.8% BPM:72 [9C 07 37 26 CC 02 01 00 18 03 01 53]
48260,1.78931E+12,9/13/2026 21:02,SomniGuard,70.6,SpO2:97.8% BPM:71 [9D 07 37 26 C2 02 01 00 18 03 01 53]
48261,1.78931E+12,9/13/2026 21:02,SomniGuard,71.6,SpO2:97.8% BPM:72 [9E 07 37 26 CC 02 01 00 18 03 01 53]
48262,1.78931E+12,9/13/2026 21:02,SomniGuard,70.6,SpO2:97.8% BPM:71 [9F 07 37 26 C2 02 01 00 18 03 01 53]
48263,1.78931E+12,9/13/2026 21:02,SomniGuard,71.6,SpO2:97.8% BPM:72 [A0 07 37 26 CC 02 01 00 18 03 01 53]
48264,1.78931E+12,9/13/2026 21:02,SomniGuard,70.6,SpO2:97.8% BPM:71 [A1 07 37 26 C2 02 01 00 18 03 01 53]
48265,1.78931E+12,9/13/2026 21:02,SomniGuard,71.6,SpO2:97.8% BPM:72 [A2 07 37 26 CC 02 01 00 18 03 01 53]
48266,1.78931E+12,9/13/2026 21:02,SomniGuard,70.6,SpO2:97.8% BPM:71 [A3 07 37 26 C2 02 01 00 18 03 01 53]
48267,1.78931E+12,9/13/2026 21:02,SomniGuard,71.6,SpO2:97.8% BPM:72 [A4 07 37 26 CC 02 01 00 18 03 01 53]
48268,1.78931E+12,9/13/2026 21:02,SomniGuard,70.6,SpO2:97.8% BPM:71 [A5 07 37 26 C2 02 01 00 18 03 01 53]
48269,1.78931E+12,9/13/2026 21:02,SomniGuard,71.6,SpO2:97.8% BPM:72 [A6 07 37 26 CC 02 01 00 18 03 01 53]
48270,1.78931E+12,9/13/2026 21:02,SomniGuard,70.6,SpO2:97.8% BPM:71 [A7 07 37 26 C2 02 01 00 18 03 01 53]
48271,1.78931E+12,9/13/2026 21:02,SomniGuard,71.6,SpO2:97.8% BPM:72 [A8 07 37 26 CC 02 01 00 18 03 01 53]
48272,1.78931E+12,9/13/2026 21:02,SomniGuard,70.6,SpO2:97.8% BPM:71 [A9 07 37 26 C2 02 01 00 18 03 01 53]
48273,1.78931E+12,9/13/2026 21:02,SomniGuard,71.6,SpO2:97.8% BPM:72 [AA 07 37 26 CC 02 01 00 18 03 01 53]
48274,1.78931E+12,9/13/2026 21:02,SomniGuard,70.6,SpO2:97.8% BPM:71 [AB 07 37 26 C2 02 01 00 18 03 01 53]
48275,1.78931E+12,9/13/2026 21:02,SomniGuard,71.6,SpO2:97.8% BPM:72 [AC 07 37 26 CC 02 01 00 18 03 01 53]
48276,1.78931E+12,9/13/2026 21:02,SomniGuard,70.6,SpO2:97.8% BPM:71 [AD 07 37 26 C2 02 01 00 18 03 01 53]
48277,1.78931E+12,9/13/2026 21:02,SomniGuard,71.6,SpO2:97.8% BPM:72 [AE 07 37 26 CC 02 01 00 18 03 01 53]
48278,1.78931E+12,9/13/2026 21:02,SomniGuard,70.6,SpO2:97.8% BPM:71 [AF 07 37 26 C2 02 01 00 18 03 01 53]
48279,1.78931E+12,9/13/2026 21:02,SomniGuard,71.6,SpO2:97.8% BPM:72 [B0 07 37 26 CC 02 01 00 18 03 01 53]
48280,1.78931E+12,9/13/2026 21:02,SomniGuard,70.6,SpO2:97.8% BPM:71 [B1 07 37 26 C2 02 01 00 18 03 01 53]
48281,1.78931E+12,9/13/2026 21:02,SomniGuard,71.6,SpO2:97.8% BPM:72 [B2 07 37 26 CC 02 01 00 18 03 01 53]
48282,1.78931E+12,9/13/2026 21:02,SomniGuard,70.6,SpO2:97.8% BPM:71 [B3 07 37 26 C2 02 01 00 18 03 01 53]
48283,1.78931E+12,9/13/2026 21:02,SomniGuard,71.6,SpO2:97.8% BPM:72 [B4 07 37 26 CC 02 01 00 18 03 01 53]
48284,1.78931E+12,9/13/2026 21:02,SomniGuard,70.6,SpO2:97.8% BPM:71 [B5 07 37 26 C2 02 01 00 18 03 01 53]
48285,1.78931E+12,9/13/2026 21:02,SomniGuard,71.6,SpO2:97.8% BPM:72 [B6 07 37 26 CC 02 01 00 18 03 01 53]
48286,1.78931E+12,9/13/2026 21:02,SomniGuard,70.6,SpO2:97.8% BPM:71 [B7 07 37 26 C2 02 01 00 18 03 01 53]
48287,1.78931E+12,9/13/2026 21:02,SomniGuard,71.6,SpO2:97.8% BPM:72 [B8 07 37 26 CC 02 01 00 18 03 01 53]
48288,1.78931E+12,9/13/2026 21:02,SomniGuard,70.6,SpO2:97.8% BPM:71 [B9 07 37 26 C2 02 01 00 18 03 01 53]
48289,1.78931E+12,9/13/2026 21:02,SomniGuard,71.6,SpO2:97.8% BPM:72 [BA 07 37 26 CC 02 01 00 18 03 01 53]
48290,1.78931E+12,9/13/2026 21:02,SomniGuard,70.6,SpO2:97.8% BPM:71 [BB 07 37 26 C2 02 01 00 18 03 01 53]
48291,1.78931E+12,9/13/2026 21:02,SomniGuard,71.6,SpO2:97.8% BPM:72 [BC 07 37 26 CC 02 01 00 18 03 01 53]
48292,1.78931E+12,9/13/2026 21:02,SomniGuard,70.6,SpO2:97.8% BPM:71 [BD 07 37 26 C2 02 01 00 18 03 01 53]
48293,1.78931E+12,9/13/2026 21:02,SomniGuard,71.6,SpO2:97.8% BPM:72 [BE 07 37 26 CC 02 01 00 18 03 01 53]
48294,1.78931E+12,9/13/2026 21:02,SomniGuard,70.6,SpO2:97.8% BPM:71 [BF 07 37 26 C2 02 01 00 18 03 01 53]
48295,1.78931E+12,9/13/2026 21:02,SomniGuard,71.6,SpO2:97.8% BPM:72 [C0 07 37 26 CC 02 01 00 18 03 01 53]
48296,1.78931E+12,9/13/2026 21:02,SomniGuard,70.6,SpO2:97.8% BPM:71 [C1 07 37 26 C2 02 01 00 18 03 01 53]
48297,1.78931E+12,9/13/2026 21:02,SomniGuard,71.6,SpO2:97.8% BPM:72 [C2 07 37 26 CC 02 01 00 18 03 01 53]
48298,1.78931E+12,9/13/2026 21:02,SomniGuard,70.6,SpO2:97.8% BPM:71 [C3 07 37 26 C2 02 01 00 18 03 01 53]
48299,1.78931E+12,9/13/2026 21:02,SomniGuard,71.6,SpO2:97.8% BPM:72 [C4 07 37 26 CC 02 01 00 18 03 01 53]
48300,1.78931E+12,9/13/2026 21:02,SomniGuard,70.6,SpO2:97.8% BPM:71 [C5 07 37 26 C2 02 01 00 18 03 01 53]
48301,1.78931E+12,9/13/2026 21:02,SomniGuard,71.6,SpO2:97.8% BPM:72 [C6 07 37 26 CC 02 01 00 18 03 01 53]
48302,1.78931E+12,9/13/2026 21:02,SomniGuard,70.6,SpO2:97.8% BPM:71 [C7 07 37 26 C2 02 01 00 18 03 01 53]
48303,1.78931E+12,9/13/2026 21:02,SomniGuard,71.6,SpO2:97.8% BPM:72 [C8 07 37 26 CC 02 01 00 18 03 01 53]
48304,1.78931E+12,9/13/2026 21:02,SomniGuard,70.6,SpO2:97.8% BPM:71 [C9 07 37 26 C2 02 01 00 18 03 01 53]
48305,1.78931E+12,9/13/2026 21:02,SomniGuard,71.6,SpO2:97.8% BPM:72 [CA 07 37 26 CC 02 01 00 18 03 01 53]
48306,1.78931E+12,9/13/2026 21:02,SomniGuard,70.6,SpO2:97.8% BPM:71 [CB 07 37 26 C2 02 01 00 18 03 01 53]
48307,1.78931E+12,9/13/2026 21:02,SomniGuard,71.6,SpO2:97.8% BPM:72 [CC 07 37 26 CC 02 01 00 18 03 01 53]
48308,1.78931E+12,9/13/2026 21:02,SomniGuard,70.6,SpO2:97.8% BPM:71 [CD 07 37 26 C2 02 01 00 18 03 01 53]
48309,1.78931E+12,9/13/2026 21:02,SomniGuard,71.6,SpO2:97.8% BPM:72 [CE 07 37 26 CC 02 01 00 18 03 01 53]
48310,1.78931E+12,9/13/2026 21:02,SomniGuard,70.6,SpO2:97.8% BPM:71 [CF 07 37 26 C2 02 01 00 18 03 01 53]
48311,1.78931E+12,9/13/2026 21:02,SomniGuard,71.6,SpO2:97.8% BPM:72 [D0 07 37 26 CC 02 01 00 18 03 01 53]
48312,1.78931E+12,9/13/2026 21:02,SomniGuard,70.6,SpO2:97.8% BPM:71 [D1 07 37 26 C2 02 01 00 18 03 01 53]
48313,1.78931E+12,9/13/2026 21:02,SomniGuard,71.6,SpO2:97.8% BPM:72 [D2 07 37 26 CC 02 01 00 18 03 01 53]
48314,1.78931E+12,9/13/2026 21:02,SomniGuard,70.6,SpO2:97.8% BPM:71 [D3 07 37 26 C2 02 01 00 18 03 01 53]
48315,1.78931E+12,9/13/2026 21:02,SomniGuard,71.6,SpO2:97.8% BPM:72 [D4 07 37 26 CC 02 01 00 18 03 01 53]
48316,1.78931E+12,9/13/2026 21:02,SomniGuard,70.6,SpO2:97.8% BPM:71 [D5 07 37 26 C2 02 01 00 18 03 01 53]
48317,1.78931E+12,9/13/2026 21:02,SomniGuard,71.6,SpO2:97.8% BPM:72 [D6 07 37 26 CC 02 01 00 18 03 01 53]
48318,1.78931E+12,9/13/2026 21:02,SomniGuard,70.6,SpO2:97.8% BPM:71 [D7 07 37 26 C2 02 01 00 18 03 01 53]
48319,1.78931E+12,9/13/2026 21:03,SomniGuard,71.6,SpO2:97.8% BPM:72 [D8 07 37 26 CC 02 01 00 18 03 01 53]
48320,1.78931E+12,9/13/2026 21:03,SomniGuard,70.6,SpO2:97.8% BPM:71 [D9 07 37 26 C2 02 01 00 18 03 01 53]
48321,1.78931E+12,9/13/2026 21:03,SomniGuard,71.6,SpO2:97.8% BPM:72 [DA 07 37 26 CC 02 01 00 18 03 01 53]
48322,1.78931E+12,9/13/2026 21:03,SomniGuard,70.6,SpO2:97.8% BPM:71 [DB 07 37 26 C2 02 01 00 18 03 01 53]
48323,1.78931E+12,9/13/2026 21:03,SomniGuard,71.6,SpO2:97.8% BPM:72 [DC 07 37 26 CC 02 01 00 18 03 01 53]
48324,1.78931E+12,9/13/2026 21:03,SomniGuard,70.6,SpO2:97.8% BPM:71 [DD 07 37 26 C2 02 01 00 18 03 01 53]
48325,1.78931E+12,9/13/2026 21:03,SomniGuard,71.6,SpO2:97.8% BPM:72 [DE 07 37 26 CC 02 01 00 18 03 01 53]
48326,1.78931E+12,9/13/2026 21:03,SomniGuard,70.6,SpO2:97.8% BPM:71 [DF 07 37 26 C2 02 01 00 18 03 01 53]
48327,1.78931E+12,9/13/2026 21:03,SomniGuard,71.6,SpO2:97.8% BPM:72 [E0 07 37 26 CC 02 01 00 18 03 01 53]
48328,1.78931E+12,9/13/2026 21:03,SomniGuard,70.6,SpO2:97.8% BPM:71 [E1 07 37 26 C2 02 01 00 18 03 01 53]
48329,1.78931E+12,9/13/2026 21:03,SomniGuard,71.6,SpO2:97.8% BPM:72 [E2 07 37 26 CC 02 01 00 18 03 01 53]
48330,1.78931E+12,9/13/2026 21:03,SomniGuard,70.6,SpO2:97.8% BPM:71 [E3 07 37 26 C2 02 01 00 18 03 01 53]
48331,1.78931E+12,9/13/2026 21:03,SomniGuard,71.6,SpO2:97.8% BPM:72 [E4 07 37 26 CC 02 01 00 18 03 01 53]
48332,1.78931E+12,9/13/2026 21:03,SomniGuard,70.6,SpO2:97.8% BPM:71 [E5 07 37 26 C2 02 01 00 18 03 01 53]
48333,1.78931E+12,9/13/2026 21:03,SomniGuard,71.6,SpO2:97.8% BPM:72 [E6 07 37 26 CC 02 01 00 18 03 01 53]
48334,1.78931E+12,9/13/2026 21:03,SomniGuard,70.6,SpO2:97.8% BPM:71 [E7 07 37 26 C2 02 01 00 18 03 01 53]
48335,1.78931E+12,9/13/2026 21:03,SomniGuard,71.6,SpO2:97.8% BPM:72 [E8 07 37 26 CC 02 01 00 18 03 01 53]
48336,1.78931E+12,9/13/2026 21:03,SomniGuard,70.6,SpO2:97.8% BPM:71 [E9 07 37 26 C2 02 01 00 18 03 01 53]
48337,1.78931E+12,9/13/2026 21:03,SomniGuard,71.6,SpO2:97.8% BPM:72 [EA 07 37 26 CC 02 01 00 18 03 01 53]
48338,1.78931E+12,9/13/2026 21:03,SomniGuard,70.6,SpO2:97.8% BPM:71 [EB 07 37 26 C2 02 01 00 18 03 01 53]
48339,1.78931E+12,9/13/2026 21:03,SomniGuard,71.6,SpO2:97.8% BPM:72 [EC 07 37 26 CC 02 01 00 18 03 01 53]
48340,1.78931E+12,9/13/2026 21:03,SomniGuard,70.6,SpO2:97.8% BPM:71 [ED 07 37 26 C2 02 01 00 18 03 01 53]
48341,1.78931E+12,9/13/2026 21:03,SomniGuard,71.6,SpO2:97.8% BPM:72 [EE 07 37 26 CC 02 01 00 18 03 01 53]
48342,1.78931E+12,9/13/2026 21:03,SomniGuard,70.6,SpO2:97.8% BPM:71 [EF 07 37 26 C2 02 01 00 18 03 01 53]
48343,1.78931E+12,9/13/2026 21:03,SomniGuard,71.6,SpO2:97.8% BPM:72 [F0 07 37 26 CC 02 01 00 18 03 01 53]
48344,1.78931E+12,9/13/2026 21:03,SomniGuard,70.6,SpO2:97.8% BPM:71 [F1 07 37 26 C2 02 01 00 18 03 01 53]
48345,1.78931E+12,9/13/2026 21:03,SomniGuard,71.6,SpO2:97.8% BPM:72 [F2 07 37 26 CC 02 01 00 18 03 01 53]
48346,1.78931E+12,9/13/2026 21:03,SomniGuard,70.6,SpO2:97.8% BPM:71 [F3 07 37 26 C2 02 01 00 18 03 01 53]
48347,1.78931E+12,9/13/2026 21:03,SomniGuard,71.6,SpO2:97.8% BPM:72 [F4 07 37 26 CC 02 01 00 18 03 01 53]
48348,1.78931E+12,9/13/2026 21:03,SomniGuard,70.6,SpO2:97.8% BPM:71 [F5 07 37 26 C2 02 01 00 18 03 01 53]
48349,1.78931E+12,9/13/2026 21:03,SomniGuard,71.6,SpO2:97.8% BPM:72 [F6 07 37 26 CC 02 01 00 18 03 01 53]
48350,1.78931E+12,9/13/2026 21:03,SomniGuard,70.6,SpO2:97.8% BPM:71 [F7 07 37 26 C2 02 01 00 18 03 01 53]
48351,1.78931E+12,9/13/2026 21:03,SomniGuard,71.6,SpO2:97.8% BPM:72 [F8 07 37 26 CC 02 01 00 18 03 01 53]
48352,1.78931E+12,9/13/2026 21:03,SomniGuard,70.6,SpO2:97.8% BPM:71 [F9 07 37 26 C2 02 01 00 18 03 01 53]
48353,1.78931E+12,9/13/2026 21:03,SomniGuard,71.6,SpO2:97.8% BPM:72 [FA 07 37 26 CC 02 01 00 18 03 01 53]
48354,1.78931E+12,9/13/2026 21:03,SomniGuard,70.6,SpO2:97.8% BPM:71 [FB 07 37 26 C2 02 01 00 18 03 01 53]
48355,1.78931E+12,9/13/2026 21:03,SomniGuard,71.6,SpO2:97.8% BPM:72 [FC 07 37 26 CC 02 01 00 18 03 01 53]
48356,1.78931E+12,9/13/2026 21:03,SomniGuard,70.6,SpO2:97.8% BPM:71 [FD 07 37 26 C2 02 01 00 18 03 01 53]
48357,1.78931E+12,9/13/2026 21:03,SomniGuard,71.6,SpO2:97.8% BPM:72 [FE 07 37 26 CC 02 01 00 18 03 01 53]
48358,1.78931E+12,9/13/2026 21:03,SomniGuard,70.6,SpO2:97.8% BPM:71 [FF 07 37 26 C2 02 01 00 18 03 01 53]
48359,1.78931E+12,9/13/2026 21:03,SomniGuard,71.6,SpO2:97.8% BPM:72 [00 08 37 26 CC 02 01 00 18 03 01 53]
48360,1.78931E+12,9/13/2026 21:03,SomniGuard,70.6,SpO2:97.8% BPM:71 [01 08 37 26 C2 02 01 00 18 03 01 53]
48361,1.78931E+12,9/13/2026 21:03,SomniGuard,71.6,SpO2:97.8% BPM:72 [02 08 37 26 CC 02 01 00 18 03 01 53]
48362,1.78931E+12,9/13/2026 21:03,SomniGuard,70.6,SpO2:97.8% BPM:71 [03 08 37 26 C2 02 01 00 18 03 01 53]
48363,1.78931E+12,9/13/2026 21:03,SomniGuard,71.6,SpO2:97.8% BPM:72 [04 08 37 26 CC 02 01 00 18 03 01 53]
48364,1.78931E+12,9/13/2026 21:03,SomniGuard,70.6,SpO2:97.8% BPM:71 [05 08 37 26 C2 02 01 00 18 03 01 53]
48365,1.78931E+12,9/13/2026 21:03,SomniGuard,71.6,SpO2:97.8% BPM:72 [06 08 37 26 CC 02 01 00 18 03 01 53]
48366,1.78931E+12,9/13/2026 21:03,SomniGuard,70.6,SpO2:97.8% BPM:71 [07 08 37 26 C2 02 01 00 18 03 01 53]
48367,1.78931E+12,9/13/2026 21:03,SomniGuard,71.6,SpO2:97.8% BPM:72 [08 08 37 26 CC 02 01 00 18 03 01 53]
48368,1.78931E+12,9/13/2026 21:03,SomniGuard,70.6,SpO2:97.8% BPM:71 [09 08 37 26 C2 02 01 00 18 03 01 53]
48369,1.78931E+12,9/13/2026 21:03,SomniGuard,71.6,SpO2:97.8% BPM:72 [0A 08 37 26 CC 02 01 00 18 03 01 53]
48370,1.78931E+12,9/13/2026 21:03,SomniGuard,70.6,SpO2:97.8% BPM:71 [0B 08 37 26 C2 02 01 00 18 03 01 53]
48371,1.78931E+12,9/13/2026 21:03,SomniGuard,71.6,SpO2:97.8% BPM:72 [0C 08 37 26 CC 02 01 00 18 03 01 53]
48372,1.78931E+12,9/13/2026 21:03,SomniGuard,70.6,SpO2:97.8% BPM:71 [0D 08 37 26 C2 02 01 00 18 03 01 53]
48373,1.78931E+12,9/13/2026 21:03,SomniGuard,71.6,SpO2:97.8% BPM:72 [0E 08 37 26 CC 02 01 00 18 03 01 53]
48374,1.78931E+12,9/13/2026 21:03,SomniGuard,70.6,SpO2:97.8% BPM:71 [0F 08 37 26 C2 02 01 00 18 03 01 53]
48375,1.78931E+12,9/13/2026 21:03,SomniGuard,71.6,SpO2:97.8% BPM:72 [10 08 37 26 CC 02 01 00 18 03 01 53]
48376,1.78931E+12,9/13/2026 21:03,SomniGuard,70.6,SpO2:97.8% BPM:71 [11 08 37 26 C2 02 01 00 18 03 01 53]
48377,1.78931E+12,9/13/2026 21:03,SomniGuard,71.6,SpO2:97.8% BPM:72 [12 08 37 26 CC 02 01 00 18 03 01 53]
48378,1.78931E+12,9/13/2026 21:04,SomniGuard,70.6,SpO2:97.8% BPM:71 [13 08 37 26 C2 02 01 00 18 03 01 53]
48379,1.78931E+12,9/13/2026 21:04,SomniGuard,71.6,SpO2:97.8% BPM:72 [14 08 37 26 CC 02 01 00 18 03 01 53]
48380,1.78931E+12,9/13/2026 21:04,SomniGuard,70.6,SpO2:97.8% BPM:71 [15 08 37 26 C2 02 01 00 18 03 01 53]
48381,1.78931E+12,9/13/2026 21:04,SomniGuard,71.6,SpO2:97.8% BPM:72 [16 08 37 26 CC 02 01 00 18 03 01 53]
48382,1.78931E+12,9/13/2026 21:04,SomniGuard,70.6,SpO2:97.8% BPM:71 [17 08 37 26 C2 02 01 00 18 03 01 53]
48383,1.78931E+12,9/13/2026 21:04,SomniGuard,71.6,SpO2:97.8% BPM:72 [18 08 37 26 CC 02 01 00 18 03 01 53]
48384,1.78931E+12,9/13/2026 21:04,SomniGuard,71.1,SpO2:97.6% BPM:71 [19 08 1E 26 C7 02 01 00 18 03 01 53]
48385,1.78931E+12,9/13/2026 21:04,SomniGuard,70.1,SpO2:97.6% BPM:70 [1A 08 1E 26 BD 02 01 00 18 03 01 53]
48386,1.78931E+12,9/13/2026 21:04,SomniGuard,71.1,SpO2:97.6% BPM:71 [1B 08 1E 26 C7 02 01 00 18 03 01 53]
48387,1.78931E+12,9/13/2026 21:04,SomniGuard,71.6,SpO2:97.8% BPM:72 [1C 08 37 26 CC 02 01 00 18 03 01 53]
48388,1.78931E+12,9/13/2026 21:04,SomniGuard,71.1,SpO2:97.6% BPM:71 [1D 08 1E 26 C7 02 01 00 18 03 01 53]
48389,1.78931E+12,9/13/2026 21:04,SomniGuard,70.1,SpO2:97.6% BPM:70 [1E 08 1E 26 BD 02 01 00 18 03 01 53]
48390,1.78931E+12,9/13/2026 21:04,SomniGuard,71.1,SpO2:97.6% BPM:71 [1F 08 1E 26 C7 02 01 00 18 03 01 53]
48391,1.78931E+12,9/13/2026 21:04,SomniGuard,70.1,SpO2:97.6% BPM:70 [20 08 1E 26 BD 02 01 00 18 03 01 53]
48392,1.78931E+12,9/13/2026 21:04,SomniGuard,71.1,SpO2:97.6% BPM:71 [21 08 1E 26 C7 02 01 00 18 03 01 53]
48393,1.78931E+12,9/13/2026 21:04,SomniGuard,70.1,SpO2:97.6% BPM:70 [22 08 1E 26 BD 02 01 00 18 03 01 53]
48394,1.78931E+12,9/13/2026 21:04,SomniGuard,71.1,SpO2:97.6% BPM:71 [23 08 1E 26 C7 02 01 00 18 03 01 53]
48395,1.78931E+12,9/13/2026 21:04,SomniGuard,70.1,SpO2:97.6% BPM:70 [24 08 1E 26 BD 02 01 00 18 03 01 53]
48396,1.78931E+12,9/13/2026 21:04,SomniGuard,71.1,SpO2:97.6% BPM:71 [25 08 1E 26 C7 02 01 00 18 03 01 53]
48397,1.78931E+12,9/13/2026 21:04,SomniGuard,70.1,SpO2:97.6% BPM:70 [26 08 1E 26 BD 02 01 00 18 03 01 53]
48398,1.78931E+12,9/13/2026 21:04,SomniGuard,71.1,SpO2:97.6% BPM:71 [27 08 1E 26 C7 02 01 00 18 03 01 53]
48399,1.78931E+12,9/13/2026 21:04,SomniGuard,70.1,SpO2:97.6% BPM:70 [28 08 1E 26 BD 02 01 00 18 03 01 53]
48400,1.78931E+12,9/13/2026 21:04,SomniGuard,71.1,SpO2:97.6% BPM:71 [29 08 1E 26 C7 02 01 00 18 03 01 53]
48401,1.78931E+12,9/13/2026 21:04,SomniGuard,70.1,SpO2:97.6% BPM:70 [2A 08 1E 26 BD 02 01 00 18 03 01 53]
48402,1.78931E+12,9/13/2026 21:04,SomniGuard,71.1,SpO2:97.6% BPM:71 [2B 08 1E 26 C7 02 01 00 18 03 01 53]
48403,1.78931E+12,9/13/2026 21:04,SomniGuard,70.1,SpO2:97.6% BPM:70 [2C 08 1E 26 BD 02 01 00 18 03 01 53]
48404,1.78931E+12,9/13/2026 21:04,SomniGuard,71.1,SpO2:97.6% BPM:71 [2D 08 1E 26 C7 02 01 00 18 03 01 53]
48405,1.78931E+12,9/13/2026 21:04,SomniGuard,70.1,SpO2:97.6% BPM:70 [2E 08 1E 26 BD 02 01 00 18 03 01 53]
48406,1.78931E+12,9/13/2026 21:04,SomniGuard,71.1,SpO2:97.6% BPM:71 [2F 08 1E 26 C7 02 01 00 18 03 01 53]
48407,1.78931E+12,9/13/2026 21:04,SomniGuard,70.1,SpO2:97.6% BPM:70 [30 08 1E 26 BD 02 01 00 18 03 01 53]
48408,1.78931E+12,9/13/2026 21:04,SomniGuard,71.1,SpO2:97.6% BPM:71 [31 08 1E 26 C7 02 01 00 18 03 01 53]
48409,1.78931E+12,9/13/2026 21:04,SomniGuard,70.1,SpO2:97.6% BPM:70 [32 08 1E 26 BD 02 01 00 18 03 01 53]
48410,1.78931E+12,9/13/2026 21:04,SomniGuard,71.1,SpO2:97.6% BPM:71 [33 08 1E 26 C7 02 01 00 18 03 01 53]
48411,1.78931E+12,9/13/2026 21:04,SomniGuard,70.1,SpO2:97.6% BPM:70 [34 08 1E 26 BD 02 01 00 18 03 01 53]
48412,1.78931E+12,9/13/2026 21:04,SomniGuard,71.1,SpO2:97.6% BPM:71 [35 08 1E 26 C7 02 01 00 18 03 01 53]
48413,1.78931E+12,9/13/2026 21:04,SomniGuard,70.1,SpO2:97.6% BPM:70 [36 08 1E 26 BD 02 01 00 18 03 01 53]
48414,1.78931E+12,9/13/2026 21:04,SomniGuard,71.1,SpO2:97.6% BPM:71 [37 08 1E 26 C7 02 01 00 18 03 01 53]
48415,1.78931E+12,9/13/2026 21:04,SomniGuard,70.1,SpO2:97.6% BPM:70 [38 08 1E 26 BD 02 01 00 18 03 01 53]
48416,1.78931E+12,9/13/2026 21:04,SomniGuard,71.1,SpO2:97.6% BPM:71 [39 08 1E 26 C7 02 01 00 18 03 01 53]
48417,1.78931E+12,9/13/2026 21:04,SomniGuard,70.1,SpO2:97.6% BPM:70 [3A 08 1E 26 BD 02 01 00 18 03 01 53]
48418,1.78931E+12,9/13/2026 21:04,SomniGuard,71.1,SpO2:97.6% BPM:71 [3B 08 1E 26 C7 02 01 00 18 03 01 53]
48419,1.78931E+12,9/13/2026 21:04,SomniGuard,70.1,SpO2:97.6% BPM:70 [3C 08 1E 26 BD 02 01 00 18 03 01 53]
48420,1.78931E+12,9/13/2026 21:04,SomniGuard,71.1,SpO2:97.6% BPM:71 [3D 08 1E 26 C7 02 01 00 18 03 01 53]
48421,1.78931E+12,9/13/2026 21:04,SomniGuard,70.1,SpO2:97.6% BPM:70 [3E 08 1E 26 BD 02 01 00 18 03 01 53]
48422,1.78931E+12,9/13/2026 21:04,SomniGuard,71.1,SpO2:97.6% BPM:71 [3F 08 1E 26 C7 02 01 00 18 03 01 53]
48423,1.78931E+12,9/13/2026 21:04,SomniGuard,70.1,SpO2:97.6% BPM:70 [40 08 1E 26 BD 02 01 00 18 03 01 53]
48424,1.78931E+12,9/13/2026 21:04,SomniGuard,71.1,SpO2:97.6% BPM:71 [41 08 1E 26 C7 02 01 00 18 03 01 53]
48425,1.78931E+12,9/13/2026 21:04,SomniGuard,70.1,SpO2:97.6% BPM:70 [42 08 1E 26 BD 02 01 00 18 03 01 53]
48426,1.78931E+12,9/13/2026 21:04,SomniGuard,71.1,SpO2:97.6% BPM:71 [43 08 1E 26 C7 02 01 00 18 03 01 53]
48427,1.78931E+12,9/13/2026 21:04,SomniGuard,70.1,SpO2:97.6% BPM:70 [44 08 1E 26 BD 02 01 00 18 03 01 53]
48428,1.78931E+12,9/13/2026 21:04,SomniGuard,71.1,SpO2:97.6% BPM:71 [45 08 1E 26 C7 02 01 00 18 03 01 53]
48429,1.78931E+12,9/13/2026 21:04,SomniGuard,70.1,SpO2:97.6% BPM:70 [46 08 1E 26 BD 02 01 00 18 03 01 53]
48430,1.78931E+12,9/13/2026 21:04,SomniGuard,71.1,SpO2:97.6% BPM:71 [47 08 1E 26 C7 02 01 00 18 03 01 53]
48431,1.78931E+12,9/13/2026 21:04,SomniGuard,70.1,SpO2:97.6% BPM:70 [48 08 1E 26 BD 02 01 00 18 03 01 53]
48432,1.78931E+12,9/13/2026 21:04,SomniGuard,71.1,SpO2:97.6% BPM:71 [49 08 1E 26 C7 02 01 00 18 03 01 53]
48433,1.78931E+12,9/13/2026 21:04,SomniGuard,70.1,SpO2:97.6% BPM:70 [4A 08 1E 26 BD 02 01 00 18 03 01 53]
48434,1.78931E+12,9/13/2026 21:04,SomniGuard,71.1,SpO2:97.6% BPM:71 [4B 08 1E 26 C7 02 01 00 18 03 01 53]
48435,1.78931E+12,9/13/2026 21:04,SomniGuard,70.1,SpO2:97.6% BPM:70 [4C 08 1E 26 BD 02 01 00 18 03 01 53]
48436,1.78931E+12,9/13/2026 21:04,SomniGuard,71.1,SpO2:97.6% BPM:71 [4D 08 1E 26 C7 02 01 00 18 03 01 53]
48437,1.78931E+12,9/13/2026 21:04,SomniGuard,70.1,SpO2:97.6% BPM:70 [4E 08 1E 26 BD 02 01 00 18 03 01 53]
48438,1.78931E+12,9/13/2026 21:05,SomniGuard,71.1,SpO2:97.6% BPM:71 [4F 08 1E 26 C7 02 01 00 18 03 01 53]
48439,1.78931E+12,9/13/2026 21:05,SomniGuard,70.1,SpO2:97.6% BPM:70 [50 08 1E 26 BD 02 01 00 18 03 01 53]
48440,1.78931E+12,9/13/2026 21:05,SomniGuard,71.1,SpO2:97.6% BPM:71 [51 08 1E 26 C7 02 01 00 18 03 01 53]
48441,1.78931E+12,9/13/2026 21:05,SomniGuard,70.1,SpO2:97.6% BPM:70 [52 08 1E 26 BD 02 01 00 18 03 01 53]
48442,1.78931E+12,9/13/2026 21:05,SomniGuard,71.1,SpO2:97.6% BPM:71 [53 08 1E 26 C7 02 01 00 18 03 01 53]
48443,1.78931E+12,9/13/2026 21:05,SomniGuard,70.1,SpO2:97.6% BPM:70 [54 08 1E 26 BD 02 01 00 18 03 01 53]
48444,1.78931E+12,9/13/2026 21:05,SomniGuard,71.1,SpO2:97.6% BPM:71 [55 08 1E 26 C7 02 01 00 18 03 01 53]
48445,1.78931E+12,9/13/2026 21:05,SomniGuard,70.1,SpO2:97.6% BPM:70 [56 08 1E 26 BD 02 01 00 18 03 01 53]
48446,1.78931E+12,9/13/2026 21:05,SomniGuard,71.1,SpO2:97.6% BPM:71 [57 08 1E 26 C7 02 01 00 18 03 01 53]
48447,1.78931E+12,9/13/2026 21:05,SomniGuard,70.1,SpO2:97.6% BPM:70 [58 08 1E 26 BD 02 01 00 18 03 01 53]
48448,1.78931E+12,9/13/2026 21:05,SomniGuard,71.1,SpO2:97.6% BPM:71 [59 08 1E 26 C7 02 01 00 18 03 01 53]
48449,1.78931E+12,9/13/2026 21:05,SomniGuard,70.1,SpO2:97.6% BPM:70 [5A 08 1E 26 BD 02 01 00 18 03 01 53]
48450,1.78931E+12,9/13/2026 21:05,SomniGuard,71.1,SpO2:97.6% BPM:71 [5B 08 1E 26 C7 02 01 00 18 03 01 53]
48451,1.78931E+12,9/13/2026 21:05,SomniGuard,70.1,SpO2:97.6% BPM:70 [5C 08 1E 26 BD 02 01 00 18 03 01 53]
48452,1.78931E+12,9/13/2026 21:05,SomniGuard,71.1,SpO2:97.6% BPM:71 [5D 08 1E 26 C7 02 01 00 18 03 01 53]
48453,1.78931E+12,9/13/2026 21:05,SomniGuard,70.1,SpO2:97.6% BPM:70 [5E 08 1E 26 BD 02 01 00 18 03 01 53]
48454,1.78931E+12,9/13/2026 21:05,SomniGuard,71.1,SpO2:97.6% BPM:71 [5F 08 1E 26 C7 02 01 00 18 03 01 53]
48455,1.78931E+12,9/13/2026 21:05,SomniGuard,70.1,SpO2:97.6% BPM:70 [60 08 1E 26 BD 02 01 00 18 03 01 53]
48456,1.78931E+12,9/13/2026 21:05,SomniGuard,71.1,SpO2:97.6% BPM:71 [61 08 1E 26 C7 02 01 00 18 03 01 53]
48457,1.78931E+12,9/13/2026 21:05,SomniGuard,70.1,SpO2:97.6% BPM:70 [62 08 1E 26 BD 02 01 00 18 03 01 53]
48458,1.78931E+12,9/13/2026 21:05,SomniGuard,71.1,SpO2:97.6% BPM:71 [63 08 1E 26 C7 02 01 00 18 03 01 53]
48459,1.78931E+12,9/13/2026 21:05,SomniGuard,70.1,SpO2:97.6% BPM:70 [64 08 1E 26 BD 02 01 00 18 03 01 53]
48460,1.78931E+12,9/13/2026 21:05,SomniGuard,71.1,SpO2:97.6% BPM:71 [65 08 1E 26 C7 02 01 00 18 03 01 53]
48461,1.78931E+12,9/13/2026 21:05,SomniGuard,70.1,SpO2:97.6% BPM:70 [66 08 1E 26 BD 02 01 00 18 03 01 53]
48462,1.78931E+12,9/13/2026 21:05,SomniGuard,71.1,SpO2:97.6% BPM:71 [67 08 1E 26 C7 02 01 00 18 03 01 53]
48463,1.78931E+12,9/13/2026 21:05,SomniGuard,70.1,SpO2:97.6% BPM:70 [68 08 1E 26 BD 02 01 00 18 03 01 53]
48464,1.78931E+12,9/13/2026 21:05,SomniGuard,71.1,SpO2:97.6% BPM:71 [69 08 1E 26 C7 02 01 00 18 03 01 53]
48465,1.78931E+12,9/13/2026 21:05,SomniGuard,70.1,SpO2:97.6% BPM:70 [6A 08 1E 26 BD 02 01 00 18 03 01 53]
48466,1.78931E+12,9/13/2026 21:05,SomniGuard,71.1,SpO2:97.6% BPM:71 [6B 08 1E 26 C7 02 01 00 18 03 01 53]
48467,1.78931E+12,9/13/2026 21:05,SomniGuard,70.1,SpO2:97.6% BPM:70 [6C 08 1E 26 BD 02 01 00 18 03 01 53]
48468,1.78931E+12,9/13/2026 21:05,SomniGuard,71.1,SpO2:97.6% BPM:71 [6D 08 1E 26 C7 02 01 00 18 03 01 53]
48469,1.78931E+12,9/13/2026 21:05,SomniGuard,70.1,SpO2:97.6% BPM:70 [6E 08 1E 26 BD 02 01 00 18 03 01 53]
48470,1.78931E+12,9/13/2026 21:05,SomniGuard,71.1,SpO2:97.6% BPM:71 [6F 08 1E 26 C7 02 01 00 18 03 01 53]
48471,1.78931E+12,9/13/2026 21:05,SomniGuard,70.1,SpO2:97.6% BPM:70 [70 08 1E 26 BD 02 01 00 18 03 01 53]
48472,1.78931E+12,9/13/2026 21:05,SomniGuard,71.1,SpO2:97.6% BPM:71 [71 08 1E 26 C7 02 01 00 18 03 01 53]
48473,1.78931E+12,9/13/2026 21:05,SomniGuard,70.1,SpO2:97.6% BPM:70 [72 08 1E 26 BD 02 01 00 18 03 01 53]
48474,1.78931E+12,9/13/2026 21:05,SomniGuard,71.1,SpO2:97.6% BPM:71 [73 08 1E 26 C7 02 01 00 18 03 01 53]
48475,1.78931E+12,9/13/2026 21:05,SomniGuard,70.1,SpO2:97.6% BPM:70 [74 08 1E 26 BD 02 01 00 18 03 01 53]
48476,1.78931E+12,9/13/2026 21:05,SomniGuard,71.1,SpO2:97.6% BPM:71 [75 08 1E 26 C7 02 01 00 18 03 01 53]
48477,1.78931E+12,9/13/2026 21:05,SomniGuard,70.1,SpO2:97.6% BPM:70 [76 08 1E 26 BD 02 01 00 18 03 01 53]
48478,1.78931E+12,9/13/2026 21:05,SomniGuard,71.1,SpO2:97.6% BPM:71 [77 08 1E 26 C7 02 01 00 18 03 01 53]
48479,1.78931E+12,9/13/2026 21:05,SomniGuard,70.1,SpO2:97.6% BPM:70 [78 08 1E 26 BD 02 01 00 18 03 01 53]
48480,1.78931E+12,9/13/2026 21:05,SomniGuard,71.1,SpO2:97.6% BPM:71 [79 08 1E 26 C7 02 01 00 18 03 01 53]
48481,1.78931E+12,9/13/2026 21:05,SomniGuard,70.1,SpO2:97.6% BPM:70 [7A 08 1E 26 BD 02 01 00 18 03 01 53]
48482,1.78931E+12,9/13/2026 21:05,SomniGuard,71.1,SpO2:97.6% BPM:71 [7B 08 1E 26 C7 02 01 00 18 03 01 53]
48483,1.78931E+12,9/13/2026 21:05,SomniGuard,70.1,SpO2:97.6% BPM:70 [7C 08 1E 26 BD 02 01 00 18 03 01 53]
48484,1.78931E+12,9/13/2026 21:05,SomniGuard,71.1,SpO2:97.6% BPM:71 [7D 08 1E 26 C7 02 01 00 18 03 01 53]
48485,1.78931E+12,9/13/2026 21:05,SomniGuard,70.1,SpO2:97.6% BPM:70 [7E 08 1E 26 BD 02 01 00 18 03 01 53]
48486,1.78931E+12,9/13/2026 21:05,SomniGuard,71.1,SpO2:97.6% BPM:71 [7F 08 1E 26 C7 02 01 00 18 03 01 53]
48487,1.78931E+12,9/13/2026 21:05,SomniGuard,70.1,SpO2:97.6% BPM:70 [80 08 1E 26 BD 02 01 00 18 03 01 53]
48488,1.78931E+12,9/13/2026 21:05,SomniGuard,71.1,SpO2:97.6% BPM:71 [81 08 1E 26 C7 02 01 00 18 03 01 53]
48489,1.78931E+12,9/13/2026 21:05,SomniGuard,70.1,SpO2:97.6% BPM:70 [82 08 1E 26 BD 02 01 00 18 03 01 53]
48490,1.78931E+12,9/13/2026 21:05,SomniGuard,71.1,SpO2:97.6% BPM:71 [83 08 1E 26 C7 02 01 00 18 03 01 53]
48491,1.78931E+12,9/13/2026 21:05,SomniGuard,70.1,SpO2:97.6% BPM:70 [84 08 1E 26 BD 02 01 00 18 03 01 53]
48492,1.78931E+12,9/13/2026 21:05,SomniGuard,71.1,SpO2:97.6% BPM:71 [85 08 1E 26 C7 02 01 00 18 03 01 53]
48493,1.78931E+12,9/13/2026 21:05,SomniGuard,70.1,SpO2:97.6% BPM:70 [86 08 1E 26 BD 02 01 00 18 03 01 53]
48494,1.78931E+12,9/13/2026 21:05,SomniGuard,71.1,SpO2:97.6% BPM:71 [87 08 1E 26 C7 02 01 00 18 03 01 53]
48495,1.78931E+12,9/13/2026 21:05,SomniGuard,70.1,SpO2:97.6% BPM:70 [88 08 1E 26 BD 02 01 00 18 03 01 53]
48496,1.78931E+12,9/13/2026 21:05,SomniGuard,71.1,SpO2:97.6% BPM:71 [89 08 1E 26 C7 02 01 00 18 03 01 53]
48497,1.78931E+12,9/13/2026 21:06,SomniGuard,70.1,SpO2:97.6% BPM:70 [8A 08 1E 26 BD 02 01 00 18 03 01 53]
48498,1.78931E+12,9/13/2026 21:06,SomniGuard,71.1,SpO2:97.6% BPM:71 [8B 08 1E 26 C7 02 01 00 18 03 01 53]
48499,1.78931E+12,9/13/2026 21:06,SomniGuard,70.1,SpO2:97.6% BPM:70 [8C 08 1E 26 BD 02 01 00 18 03 01 53]
48500,1.78931E+12,9/13/2026 21:06,SomniGuard,71.1,SpO2:97.6% BPM:71 [8D 08 1E 26 C7 02 01 00 18 03 01 53]
48501,1.78931E+12,9/13/2026 21:06,SomniGuard,70.1,SpO2:97.6% BPM:70 [8E 08 1E 26 BD 02 01 00 18 03 01 53]
48502,1.78931E+12,9/13/2026 21:06,SomniGuard,71.1,SpO2:97.6% BPM:71 [8F 08 1E 26 C7 02 01 00 18 03 01 53]
48503,1.78931E+12,9/13/2026 21:06,SomniGuard,70.1,SpO2:97.6% BPM:70 [90 08 1E 26 BD 02 01 00 18 03 01 53]
48504,1.78931E+12,9/13/2026 21:06,SomniGuard,71.1,SpO2:97.6% BPM:71 [91 08 1E 26 C7 02 01 00 18 03 01 53]
48505,1.78931E+12,9/13/2026 21:06,SomniGuard,70.1,SpO2:97.6% BPM:70 [92 08 1E 26 BD 02 01 00 18 03 01 53]
48506,1.78931E+12,9/13/2026 21:06,SomniGuard,71.1,SpO2:97.6% BPM:71 [93 08 1E 26 C7 02 01 00 18 03 01 53]
48507,1.78931E+12,9/13/2026 21:06,SomniGuard,70.1,SpO2:97.6% BPM:70 [94 08 1E 26 BD 02 01 00 18 03 01 53]
48508,1.78931E+12,9/13/2026 21:06,SomniGuard,71.1,SpO2:97.6% BPM:71 [95 08 1E 26 C7 02 01 00 18 03 01 53]
48509,1.78931E+12,9/13/2026 21:06,SomniGuard,70.1,SpO2:97.6% BPM:70 [96 08 1E 26 BD 02 01 00 18 03 01 53]
48510,1.78931E+12,9/13/2026 21:06,SomniGuard,71.1,SpO2:97.6% BPM:71 [97 08 1E 26 C7 02 01 00 18 03 01 53]
48511,1.78931E+12,9/13/2026 21:06,SomniGuard,70.1,SpO2:97.6% BPM:70 [98 08 1E 26 BD 02 01 00 18 03 01 53]
48512,1.78931E+12,9/13/2026 21:06,SomniGuard,71.1,SpO2:97.6% BPM:71 [99 08 1E 26 C7 02 01 00 18 03 01 53]
48513,1.78931E+12,9/13/2026 21:06,SomniGuard,70.1,SpO2:97.6% BPM:70 [9A 08 1E 26 BD 02 01 00 18 03 01 53]
48514,1.78931E+12,9/13/2026 21:06,SomniGuard,71.1,SpO2:97.6% BPM:71 [9B 08 1E 26 C7 02 01 00 18 03 01 53]
48515,1.78931E+12,9/13/2026 21:06,SomniGuard,70.1,SpO2:97.6% BPM:70 [9C 08 1E 26 BD 02 01 00 18 03 01 53]
48516,1.78931E+12,9/13/2026 21:06,SomniGuard,71.1,SpO2:97.6% BPM:71 [9D 08 1E 26 C7 02 01 00 18 03 01 53]
48517,1.78931E+12,9/13/2026 21:06,SomniGuard,70.1,SpO2:97.6% BPM:70 [9E 08 1E 26 BD 02 01 00 18 03 01 53]
48518,1.78931E+12,9/13/2026 21:06,SomniGuard,71.1,SpO2:97.6% BPM:71 [9F 08 1E 26 C7 02 01 00 18 03 01 53]
48519,1.78931E+12,9/13/2026 21:06,SomniGuard,70.1,SpO2:97.6% BPM:70 [A0 08 1E 26 BD 02 01 00 18 03 01 53]
48520,1.78931E+12,9/13/2026 21:06,SomniGuard,71.1,SpO2:97.6% BPM:71 [A1 08 1E 26 C7 02 01 00 18 03 01 53]
48521,1.78931E+12,9/13/2026 21:06,SomniGuard,70.1,SpO2:97.6% BPM:70 [A2 08 1E 26 BD 02 01 00 18 03 01 53]
48522,1.78931E+12,9/13/2026 21:06,SomniGuard,71.1,SpO2:97.6% BPM:71 [A3 08 1E 26 C7 02 01 00 18 03 01 53]
48523,1.78931E+12,9/13/2026 21:06,SomniGuard,70.1,SpO2:97.6% BPM:70 [A4 08 1E 26 BD 02 01 00 18 03 01 53]
48524,1.78931E+12,9/13/2026 21:06,SomniGuard,71.1,SpO2:97.6% BPM:71 [A5 08 1E 26 C7 02 01 00 18 03 01 53]
48525,1.78931E+12,9/13/2026 21:06,SomniGuard,70.1,SpO2:97.6% BPM:70 [A6 08 1E 26 BD 02 01 00 18 03 01 53]
48526,1.78931E+12,9/13/2026 21:06,SomniGuard,71.1,SpO2:97.6% BPM:71 [A7 08 1E 26 C7 02 01 00 18 03 01 53]
48527,1.78931E+12,9/13/2026 21:06,SomniGuard,70.1,SpO2:97.6% BPM:70 [A8 08 1E 26 BD 02 01 00 18 03 01 53]
48528,1.78931E+12,9/13/2026 21:06,SomniGuard,71.1,SpO2:97.6% BPM:71 [A9 08 1E 26 C7 02 01 00 18 03 01 53]
48529,1.78931E+12,9/13/2026 21:06,SomniGuard,70.1,SpO2:97.6% BPM:70 [AA 08 1E 26 BD 02 01 00 18 03 01 53]
48530,1.78931E+12,9/13/2026 21:06,SomniGuard,71.1,SpO2:97.6% BPM:71 [AB 08 1E 26 C7 02 01 00 18 03 01 53]
48531,1.78931E+12,9/13/2026 21:06,SomniGuard,70.1,SpO2:97.6% BPM:70 [AC 08 1E 26 BD 02 01 00 18 03 01 53]
48532,1.78931E+12,9/13/2026 21:06,SomniGuard,71.1,SpO2:97.6% BPM:71 [AD 08 1E 26 C7 02 01 00 18 03 01 53]
48533,1.78931E+12,9/13/2026 21:06,SomniGuard,70.1,SpO2:97.6% BPM:70 [AE 08 1E 26 BD 02 01 00 18 03 01 53]
48534,1.78931E+12,9/13/2026 21:06,SomniGuard,71.1,SpO2:97.6% BPM:71 [AF 08 1E 26 C7 02 01 00 18 03 01 53]
48535,1.78931E+12,9/13/2026 21:06,SomniGuard,70.1,SpO2:97.6% BPM:70 [B0 08 1E 26 BD 02 01 00 18 03 01 53]
48536,1.78931E+12,9/13/2026 21:06,SomniGuard,71.1,SpO2:97.6% BPM:71 [B1 08 1E 26 C7 02 01 00 18 03 01 53]
48537,1.78931E+12,9/13/2026 21:06,SomniGuard,70.1,SpO2:97.6% BPM:70 [B2 08 1E 26 BD 02 01 00 18 03 01 53]
48538,1.78931E+12,9/13/2026 21:06,SomniGuard,71.1,SpO2:97.6% BPM:71 [B3 08 1E 26 C7 02 01 00 18 03 01 53]
48539,1.78931E+12,9/13/2026 21:06,SomniGuard,70.1,SpO2:97.6% BPM:70 [B4 08 1E 26 BD 02 01 00 18 03 01 53]
48540,1.78931E+12,9/13/2026 21:06,SomniGuard,71.1,SpO2:97.6% BPM:71 [B5 08 1E 26 C7 02 01 00 18 03 01 53]
48541,1.78931E+12,9/13/2026 21:06,SomniGuard,70.1,SpO2:97.6% BPM:70 [B6 08 1E 26 BD 02 01 00 18 03 01 53]
48542,1.78931E+12,9/13/2026 21:06,SomniGuard,71.1,SpO2:97.6% BPM:71 [B7 08 1E 26 C7 02 01 00 18 03 01 53]
48543,1.78931E+12,9/13/2026 21:06,SomniGuard,70.1,SpO2:97.6% BPM:70 [B8 08 1E 26 BD 02 01 00 18 03 01 53]
48544,1.78931E+12,9/13/2026 21:06,SomniGuard,71.1,SpO2:97.6% BPM:71 [B9 08 1E 26 C7 02 01 00 18 03 01 53]
48545,1.78931E+12,9/13/2026 21:06,SomniGuard,70.1,SpO2:97.6% BPM:70 [BA 08 1E 26 BD 02 01 00 18 03 01 53]
48546,1.78931E+12,9/13/2026 21:06,SomniGuard,71.1,SpO2:97.6% BPM:71 [BB 08 1E 26 C7 02 01 00 18 03 01 53]
48547,1.78931E+12,9/13/2026 21:06,SomniGuard,70.1,SpO2:97.6% BPM:70 [BC 08 1E 26 BD 02 01 00 18 03 01 53]
48548,1.78931E+12,9/13/2026 21:06,SomniGuard,71.1,SpO2:97.6% BPM:71 [BD 08 1E 26 C7 02 01 00 18 03 01 53]
48549,1.78931E+12,9/13/2026 21:06,SomniGuard,70.1,SpO2:97.6% BPM:70 [BE 08 1E 26 BD 02 01 00 18 03 01 53]
48550,1.78931E+12,9/13/2026 21:06,SomniGuard,71.1,SpO2:97.6% BPM:71 [BF 08 1E 26 C7 02 01 00 18 03 01 53]
48551,1.78931E+12,9/13/2026 21:06,SomniGuard,70.1,SpO2:97.6% BPM:70 [C0 08 1E 26 BD 02 01 00 18 03 01 53]
48552,1.78931E+12,9/13/2026 21:06,SomniGuard,71.1,SpO2:97.6% BPM:71 [C1 08 1E 26 C7 02 01 00 18 03 01 53]
48553,1.78931E+12,9/13/2026 21:06,SomniGuard,70.1,SpO2:97.6% BPM:70 [C2 08 1E 26 BD 02 01 00 18 03 01 53]
48554,1.78931E+12,9/13/2026 21:06,SomniGuard,71.1,SpO2:97.6% BPM:71 [C3 08 1E 26 C7 02 01 00 18 03 01 53]
48555,1.78931E+12,9/13/2026 21:06,SomniGuard,70.1,SpO2:97.6% BPM:70 [C4 08 1E 26 BD 02 01 00 18 03 01 53]
48556,1.78931E+12,9/13/2026 21:06,SomniGuard,71.1,SpO2:97.6% BPM:71 [C5 08 1E 26 C7 02 01 00 18 03 01 53]
48557,1.78931E+12,9/13/2026 21:07,SomniGuard,70.1,SpO2:97.6% BPM:70 [C6 08 1E 26 BD 02 01 00 18 03 01 53]
48558,1.78931E+12,9/13/2026 21:07,SomniGuard,71.1,SpO2:97.6% BPM:71 [C7 08 1E 26 C7 02 01 00 18 03 01 53]
48559,1.78931E+12,9/13/2026 21:07,SomniGuard,70.1,SpO2:97.6% BPM:70 [C8 08 1E 26 BD 02 01 00 18 03 01 53]
48560,1.78931E+12,9/13/2026 21:07,SomniGuard,71.1,SpO2:97.6% BPM:71 [C9 08 1E 26 C7 02 01 00 18 03 01 53]
48561,1.78931E+12,9/13/2026 21:07,SomniGuard,70.1,SpO2:97.6% BPM:70 [CA 08 1E 26 BD 02 01 00 18 03 01 53]
48562,1.78931E+12,9/13/2026 21:07,SomniGuard,71.1,SpO2:97.6% BPM:71 [CB 08 1E 26 C7 02 01 00 18 03 01 53]
48563,1.78931E+12,9/13/2026 21:07,SomniGuard,70.1,SpO2:97.6% BPM:70 [CC 08 1E 26 BD 02 01 00 18 03 01 53]
48564,1.78931E+12,9/13/2026 21:07,SomniGuard,71.1,SpO2:97.6% BPM:71 [CD 08 1E 26 C7 02 01 00 18 03 01 53]
48565,1.78931E+12,9/13/2026 21:07,SomniGuard,70.1,SpO2:97.6% BPM:70 [CE 08 1E 26 BD 02 01 00 18 03 01 53]
48566,1.78931E+12,9/13/2026 21:07,SomniGuard,71.1,SpO2:97.6% BPM:71 [CF 08 1E 26 C7 02 01 00 18 03 01 53]
48567,1.78931E+12,9/13/2026 21:07,SomniGuard,70.1,SpO2:97.6% BPM:70 [D0 08 1E 26 BD 02 01 00 18 03 01 53]
48568,1.78931E+12,9/13/2026 21:07,SomniGuard,71.1,SpO2:97.6% BPM:71 [D1 08 1E 26 C7 02 01 00 18 03 01 53]
48569,1.78931E+12,9/13/2026 21:07,SomniGuard,70.1,SpO2:97.6% BPM:70 [D2 08 1E 26 BD 02 01 00 18 03 01 53]
48570,1.78931E+12,9/13/2026 21:07,SomniGuard,71.1,SpO2:97.6% BPM:71 [D3 08 1E 26 C7 02 01 00 18 03 01 53]
48571,1.78931E+12,9/13/2026 21:07,SomniGuard,70.1,SpO2:97.6% BPM:70 [D4 08 1E 26 BD 02 01 00 18 03 01 53]
48572,1.78931E+12,9/13/2026 21:07,SomniGuard,71.1,SpO2:97.6% BPM:71 [D5 08 1E 26 C7 02 01 00 18 03 01 53]
48573,1.78931E+12,9/13/2026 21:07,SomniGuard,70.1,SpO2:97.6% BPM:70 [D6 08 1E 26 BD 02 01 00 18 03 01 53]
48574,1.78931E+12,9/13/2026 21:07,SomniGuard,71.1,SpO2:97.6% BPM:71 [D7 08 1E 26 C7 02 01 00 18 03 01 53]
48575,1.78931E+12,9/13/2026 21:07,SomniGuard,70.1,SpO2:97.6% BPM:70 [D8 08 1E 26 BD 02 01 00 18 03 01 53]
48576,1.78931E+12,9/13/2026 21:07,SomniGuard,71.1,SpO2:97.6% BPM:71 [D9 08 1E 26 C7 02 01 00 18 03 01 53]
48577,1.78931E+12,9/13/2026 21:07,SomniGuard,70.6,SpO2:97.8% BPM:71 [DA 08 37 26 C2 02 01 00 18 03 01 53]
48578,1.78931E+12,9/13/2026 21:07,SomniGuard,71.6,SpO2:97.8% BPM:72 [DB 08 37 26 CC 02 01 00 18 03 01 53]
48579,1.78931E+12,9/13/2026 21:07,SomniGuard,70.6,SpO2:97.8% BPM:71 [DC 08 37 26 C2 02 01 00 18 03 01 53]
48580,1.78931E+12,9/13/2026 21:07,SomniGuard,71.6,SpO2:97.8% BPM:72 [DD 08 37 26 CC 02 01 00 18 03 01 53]
48581,1.78931E+12,9/13/2026 21:07,SomniGuard,70.6,SpO2:97.8% BPM:71 [DE 08 37 26 C2 02 01 00 18 03 01 53]
48582,1.78931E+12,9/13/2026 21:07,SomniGuard,71.6,SpO2:97.8% BPM:72 [DF 08 37 26 CC 02 01 00 18 03 01 53]
48583,1.78931E+12,9/13/2026 21:07,SomniGuard,70.6,SpO2:97.8% BPM:71 [E0 08 37 26 C2 02 01 00 18 03 01 53]
48584,1.78931E+12,9/13/2026 21:07,SomniGuard,71.6,SpO2:97.8% BPM:72 [E1 08 37 26 CC 02 01 00 18 03 01 53]
48585,1.78931E+12,9/13/2026 21:07,SomniGuard,70.6,SpO2:97.8% BPM:71 [E2 08 37 26 C2 02 01 00 18 03 01 53]
48586,1.78931E+12,9/13/2026 21:07,SomniGuard,71.6,SpO2:97.8% BPM:72 [E3 08 37 26 CC 02 01 00 18 03 01 53]
48587,1.78931E+12,9/13/2026 21:07,SomniGuard,70.6,SpO2:97.8% BPM:71 [E4 08 37 26 C2 02 01 00 18 03 01 53]
48588,1.78931E+12,9/13/2026 21:07,SomniGuard,71.6,SpO2:97.8% BPM:72 [E5 08 37 26 CC 02 01 00 18 03 01 53]
48589,1.78931E+12,9/13/2026 21:07,SomniGuard,70.6,SpO2:97.8% BPM:71 [E6 08 37 26 C2 02 01 00 18 03 01 53]
48590,1.78931E+12,9/13/2026 21:07,SomniGuard,71.6,SpO2:97.8% BPM:72 [E7 08 37 26 CC 02 01 00 18 03 01 53]
48591,1.78931E+12,9/13/2026 21:07,SomniGuard,70.6,SpO2:97.8% BPM:71 [E8 08 37 26 C2 02 01 00 18 03 01 53]
48592,1.78931E+12,9/13/2026 21:07,SomniGuard,71.6,SpO2:97.8% BPM:72 [E9 08 37 26 CC 02 01 00 18 03 01 53]
48593,1.78931E+12,9/13/2026 21:07,SomniGuard,70.6,SpO2:97.8% BPM:71 [EA 08 37 26 C2 02 01 00 18 03 01 53]
48594,1.78931E+12,9/13/2026 21:07,SomniGuard,71.6,SpO2:97.8% BPM:72 [EB 08 37 26 CC 02 01 00 18 03 01 53]
48595,1.78931E+12,9/13/2026 21:07,SomniGuard,70.6,SpO2:97.8% BPM:71 [EC 08 37 26 C2 02 01 00 18 03 01 53]
48596,1.78931E+12,9/13/2026 21:07,SomniGuard,71.6,SpO2:97.8% BPM:72 [ED 08 37 26 CC 02 01 00 18 03 01 53]
48597,1.78931E+12,9/13/2026 21:07,SomniGuard,70.6,SpO2:97.8% BPM:71 [EE 08 37 26 C2 02 01 00 18 03 01 53]
48598,1.78931E+12,9/13/2026 21:07,SomniGuard,71.6,SpO2:97.8% BPM:72 [EF 08 37 26 CC 02 01 00 18 03 01 53]
48599,1.78931E+12,9/13/2026 21:07,SomniGuard,70.6,SpO2:97.8% BPM:71 [F0 08 37 26 C2 02 01 00 18 03 01 53]
48600,1.78931E+12,9/13/2026 21:07,SomniGuard,71.6,SpO2:97.8% BPM:72 [F1 08 37 26 CC 02 01 00 18 03 01 53]
48601,1.78931E+12,9/13/2026 21:07,SomniGuard,70.6,SpO2:97.8% BPM:71 [F2 08 37 26 C2 02 01 00 18 03 01 53]
48602,1.78931E+12,9/13/2026 21:07,SomniGuard,71.6,SpO2:97.8% BPM:72 [F3 08 37 26 CC 02 01 00 18 03 01 53]
48603,1.78931E+12,9/13/2026 21:07,SomniGuard,70.6,SpO2:97.8% BPM:71 [F4 08 37 26 C2 02 01 00 18 03 01 53]
48604,1.78931E+12,9/13/2026 21:07,SomniGuard,71.6,SpO2:97.8% BPM:72 [F5 08 37 26 CC 02 01 00 18 03 01 53]
48605,1.78931E+12,9/13/2026 21:07,SomniGuard,70.6,SpO2:97.8% BPM:71 [F6 08 37 26 C2 02 01 00 18 03 01 53]
48606,1.78931E+12,9/13/2026 21:07,SomniGuard,71.6,SpO2:97.8% BPM:72 [F7 08 37 26 CC 02 01 00 18 03 01 53]
48607,1.78931E+12,9/13/2026 21:07,SomniGuard,70.6,SpO2:97.8% BPM:71 [F8 08 37 26 C2 02 01 00 18 03 01 53]
48608,1.78931E+12,9/13/2026 21:07,SomniGuard,71.6,SpO2:97.8% BPM:72 [F9 08 37 26 CC 02 01 00 18 03 01 53]
48609,1.78931E+12,9/13/2026 21:07,SomniGuard,70.6,SpO2:97.8% BPM:71 [FA 08 37 26 C2 02 01 00 18 03 01 53]
48610,1.78931E+12,9/13/2026 21:07,SomniGuard,71.6,SpO2:97.8% BPM:72 [FB 08 37 26 CC 02 01 00 18 03 01 53]
48611,1.78931E+12,9/13/2026 21:07,SomniGuard,70.6,SpO2:97.8% BPM:71 [FC 08 37 26 C2 02 01 00 18 03 01 53]
48612,1.78931E+12,9/13/2026 21:07,SomniGuard,71.6,SpO2:97.8% BPM:72 [FD 08 37 26 CC 02 01 00 18 03 01 53]
48613,1.78931E+12,9/13/2026 21:07,SomniGuard,70.6,SpO2:97.8% BPM:71 [FE 08 37 26 C2 02 01 00 18 03 01 53]
48614,1.78931E+12,9/13/2026 21:07,SomniGuard,71.6,SpO2:97.8% BPM:72 [FF 08 37 26 CC 02 01 00 18 03 01 53]
48615,1.78931E+12,9/13/2026 21:07,SomniGuard,70.6,SpO2:97.8% BPM:71 [00 09 37 26 C2 02 01 00 18 03 01 53]
48616,1.78931E+12,9/13/2026 21:08,SomniGuard,71.6,SpO2:97.8% BPM:72 [01 09 37 26 CC 02 01 00 18 03 01 53]
48617,1.78931E+12,9/13/2026 21:08,SomniGuard,70.6,SpO2:97.8% BPM:71 [02 09 37 26 C2 02 01 00 18 03 01 53]
48618,1.78931E+12,9/13/2026 21:08,SomniGuard,71.6,SpO2:97.8% BPM:72 [03 09 37 26 CC 02 01 00 18 03 01 53]
48619,1.78931E+12,9/13/2026 21:08,SomniGuard,70.6,SpO2:97.8% BPM:71 [04 09 37 26 C2 02 01 00 18 03 01 53]
48620,1.78931E+12,9/13/2026 21:08,SomniGuard,71.6,SpO2:97.8% BPM:72 [05 09 37 26 CC 02 01 00 18 03 01 53]
48621,1.78931E+12,9/13/2026 21:08,SomniGuard,70.6,SpO2:97.8% BPM:71 [06 09 37 26 C2 02 01 00 18 03 01 53]
48622,1.78931E+12,9/13/2026 21:08,SomniGuard,71.6,SpO2:97.8% BPM:72 [07 09 37 26 CC 02 01 00 18 03 01 53]
48623,1.78931E+12,9/13/2026 21:08,SomniGuard,70.6,SpO2:97.8% BPM:71 [08 09 37 26 C2 02 01 00 18 03 01 53]
48624,1.78931E+12,9/13/2026 21:08,SomniGuard,71.6,SpO2:97.8% BPM:72 [09 09 37 26 CC 02 01 00 18 03 01 53]
48625,1.78931E+12,9/13/2026 21:08,SomniGuard,70.6,SpO2:97.8% BPM:71 [0A 09 37 26 C2 02 01 00 18 03 01 53]
48626,1.78931E+12,9/13/2026 21:08,SomniGuard,71.6,SpO2:97.8% BPM:72 [0B 09 37 26 CC 02 01 00 18 03 01 53]
48627,1.78931E+12,9/13/2026 21:08,SomniGuard,70.6,SpO2:97.8% BPM:71 [0C 09 37 26 C2 02 01 00 18 03 01 53]
48628,1.78931E+12,9/13/2026 21:08,SomniGuard,71.6,SpO2:97.8% BPM:72 [0D 09 37 26 CC 02 01 00 18 03 01 53]
48629,1.78931E+12,9/13/2026 21:08,SomniGuard,70.6,SpO2:97.8% BPM:71 [0E 09 37 26 C2 02 01 00 18 03 01 53]
48630,1.78931E+12,9/13/2026 21:08,SomniGuard,71.6,SpO2:97.8% BPM:72 [0F 09 37 26 CC 02 01 00 18 03 01 53]
48631,1.78931E+12,9/13/2026 21:08,SomniGuard,70.6,SpO2:97.8% BPM:71 [10 09 37 26 C2 02 01 00 18 03 01 53]
48632,1.78931E+12,9/13/2026 21:08,SomniGuard,71.6,SpO2:97.8% BPM:72 [11 09 37 26 CC 02 01 00 18 03 01 53]
48633,1.78931E+12,9/13/2026 21:08,SomniGuard,70.6,SpO2:97.8% BPM:71 [12 09 37 26 C2 02 01 00 18 03 01 53]
48634,1.78931E+12,9/13/2026 21:08,SomniGuard,71.6,SpO2:97.8% BPM:72 [13 09 37 26 CC 02 01 00 18 03 01 53]
48635,1.78931E+12,9/13/2026 21:08,SomniGuard,70.6,SpO2:97.8% BPM:71 [14 09 37 26 C2 02 01 00 18 03 01 53]
48636,1.78931E+12,9/13/2026 21:08,SomniGuard,71.6,SpO2:97.8% BPM:72 [15 09 37 26 CC 02 01 00 18 03 01 53]
48637,1.78931E+12,9/13/2026 21:08,SomniGuard,70.6,SpO2:97.8% BPM:71 [16 09 37 26 C2 02 01 00 18 03 01 53]
48638,1.78931E+12,9/13/2026 21:08,SomniGuard,71.6,SpO2:97.8% BPM:72 [17 09 37 26 CC 02 01 00 18 03 01 53]
48639,1.78931E+12,9/13/2026 21:08,SomniGuard,70.6,SpO2:97.8% BPM:71 [18 09 37 26 C2 02 01 00 18 03 01 53]
48640,1.78931E+12,9/13/2026 21:08,SomniGuard,71.6,SpO2:97.8% BPM:72 [19 09 37 26 CC 02 01 00 18 03 01 53]
48641,1.78931E+12,9/13/2026 21:08,SomniGuard,70.6,SpO2:97.8% BPM:71 [1A 09 37 26 C2 02 01 00 18 03 01 53]
48642,1.78931E+12,9/13/2026 21:08,SomniGuard,71.6,SpO2:97.8% BPM:72 [1B 09 37 26 CC 02 01 00 18 03 01 53]
48643,1.78931E+12,9/13/2026 21:08,SomniGuard,70.6,SpO2:97.8% BPM:71 [1C 09 37 26 C2 02 01 00 18 03 01 53]
48644,1.78931E+12,9/13/2026 21:08,SomniGuard,71.6,SpO2:97.8% BPM:72 [1D 09 37 26 CC 02 01 00 18 03 01 53]
48645,1.78931E+12,9/13/2026 21:08,SomniGuard,70.6,SpO2:97.8% BPM:71 [1E 09 37 26 C2 02 01 00 18 03 01 53]
48646,1.78931E+12,9/13/2026 21:08,SomniGuard,71.6,SpO2:97.8% BPM:72 [1F 09 37 26 CC 02 01 00 18 03 01 53]
48647,1.78931E+12,9/13/2026 21:08,SomniGuard,70.6,SpO2:97.8% BPM:71 [20 09 37 26 C2 02 01 00 18 03 01 53]
48648,1.78931E+12,9/13/2026 21:08,SomniGuard,71.6,SpO2:97.8% BPM:72 [21 09 37 26 CC 02 01 00 18 03 01 53]
48649,1.78931E+12,9/13/2026 21:08,SomniGuard,70.6,SpO2:97.8% BPM:71 [22 09 37 26 C2 02 01 00 18 03 01 53]
48650,1.78931E+12,9/13/2026 21:08,SomniGuard,71.6,SpO2:97.8% BPM:72 [23 09 37 26 CC 02 01 00 18 03 01 53]
48651,1.78931E+12,9/13/2026 21:08,SomniGuard,70.6,SpO2:97.8% BPM:71 [24 09 37 26 C2 02 01 00 18 03 01 53]
48652,1.78931E+12,9/13/2026 21:08,SomniGuard,71.6,SpO2:97.8% BPM:72 [25 09 37 26 CC 02 01 00 18 03 01 53]
48653,1.78931E+12,9/13/2026 21:08,SomniGuard,70.6,SpO2:97.8% BPM:71 [26 09 37 26 C2 02 01 00 18 03 01 53]
48654,1.78931E+12,9/13/2026 21:08,SomniGuard,71.6,SpO2:97.8% BPM:72 [27 09 37 26 CC 02 01 00 18 03 01 53]
48655,1.78931E+12,9/13/2026 21:08,SomniGuard,112.5,SpO2:89.6% BPM:113 [28 09 04 23 65 04 01 00 18 04 01 53]
48656,1.78931E+12,9/13/2026 21:08,SomniGuard,113.3,SpO2:89.5% BPM:113 [29 09 F5 22 6D 04 01 00 18 04 01 53]
48657,1.78931E+12,9/13/2026 21:08,SomniGuard,114.1,SpO2:89.3% BPM:114 [2A 09 E5 22 75 04 01 00 18 04 01 53]
48658,1.78931E+12,9/13/2026 21:08,SomniGuard,114.9,SpO2:89.2% BPM:115 [2B 09 D6 22 7D 04 01 00 18 04 01 53]
48659,1.78931E+12,9/13/2026 21:08,SomniGuard,115.7,SpO2:89.0% BPM:116 [2C 09 C6 22 85 04 01 00 18 04 01 53]
48660,1.78931E+12,9/13/2026 21:08,SomniGuard,116.5,SpO2:88.9% BPM:117 [2D 09 B7 22 8D 04 01 00 18 04 01 53]
48661,1.78931E+12,9/13/2026 21:08,SomniGuard,117.3,SpO2:88.7% BPM:117 [2E 09 A7 22 95 04 01 00 18 04 01 53]
48662,1.78931E+12,9/13/2026 21:08,SomniGuard,118.1,SpO2:88.6% BPM:118 [2F 09 98 22 9D 04 01 00 18 04 01 53]
48663,1.78931E+12,9/13/2026 21:08,SomniGuard,118.9,SpO2:88.4% BPM:119 [30 09 88 22 A5 04 01 00 18 04 01 53]
48664,1.78931E+12,9/13/2026 21:08,SomniGuard,119.7,SpO2:88.3% BPM:120 [31 09 79 22 AD 04 01 00 18 04 01 53]
48665,1.78931E+12,9/13/2026 21:08,SomniGuard,120.5,SpO2:88.1% BPM:121 [32 09 69 22 B5 04 01 00 18 04 01 53]
48666,1.78931E+12,9/13/2026 21:08,SomniGuard,121.3,SpO2:87.9% BPM:121 [33 09 5A 22 BD 04 01 00 18 04 01 53]
48667,1.78931E+12,9/13/2026 21:08,SomniGuard,122.1,SpO2:87.8% BPM:122 [34 09 4A 22 C5 04 01 00 18 04 01 53]
48668,1.78931E+12,9/13/2026 21:08,SomniGuard,122.9,SpO2:87.6% BPM:123 [35 09 3B 22 CD 04 01 00 18 04 01 53]
48669,1.78931E+12,9/13/2026 21:08,SomniGuard,123.7,SpO2:87.5% BPM:124 [36 09 2B 22 D5 04 01 00 18 04 01 53]
48670,1.78931E+12,9/13/2026 21:08,SomniGuard,124.5,SpO2:87.3% BPM:125 [37 09 1C 22 DD 04 01 00 18 04 01 53]
48671,1.78931E+12,9/13/2026 21:08,SomniGuard,125.3,SpO2:87.2% BPM:125 [38 09 0C 22 E5 04 01 00 18 04 01 53]
48672,1.78931E+12,9/13/2026 21:08,SomniGuard,126.1,SpO2:87.0% BPM:126 [39 09 FD 21 ED 04 01 00 18 04 01 53]
48673,1.78931E+12,9/13/2026 21:08,SomniGuard,126.9,SpO2:86.8% BPM:127 [3A 09 ED 21 F5 04 01 00 18 04 01 53]
48674,1.78931E+12,9/13/2026 21:08,SomniGuard,127.7,SpO2:86.7% BPM:128 [3B 09 DE 21 FD 04 01 00 18 04 01 53]
48675,1.78931E+12,9/13/2026 21:08,SomniGuard,128.5,SpO2:86.5% BPM:129 [3C 09 CE 21 05 05 01 00 18 04 01 53]
48676,1.78931E+12,9/13/2026 21:09,SomniGuard,129.3,SpO2:86.4% BPM:129 [3D 09 BF 21 0D 05 01 00 18 04 01 53]
48677,1.78931E+12,9/13/2026 21:09,SomniGuard,130.1,SpO2:86.2% BPM:130 [3E 09 AF 21 15 05 01 00 18 04 01 53]
48678,1.78931E+12,9/13/2026 21:09,SomniGuard,130.9,SpO2:86.1% BPM:131 [3F 09 A0 21 1D 05 01 00 18 04 01 53]
48679,1.78931E+12,9/13/2026 21:09,SomniGuard,131.7,SpO2:85.9% BPM:132 [40 09 90 21 25 05 01 00 18 04 01 53]
48680,1.78931E+12,9/13/2026 21:09,SomniGuard,132.5,SpO2:85.8% BPM:133 [41 09 81 21 2D 05 01 00 18 04 01 53]
48681,1.78931E+12,9/13/2026 21:09,SomniGuard,133.3,SpO2:85.6% BPM:133 [42 09 71 21 35 05 01 00 18 04 01 53]
48682,1.78931E+12,9/13/2026 21:09,SomniGuard,134.1,SpO2:85.5% BPM:134 [43 09 62 21 3D 05 01 00 18 04 01 53]
48683,1.78931E+12,9/13/2026 21:09,SomniGuard,134.9,SpO2:85.3% BPM:135 [44 09 52 21 45 05 01 00 18 04 01 53]
48684,1.78931E+12,9/13/2026 21:09,SomniGuard,135.7,SpO2:85.2% BPM:136 [45 09 43 21 4D 05 01 00 18 04 01 53]
48685,1.78931E+12,9/13/2026 21:09,SomniGuard,136.5,SpO2:85.0% BPM:137 [46 09 33 21 55 05 01 00 18 04 01 53]
48686,1.78931E+12,9/13/2026 21:09,SomniGuard,137.3,SpO2:84.8% BPM:137 [47 09 24 21 5D 05 01 00 18 04 01 53]
48687,1.78931E+12,9/13/2026 21:09,SomniGuard,138.1,SpO2:84.7% BPM:138 [48 09 14 21 65 05 01 00 18 04 01 53]
48688,1.78931E+12,9/13/2026 21:09,SomniGuard,138.9,SpO2:84.5% BPM:139 [49 09 05 21 6D 05 01 00 18 04 01 53]
48689,1.78931E+12,9/13/2026 21:09,SomniGuard,139.7,SpO2:84.4% BPM:140 [4A 09 F5 20 75 05 01 00 18 04 01 53]
48690,1.78931E+12,9/13/2026 21:09,SomniGuard,140.5,SpO2:84.2% BPM:141 [4B 09 E6 20 7D 05 01 00 18 04 01 53]
48691,1.78931E+12,9/13/2026 21:09,SomniGuard,141.3,SpO2:84.1% BPM:141 [4C 09 D6 20 85 05 01 00 18 04 01 53]
48692,1.78931E+12,9/13/2026 21:09,SomniGuard,142.1,SpO2:83.9% BPM:142 [4D 09 C7 20 8D 05 01 00 18 04 01 53]
48693,1.78931E+12,9/13/2026 21:09,SomniGuard,142.9,SpO2:83.8% BPM:143 [4E 09 B7 20 95 05 01 00 18 04 01 53]
48694,1.78931E+12,9/13/2026 21:09,SomniGuard,143.7,SpO2:83.6% BPM:144 [4F 09 A8 20 9D 05 01 00 18 04 01 53]
48695,1.78931E+12,9/13/2026 21:09,SomniGuard,144.5,SpO2:83.4% BPM:145 [50 09 98 20 A5 05 01 00 18 04 01 53]
48696,1.78931E+12,9/13/2026 21:09,SomniGuard,145.3,SpO2:83.3% BPM:145 [51 09 89 20 AD 05 01 00 18 04 01 53]
48697,1.78931E+12,9/13/2026 21:09,SomniGuard,146.1,SpO2:83.1% BPM:146 [52 09 79 20 B5 05 01 00 18 04 01 53]
48698,1.78931E+12,9/13/2026 21:09,SomniGuard,146.9,SpO2:83.0% BPM:147 [53 09 6A 20 BD 05 01 00 18 04 01 53]
48699,1.78931E+12,9/13/2026 21:09,SomniGuard,147.7,SpO2:82.8% BPM:148 [54 09 5A 20 C5 05 01 00 18 04 01 53]
48700,1.78931E+12,9/13/2026 21:09,SomniGuard,0,SOS [53 4F 53]
48701,1.78931E+12,9/13/2026 21:09,SomniGuard,0,SOS [01 11 09 00 00 00 00 00]
48702,1.78931E+12,9/13/2026 21:09,SomniGuard,148.5,SpO2:82.7% BPM:149 [55 09 4B 20 CD 05 01 00 18 04 01 53]
48703,1.78931E+12,9/13/2026 21:09,SomniGuard,149.3,SpO2:82.5% BPM:149 [56 09 3B 20 D5 05 01 00 18 04 01 53]
48704,1.78931E+12,9/13/2026 21:09,SomniGuard,150.1,SpO2:82.4% BPM:150 [57 09 2C 20 DD 05 01 00 18 04 01 53]
48705,1.78931E+12,9/13/2026 21:09,SomniGuard,150.9,SpO2:82.2% BPM:151 [58 09 1C 20 E5 05 01 00 18 04 01 53]
48706,1.78931E+12,9/13/2026 21:09,SomniGuard,151.7,SpO2:82.1% BPM:152 [59 09 0D 20 ED 05 01 00 18 04 01 53]
48707,1.78931E+12,9/13/2026 21:09,SomniGuard,70.6,SpO2:97.8% BPM:71 [5A 09 37 26 C2 02 01 00 18 04 01 53]
48708,1.78931E+12,9/13/2026 21:09,SomniGuard,71.6,SpO2:97.8% BPM:72 [5B 09 37 26 CC 02 01 00 18 04 01 53]
48709,1.78931E+12,9/13/2026 21:09,SomniGuard,70.6,SpO2:97.8% BPM:71 [5C 09 37 26 C2 02 01 00 18 04 01 53]
48710,1.78931E+12,9/13/2026 21:09,SomniGuard,71.6,SpO2:97.8% BPM:72 [5D 09 37 26 CC 02 01 00 18 04 01 53]
48711,1.78931E+12,9/13/2026 21:09,SomniGuard,70.6,SpO2:97.8% BPM:71 [5E 09 37 26 C2 02 01 00 18 04 01 53]
48712,1.78931E+12,9/13/2026 21:09,SomniGuard,0,SOS [53 4F 53]
48713,1.78931E+12,9/13/2026 21:09,SomniGuard,0,SOS [01 11 0A 00 00 00 00 00]
48714,1.78931E+12,9/13/2026 21:09,SomniGuard,71.6,SpO2:97.8% BPM:72 [5F 09 37 26 CC 02 01 00 18 04 01 53]
48715,1.78931E+12,9/13/2026 21:09,SomniGuard,70.6,SpO2:97.8% BPM:71 [60 09 37 26 C2 02 01 00 18 04 01 53]
48716,1.78931E+12,9/13/2026 21:09,SomniGuard,71.6,SpO2:97.8% BPM:72 [61 09 37 26 CC 02 01 00 18 04 01 53]
48717,1.78931E+12,9/13/2026 21:09,SomniGuard,70.6,SpO2:97.8% BPM:71 [62 09 37 26 C2 02 01 00 18 04 01 53]
48718,1.78931E+12,9/13/2026 21:09,SomniGuard,71.6,SpO2:97.8% BPM:72 [63 09 37 26 CC 02 01 00 18 04 01 53]
48719,1.78931E+12,9/13/2026 21:09,SomniGuard,70.6,SpO2:97.8% BPM:71 [64 09 37 26 C2 02 01 00 18 04 01 53]
48720,1.78931E+12,9/13/2026 21:09,SomniGuard,71.6,SpO2:97.8% BPM:72 [65 09 37 26 CC 02 01 00 18 04 01 53]
48721,1.78931E+12,9/13/2026 21:09,SomniGuard,70.6,SpO2:97.8% BPM:71 [66 09 37 26 C2 02 01 00 18 04 01 53]
48722,1.78931E+12,9/13/2026 21:09,SomniGuard,71.6,SpO2:97.8% BPM:72 [67 09 37 26 CC 02 01 00 18 04 01 53]
48723,1.78931E+12,9/13/2026 21:09,SomniGuard,70.6,SpO2:97.8% BPM:71 [68 09 37 26 C2 02 01 00 18 04 01 53]
48724,1.78931E+12,9/13/2026 21:09,SomniGuard,71.6,SpO2:97.8% BPM:72 [69 09 37 26 CC 02 01 00 18 04 01 53]
48725,1.78931E+12,9/13/2026 21:09,SomniGuard,70.6,SpO2:97.8% BPM:71 [6A 09 37 26 C2 02 01 00 18 04 01 53]
48726,1.78931E+12,9/13/2026 21:09,SomniGuard,71.6,SpO2:97.8% BPM:72 [6B 09 37 26 CC 02 01 00 18 04 01 53]
48727,1.78931E+12,9/13/2026 21:09,SomniGuard,70.6,SpO2:97.8% BPM:71 [6C 09 37 26 C2 02 01 00 18 04 01 53]
48728,1.78931E+12,9/13/2026 21:09,SomniGuard,71.6,SpO2:97.8% BPM:72 [6D 09 37 26 CC 02 01 00 18 04 01 53]
48729,1.78931E+12,9/13/2026 21:09,SomniGuard,70.6,SpO2:97.8% BPM:71 [6E 09 37 26 C2 02 01 00 18 03 00 53]
48730,1.78931E+12,9/13/2026 21:09,SomniGuard,71.6,SpO2:97.8% BPM:72 [6F 09 37 26 CC 02 01 00 18 03 00 53]
48731,1.78931E+12,9/13/2026 21:09,SomniGuard,70.6,SpO2:97.8% BPM:71 [70 09 37 26 C2 02 01 00 18 03 00 53]
48732,1.78931E+12,9/13/2026 21:09,SomniGuard,71.6,SpO2:97.8% BPM:72 [71 09 37 26 CC 02 01 00 18 03 00 53]
48733,1.78931E+12,9/13/2026 21:09,SomniGuard,70.6,SpO2:97.8% BPM:71 [72 09 37 26 C2 02 01 00 18 03 00 53]
48734,1.78931E+12,9/13/2026 21:09,SomniGuard,71.6,SpO2:97.8% BPM:72 [73 09 37 26 CC 02 01 00 18 03 00 53]
48735,1.78931E+12,9/13/2026 21:09,SomniGuard,70.6,SpO2:97.8% BPM:71 [74 09 37 26 C2 02 01 00 18 03 00 53]
48736,1.78931E+12,9/13/2026 21:09,SomniGuard,71.6,SpO2:97.8% BPM:72 [75 09 37 26 CC 02 01 00 18 03 00 53]
48737,1.78931E+12,9/13/2026 21:09,SomniGuard,70.6,SpO2:97.8% BPM:71 [76 09 37 26 C2 02 01 00 18 03 00 53]
48738,1.78931E+12,9/13/2026 21:09,SomniGuard,71.6,SpO2:97.8% BPM:72 [77 09 37 26 CC 02 01 00 18 03 00 53]
48739,1.78931E+12,9/13/2026 21:10,SomniGuard,70.6,SpO2:97.8% BPM:71 [78 09 37 26 C2 02 01 00 18 03 00 53]
48740,1.78931E+12,9/13/2026 21:10,SomniGuard,71.6,SpO2:97.8% BPM:72 [79 09 37 26 CC 02 01 00 18 03 00 53]
48741,1.78931E+12,9/13/2026 21:10,SomniGuard,70.6,SpO2:97.8% BPM:71 [7A 09 37 26 C2 02 01 00 18 03 00 53]
48742,1.78931E+12,9/13/2026 21:10,SomniGuard,71.6,SpO2:97.8% BPM:72 [7B 09 37 26 CC 02 01 00 18 03 00 53]
48743,1.78931E+12,9/13/2026 21:10,SomniGuard,70.6,SpO2:97.8% BPM:71 [7C 09 37 26 C2 02 01 00 18 03 00 53]
48744,1.78931E+12,9/13/2026 21:10,SomniGuard,71.6,SpO2:97.8% BPM:72 [7D 09 37 26 CC 02 01 00 18 03 00 53]
48745,1.78931E+12,9/13/2026 21:10,SomniGuard,70.6,SpO2:97.8% BPM:71 [7E 09 37 26 C2 02 01 00 18 03 00 53]
48746,1.78931E+12,9/13/2026 21:10,SomniGuard,71.6,SpO2:97.8% BPM:72 [7F 09 37 26 CC 02 01 00 18 03 00 53]
48747,1.78931E+12,9/13/2026 21:10,SomniGuard,70.6,SpO2:97.8% BPM:71 [80 09 37 26 C2 02 01 00 18 03 00 53]
48748,1.78931E+12,9/13/2026 21:10,SomniGuard,71.6,SpO2:97.8% BPM:72 [81 09 37 26 CC 02 01 00 18 03 00 53]
48749,1.78931E+12,9/13/2026 21:10,SomniGuard,70.6,SpO2:97.8% BPM:71 [82 09 37 26 C2 02 01 00 18 03 00 53]
48750,1.78931E+12,9/13/2026 21:10,SomniGuard,71.6,SpO2:97.8% BPM:72 [83 09 37 26 CC 02 01 00 18 03 00 53]
48751,1.78931E+12,9/13/2026 21:10,SomniGuard,70.6,SpO2:97.8% BPM:71 [84 09 37 26 C2 02 01 00 18 03 00 53]
48752,1.78931E+12,9/13/2026 21:10,SomniGuard,71.6,SpO2:97.8% BPM:72 [85 09 37 26 CC 02 01 00 18 03 00 53]
48753,1.78931E+12,9/13/2026 21:10,SomniGuard,70.6,SpO2:97.8% BPM:71 [86 09 37 26 C2 02 01 00 18 03 00 53]
48754,1.78931E+12,9/13/2026 21:10,SomniGuard,71.6,SpO2:97.8% BPM:72 [87 09 37 26 CC 02 01 00 18 03 00 53]
48755,1.78931E+12,9/13/2026 21:10,SomniGuard,70.6,SpO2:97.8% BPM:71 [88 09 37 26 C2 02 01 00 18 03 00 53]
48756,1.78931E+12,9/13/2026 21:10,SomniGuard,71.6,SpO2:97.8% BPM:72 [89 09 37 26 CC 02 01 00 18 03 00 53]
48757,1.78931E+12,9/13/2026 21:10,SomniGuard,70.6,SpO2:97.8% BPM:71 [8A 09 37 26 C2 02 01 00 18 03 00 53]
48758,1.78931E+12,9/13/2026 21:10,SomniGuard,71.6,SpO2:97.8% BPM:72 [8B 09 37 26 CC 02 01 00 18 03 00 53]
48759,1.78931E+12,9/13/2026 21:10,SomniGuard,70.6,SpO2:97.8% BPM:71 [8C 09 37 26 C2 02 01 00 18 03 01 53]
48760,1.78931E+12,9/13/2026 21:10,SomniGuard,71.6,SpO2:97.8% BPM:72 [8D 09 37 26 CC 02 01 00 18 03 01 53]
48761,1.78931E+12,9/13/2026 21:10,SomniGuard,70.6,SpO2:97.8% BPM:71 [8E 09 37 26 C2 02 01 00 18 03 01 53]
48762,1.78931E+12,9/13/2026 21:10,SomniGuard,71.6,SpO2:97.8% BPM:72 [8F 09 37 26 CC 02 01 00 18 03 01 53]
48763,1.78931E+12,9/13/2026 21:10,SomniGuard,70.6,SpO2:97.8% BPM:71 [90 09 37 26 C2 02 01 00 18 03 01 53]
48764,1.78931E+12,9/13/2026 21:10,SomniGuard,71.6,SpO2:97.8% BPM:72 [91 09 37 26 CC 02 01 00 18 03 01 53]
48765,1.78931E+12,9/13/2026 21:10,SomniGuard,70.6,SpO2:97.8% BPM:71 [92 09 37 26 C2 02 01 00 18 03 01 53]
48766,1.78931E+12,9/13/2026 21:10,SomniGuard,71.6,SpO2:97.8% BPM:72 [93 09 37 26 CC 02 01 00 18 03 01 53]
48767,1.78931E+12,9/13/2026 21:10,SomniGuard,70.6,SpO2:97.8% BPM:71 [94 09 37 26 C2 02 01 00 18 03 01 53]
48768,1.78931E+12,9/13/2026 21:10,SomniGuard,71.6,SpO2:97.8% BPM:72 [95 09 37 26 CC 02 01 00 18 03 01 53]
48769,1.78931E+12,9/13/2026 21:10,SomniGuard,71.1,SpO2:97.6% BPM:71 [96 09 1E 26 C7 02 01 00 18 03 01 53]
48770,1.78931E+12,9/13/2026 21:10,SomniGuard,70.1,SpO2:97.6% BPM:70 [97 09 1E 26 BD 02 01 00 18 03 01 53]
48771,1.78931E+12,9/13/2026 21:10,SomniGuard,71.1,SpO2:97.6% BPM:71 [98 09 1E 26 C7 02 01 00 18 03 01 53]
48772,1.78931E+12,9/13/2026 21:10,SomniGuard,70.1,SpO2:97.6% BPM:70 [99 09 1E 26 BD 02 01 00 18 03 01 53]
48773,1.78931E+12,9/13/2026 21:10,SomniGuard,71.1,SpO2:97.6% BPM:71 [9A 09 1E 26 C7 02 01 00 18 03 01 53]
48774,1.78931E+12,9/13/2026 21:10,SomniGuard,70.1,SpO2:97.6% BPM:70 [9B 09 1E 26 BD 02 01 00 18 03 01 53]
48775,1.78931E+12,9/13/2026 21:10,SomniGuard,71.1,SpO2:97.6% BPM:71 [9C 09 1E 26 C7 02 01 00 18 03 01 53]
48776,1.78931E+12,9/13/2026 21:10,SomniGuard,70.1,SpO2:97.6% BPM:70 [9D 09 1E 26 BD 02 01 00 18 03 01 53]
48777,1.78931E+12,9/13/2026 21:10,SomniGuard,71.1,SpO2:97.6% BPM:71 [9E 09 1E 26 C7 02 01 00 18 03 01 53]
48778,1.78931E+12,9/13/2026 21:10,SomniGuard,70.1,SpO2:97.6% BPM:70 [9F 09 1E 26 BD 02 01 00 18 03 01 53]
48779,1.78931E+12,9/13/2026 21:10,SomniGuard,71.1,SpO2:97.6% BPM:71 [A0 09 1E 26 C7 02 01 00 18 03 01 53]
48780,1.78931E+12,9/13/2026 21:10,SomniGuard,70.1,SpO2:97.6% BPM:70 [A1 09 1E 26 BD 02 01 00 18 03 01 53]
48781,1.78931E+12,9/13/2026 21:10,SomniGuard,71.1,SpO2:97.6% BPM:71 [A2 09 1E 26 C7 02 01 00 18 03 01 53]
48782,1.78931E+12,9/13/2026 21:10,SomniGuard,70.1,SpO2:97.6% BPM:70 [A3 09 1E 26 BD 02 01 00 18 03 01 53]
48783,1.78931E+12,9/13/2026 21:10,SomniGuard,71.1,SpO2:97.6% BPM:71 [A4 09 1E 26 C7 02 01 00 18 03 01 53]
48784,1.78931E+12,9/13/2026 21:10,SomniGuard,70.1,SpO2:97.6% BPM:70 [A5 09 1E 26 BD 02 01 00 18 03 01 53]
48785,1.78931E+12,9/13/2026 21:10,SomniGuard,71.1,SpO2:97.6% BPM:71 [A6 09 1E 26 C7 02 01 00 18 03 01 53]
48786,1.78931E+12,9/13/2026 21:10,SomniGuard,70.1,SpO2:97.6% BPM:70 [A7 09 1E 26 BD 02 01 00 18 03 01 53]
48787,1.78931E+12,9/13/2026 21:10,SomniGuard,71.1,SpO2:97.6% BPM:71 [A8 09 1E 26 C7 02 01 00 18 03 01 53]
48788,1.78931E+12,9/13/2026 21:10,SomniGuard,70.1,SpO2:97.6% BPM:70 [A9 09 1E 26 BD 02 01 00 18 03 01 53]
48789,1.78931E+12,9/13/2026 21:10,SomniGuard,71.1,SpO2:97.6% BPM:71 [AA 09 1E 26 C7 02 01 00 18 03 01 53]
48790,1.78931E+12,9/13/2026 21:10,SomniGuard,70.1,SpO2:97.6% BPM:70 [AB 09 1E 26 BD 02 01 00 18 03 01 53]
48791,1.78931E+12,9/13/2026 21:10,SomniGuard,71.1,SpO2:97.6% BPM:71 [AC 09 1E 26 C7 02 01 00 18 03 01 53]
48792,1.78931E+12,9/13/2026 21:10,SomniGuard,70.1,SpO2:97.6% BPM:70 [AD 09 1E 26 BD 02 01 00 18 03 01 53]
48793,1.78931E+12,9/13/2026 21:10,SomniGuard,71.1,SpO2:97.6% BPM:71 [AE 09 1E 26 C7 02 01 00 18 03 01 53]
48794,1.78931E+12,9/13/2026 21:10,SomniGuard,70.1,SpO2:97.6% BPM:70 [AF 09 1E 26 BD 02 01 00 18 03 01 53]
48795,1.78931E+12,9/13/2026 21:10,SomniGuard,71.1,SpO2:97.6% BPM:71 [B0 09 1E 26 C7 02 01 00 18 03 01 53]
48796,1.78931E+12,9/13/2026 21:10,SomniGuard,70.1,SpO2:97.6% BPM:70 [B1 09 1E 26 BD 02 01 00 18 03 01 53]
48797,1.78931E+12,9/13/2026 21:10,SomniGuard,71.1,SpO2:97.6% BPM:71 [B2 09 1E 26 C7 02 01 00 18 03 01 53]
48798,1.78931E+12,9/13/2026 21:10,SomniGuard,70.1,SpO2:97.6% BPM:70 [B3 09 1E 26 BD 02 01 00 18 03 01 53]
48799,1.78931E+12,9/13/2026 21:11,SomniGuard,71.1,SpO2:97.6% BPM:71 [B4 09 1E 26 C7 02 01 00 18 03 01 53]
48800,1.78931E+12,9/13/2026 21:11,SomniGuard,70.1,SpO2:97.6% BPM:70 [B5 09 1E 26 BD 02 01 00 18 03 01 53]
48801,1.78931E+12,9/13/2026 21:11,SomniGuard,71.1,SpO2:97.6% BPM:71 [B6 09 1E 26 C7 02 01 00 18 03 01 53]
48802,1.78931E+12,9/13/2026 21:11,SomniGuard,70.1,SpO2:97.6% BPM:70 [B7 09 1E 26 BD 02 01 00 18 03 01 53]
48803,1.78931E+12,9/13/2026 21:11,SomniGuard,71.1,SpO2:97.6% BPM:71 [B8 09 1E 26 C7 02 01 00 18 03 01 53]
48804,1.78931E+12,9/13/2026 21:11,SomniGuard,70.1,SpO2:97.6% BPM:70 [B9 09 1E 26 BD 02 01 00 18 03 01 53]
48805,1.78931E+12,9/13/2026 21:11,SomniGuard,71.1,SpO2:97.6% BPM:71 [BA 09 1E 26 C7 02 01 00 18 03 01 53]
48806,1.78931E+12,9/13/2026 21:11,SomniGuard,70.1,SpO2:97.6% BPM:70 [BB 09 1E 26 BD 02 01 00 18 03 01 53]
48807,1.78931E+12,9/13/2026 21:11,SomniGuard,71.1,SpO2:97.6% BPM:71 [BC 09 1E 26 C7 02 01 00 18 03 01 53]
48808,1.78931E+12,9/13/2026 21:11,SomniGuard,70.1,SpO2:97.6% BPM:70 [BD 09 1E 26 BD 02 01 00 18 03 01 53]
48809,1.78931E+12,9/13/2026 21:11,SomniGuard,71.1,SpO2:97.6% BPM:71 [BE 09 1E 26 C7 02 01 00 18 03 01 53]
48810,1.78931E+12,9/13/2026 21:11,SomniGuard,70.1,SpO2:97.6% BPM:70 [BF 09 1E 26 BD 02 01 00 18 03 01 53]
48811,1.78931E+12,9/13/2026 21:11,SomniGuard,71.1,SpO2:97.6% BPM:71 [C0 09 1E 26 C7 02 01 00 18 03 01 53]
48812,1.78931E+12,9/13/2026 21:11,SomniGuard,70.1,SpO2:97.6% BPM:70 [C1 09 1E 26 BD 02 01 00 18 03 01 53]
48813,1.78931E+12,9/13/2026 21:11,SomniGuard,71.1,SpO2:97.6% BPM:71 [C2 09 1E 26 C7 02 01 00 18 03 01 53]
48814,1.78931E+12,9/13/2026 21:11,SomniGuard,70.1,SpO2:97.6% BPM:70 [C3 09 1E 26 BD 02 01 00 18 03 01 53]
48815,1.78931E+12,9/13/2026 21:11,SomniGuard,71.1,SpO2:97.6% BPM:71 [C4 09 1E 26 C7 02 01 00 18 03 01 53]
48816,1.78931E+12,9/13/2026 21:11,SomniGuard,70.1,SpO2:97.6% BPM:70 [C5 09 1E 26 BD 02 01 00 18 03 01 53]
48817,1.78931E+12,9/13/2026 21:11,SomniGuard,71.1,SpO2:97.6% BPM:71 [C6 09 1E 26 C7 02 01 00 18 03 01 53]
48818,1.78931E+12,9/13/2026 21:11,SomniGuard,70.1,SpO2:97.6% BPM:70 [C7 09 1E 26 BD 02 01 00 18 03 01 53]
48819,1.78931E+12,9/13/2026 21:11,SomniGuard,71.1,SpO2:97.6% BPM:71 [C8 09 1E 26 C7 02 01 00 18 03 01 53]
48820,1.78931E+12,9/13/2026 21:11,SomniGuard,70.1,SpO2:97.6% BPM:70 [C9 09 1E 26 BD 02 01 00 18 03 01 53]
48821,1.78931E+12,9/13/2026 21:11,SomniGuard,71.1,SpO2:97.6% BPM:71 [CA 09 1E 26 C7 02 01 00 18 03 01 53]
48822,1.78931E+12,9/13/2026 21:11,SomniGuard,70.1,SpO2:97.6% BPM:70 [CB 09 1E 26 BD 02 01 00 18 03 01 53]
48823,1.78931E+12,9/13/2026 21:11,SomniGuard,71.1,SpO2:97.6% BPM:71 [CC 09 1E 26 C7 02 01 00 18 03 01 53]
48824,1.78931E+12,9/13/2026 21:11,SomniGuard,70.1,SpO2:97.6% BPM:70 [CD 09 1E 26 BD 02 01 00 18 03 01 53]
48825,1.78931E+12,9/13/2026 21:11,SomniGuard,71.1,SpO2:97.6% BPM:71 [CE 09 1E 26 C7 02 01 00 18 03 01 53]
48826,1.78931E+12,9/13/2026 21:11,SomniGuard,70.1,SpO2:97.6% BPM:70 [CF 09 1E 26 BD 02 01 00 18 03 01 53]
48827,1.78931E+12,9/13/2026 21:11,SomniGuard,71.1,SpO2:97.6% BPM:71 [D0 09 1E 26 C7 02 01 00 18 03 01 53]
48828,1.78931E+12,9/13/2026 21:11,SomniGuard,70.1,SpO2:97.6% BPM:70 [D1 09 1E 26 BD 02 01 00 18 03 01 53]
48829,1.78931E+12,9/13/2026 21:11,SomniGuard,71.1,SpO2:97.6% BPM:71 [D2 09 1E 26 C7 02 01 00 18 03 01 53]
48830,1.78931E+12,9/13/2026 21:11,SomniGuard,70.1,SpO2:97.6% BPM:70 [D3 09 1E 26 BD 02 01 00 18 03 01 53]
48831,1.78931E+12,9/13/2026 21:11,SomniGuard,71.1,SpO2:97.6% BPM:71 [D4 09 1E 26 C7 02 01 00 18 03 01 53]
48832,1.78931E+12,9/13/2026 21:11,SomniGuard,70.1,SpO2:97.6% BPM:70 [D5 09 1E 26 BD 02 01 00 18 03 01 53]
48833,1.78931E+12,9/13/2026 21:11,SomniGuard,71.1,SpO2:97.6% BPM:71 [D6 09 1E 26 C7 02 01 00 18 03 01 53]
48834,1.78931E+12,9/13/2026 21:11,SomniGuard,70.1,SpO2:97.6% BPM:70 [D7 09 1E 26 BD 02 01 00 18 03 01 53]
48835,1.78931E+12,9/13/2026 21:11,SomniGuard,71.1,SpO2:97.6% BPM:71 [D8 09 1E 26 C7 02 01 00 18 03 01 53]
48836,1.78931E+12,9/13/2026 21:11,SomniGuard,70.1,SpO2:97.6% BPM:70 [D9 09 1E 26 BD 02 01 00 18 03 01 53]
48837,1.78931E+12,9/13/2026 21:11,SomniGuard,71.1,SpO2:97.6% BPM:71 [DA 09 1E 26 C7 02 01 00 18 03 01 53]
48838,1.78931E+12,9/13/2026 21:11,SomniGuard,70.1,SpO2:97.6% BPM:70 [DB 09 1E 26 BD 02 01 00 18 03 01 53]
48839,1.78931E+12,9/13/2026 21:11,SomniGuard,71.1,SpO2:97.6% BPM:71 [DC 09 1E 26 C7 02 01 00 18 03 01 53]
48840,1.78931E+12,9/13/2026 21:11,SomniGuard,70.1,SpO2:97.6% BPM:70 [DD 09 1E 26 BD 02 01 00 18 03 01 53]
48841,1.78931E+12,9/13/2026 21:11,SomniGuard,71.1,SpO2:97.6% BPM:71 [DE 09 1E 26 C7 02 01 00 18 03 01 53]
48842,1.78931E+12,9/13/2026 21:11,SomniGuard,70.1,SpO2:97.6% BPM:70 [DF 09 1E 26 BD 02 01 00 18 03 01 53]
48843,1.78931E+12,9/13/2026 21:11,SomniGuard,71.1,SpO2:97.6% BPM:71 [E0 09 1E 26 C7 02 01 00 18 03 01 53]
48844,1.78931E+12,9/13/2026 21:11,SomniGuard,70.1,SpO2:97.6% BPM:70 [E1 09 1E 26 BD 02 01 00 18 03 01 53]
48845,1.78931E+12,9/13/2026 21:11,SomniGuard,71.1,SpO2:97.6% BPM:71 [E2 09 1E 26 C7 02 01 00 18 03 01 53]
48846,1.78931E+12,9/13/2026 21:11,SomniGuard,70.1,SpO2:97.6% BPM:70 [E3 09 1E 26 BD 02 01 00 18 03 01 53]
48847,1.78931E+12,9/13/2026 21:11,SomniGuard,71.1,SpO2:97.6% BPM:71 [E4 09 1E 26 C7 02 01 00 18 03 01 53]
48848,1.78931E+12,9/13/2026 21:11,SomniGuard,70.1,SpO2:97.6% BPM:70 [E5 09 1E 26 BD 02 01 00 18 03 01 53]
48849,1.78931E+12,9/13/2026 21:11,SomniGuard,71.1,SpO2:97.6% BPM:71 [E6 09 1E 26 C7 02 01 00 18 03 01 53]
48850,1.78931E+12,9/13/2026 21:11,SomniGuard,70.1,SpO2:97.6% BPM:70 [E7 09 1E 26 BD 02 01 00 18 03 01 53]
48851,1.78931E+12,9/13/2026 21:11,SomniGuard,71.1,SpO2:97.6% BPM:71 [E8 09 1E 26 C7 02 01 00 18 03 01 53]
48852,1.78931E+12,9/13/2026 21:11,SomniGuard,70.1,SpO2:97.6% BPM:70 [E9 09 1E 26 BD 02 01 00 18 03 01 53]
48853,1.78931E+12,9/13/2026 21:11,SomniGuard,71.1,SpO2:97.6% BPM:71 [EA 09 1E 26 C7 02 01 00 18 03 01 53]
48854,1.78931E+12,9/13/2026 21:11,SomniGuard,70.1,SpO2:97.6% BPM:70 [EB 09 1E 26 BD 02 01 00 18 03 01 53]
48855,1.78931E+12,9/13/2026 21:11,SomniGuard,71.1,SpO2:97.6% BPM:71 [EC 09 1E 26 C7 02 01 00 18 03 01 53]
48856,1.78931E+12,9/13/2026 21:11,SomniGuard,70.1,SpO2:97.6% BPM:70 [ED 09 1E 26 BD 02 01 00 18 03 01 53]
48857,1.78931E+12,9/13/2026 21:11,SomniGuard,71.1,SpO2:97.6% BPM:71 [EE 09 1E 26 C7 02 01 00 18 03 01 53]
48858,1.78931E+12,9/13/2026 21:11,SomniGuard,70.1,SpO2:97.6% BPM:70 [EF 09 1E 26 BD 02 01 00 18 03 01 53]
48859,1.78931E+12,9/13/2026 21:12,SomniGuard,71.1,SpO2:97.6% BPM:71 [F0 09 1E 26 C7 02 01 00 18 03 01 53]
48860,1.78931E+12,9/13/2026 21:12,SomniGuard,70.1,SpO2:97.6% BPM:70 [F1 09 1E 26 BD 02 01 00 18 03 01 53]
48861,1.78931E+12,9/13/2026 21:12,SomniGuard,71.1,SpO2:97.6% BPM:71 [F2 09 1E 26 C7 02 01 00 18 03 01 53]
48862,1.78931E+12,9/13/2026 21:12,SomniGuard,70.1,SpO2:97.6% BPM:70 [F3 09 1E 26 BD 02 01 00 18 03 01 53]
48863,1.78931E+12,9/13/2026 21:12,SomniGuard,71.1,SpO2:97.6% BPM:71 [F4 09 1E 26 C7 02 01 00 18 03 01 53]
48864,1.78931E+12,9/13/2026 21:12,SomniGuard,70.1,SpO2:97.6% BPM:70 [F5 09 1E 26 BD 02 01 00 18 03 01 53]
48865,1.78931E+12,9/13/2026 21:12,SomniGuard,71.1,SpO2:97.6% BPM:71 [F6 09 1E 26 C7 02 01 00 18 03 01 53]
48866,1.78931E+12,9/13/2026 21:12,SomniGuard,70.1,SpO2:97.6% BPM:70 [F7 09 1E 26 BD 02 01 00 18 03 01 53]
48867,1.78931E+12,9/13/2026 21:12,SomniGuard,71.1,SpO2:97.6% BPM:71 [F8 09 1E 26 C7 02 01 00 18 03 01 53]
48868,1.78931E+12,9/13/2026 21:12,SomniGuard,70.1,SpO2:97.6% BPM:70 [F9 09 1E 26 BD 02 01 00 18 03 01 53]
48869,1.78931E+12,9/13/2026 21:12,SomniGuard,71.1,SpO2:97.6% BPM:71 [FA 09 1E 26 C7 02 01 00 18 03 01 53]
48870,1.78931E+12,9/13/2026 21:12,SomniGuard,70.1,SpO2:97.6% BPM:70 [FB 09 1E 26 BD 02 01 00 18 03 01 53]
48871,1.78931E+12,9/13/2026 21:12,SomniGuard,71.1,SpO2:97.6% BPM:71 [FC 09 1E 26 C7 02 01 00 18 03 01 53]
48872,1.78931E+12,9/13/2026 21:12,SomniGuard,70.1,SpO2:97.6% BPM:70 [FD 09 1E 26 BD 02 01 00 18 03 01 53]
48873,1.78931E+12,9/13/2026 21:12,SomniGuard,71.1,SpO2:97.6% BPM:71 [FE 09 1E 26 C7 02 01 00 18 03 01 53]
48874,1.78931E+12,9/13/2026 21:12,SomniGuard,70.1,SpO2:97.6% BPM:70 [FF 09 1E 26 BD 02 01 00 18 03 01 53]
48875,1.78931E+12,9/13/2026 21:12,SomniGuard,71.1,SpO2:97.6% BPM:71 [00 0A 1E 26 C7 02 01 00 18 03 01 53]
48876,1.78931E+12,9/13/2026 21:12,SomniGuard,70.1,SpO2:97.6% BPM:70 [01 0A 1E 26 BD 02 01 00 18 03 01 53]
48877,1.78931E+12,9/13/2026 21:12,SomniGuard,71.1,SpO2:97.6% BPM:71 [02 0A 1E 26 C7 02 01 00 18 03 01 53]
48878,1.78931E+12,9/13/2026 21:12,SomniGuard,70.1,SpO2:97.6% BPM:70 [03 0A 1E 26 BD 02 01 00 18 03 01 53]
48879,1.78931E+12,9/13/2026 21:12,SomniGuard,71.1,SpO2:97.6% BPM:71 [04 0A 1E 26 C7 02 01 00 18 03 01 53]
48880,1.78931E+12,9/13/2026 21:12,SomniGuard,70.1,SpO2:97.6% BPM:70 [05 0A 1E 26 BD 02 01 00 18 03 01 53]
48881,1.78931E+12,9/13/2026 21:12,SomniGuard,71.1,SpO2:97.6% BPM:71 [06 0A 1E 26 C7 02 01 00 18 03 01 53]
48882,1.78931E+12,9/13/2026 21:12,SomniGuard,70.1,SpO2:97.6% BPM:70 [07 0A 1E 26 BD 02 01 00 18 03 01 53]
48883,1.78931E+12,9/13/2026 21:12,SomniGuard,71.1,SpO2:97.6% BPM:71 [08 0A 1E 26 C7 02 01 00 18 03 01 53]
48884,1.78931E+12,9/13/2026 21:12,SomniGuard,70.1,SpO2:97.6% BPM:70 [09 0A 1E 26 BD 02 01 00 18 03 01 53]
48885,1.78931E+12,9/13/2026 21:12,SomniGuard,71.1,SpO2:97.6% BPM:71 [0A 0A 1E 26 C7 02 01 00 18 03 01 53]
48886,1.78931E+12,9/13/2026 21:12,SomniGuard,70.1,SpO2:97.6% BPM:70 [0B 0A 1E 26 BD 02 01 00 18 03 01 53]
48887,1.78931E+12,9/13/2026 21:12,SomniGuard,71.1,SpO2:97.6% BPM:71 [0C 0A 1E 26 C7 02 01 00 18 03 01 53]
48888,1.78931E+12,9/13/2026 21:12,SomniGuard,70.1,SpO2:97.6% BPM:70 [0D 0A 1E 26 BD 02 01 00 18 03 01 53]
48889,1.78931E+12,9/13/2026 21:12,SomniGuard,71.1,SpO2:97.6% BPM:71 [0E 0A 1E 26 C7 02 01 00 18 03 01 53]
48890,1.78931E+12,9/13/2026 21:12,SomniGuard,70.1,SpO2:97.6% BPM:70 [0F 0A 1E 26 BD 02 01 00 18 03 01 53]
48891,1.78931E+12,9/13/2026 21:12,SomniGuard,71.1,SpO2:97.6% BPM:71 [10 0A 1E 26 C7 02 01 00 18 03 01 53]
48892,1.78931E+12,9/13/2026 21:12,SomniGuard,70.1,SpO2:97.6% BPM:70 [11 0A 1E 26 BD 02 01 00 18 03 01 53]
48893,1.78931E+12,9/13/2026 21:12,SomniGuard,71.1,SpO2:97.6% BPM:71 [12 0A 1E 26 C7 02 01 00 18 03 01 53]
48894,1.78931E+12,9/13/2026 21:12,SomniGuard,70.1,SpO2:97.6% BPM:70 [13 0A 1E 26 BD 02 01 00 18 03 01 53]
48895,1.78931E+12,9/13/2026 21:12,SomniGuard,71.1,SpO2:97.6% BPM:71 [14 0A 1E 26 C7 02 01 00 18 03 01 53]
48896,1.78931E+12,9/13/2026 21:12,SomniGuard,70.1,SpO2:97.6% BPM:70 [15 0A 1E 26 BD 02 01 00 18 03 01 53]
48897,1.78931E+12,9/13/2026 21:12,SomniGuard,71.1,SpO2:97.6% BPM:71 [16 0A 1E 26 C7 02 01 00 18 03 01 53]
48898,1.78931E+12,9/13/2026 21:12,SomniGuard,70.1,SpO2:97.6% BPM:70 [17 0A 1E 26 BD 02 01 00 18 03 01 53]
48899,1.78931E+12,9/13/2026 21:12,SomniGuard,71.1,SpO2:97.6% BPM:71 [18 0A 1E 26 C7 02 01 00 18 03 01 53]
48900,1.78931E+12,9/13/2026 21:12,SomniGuard,70.1,SpO2:97.6% BPM:70 [19 0A 1E 26 BD 02 01 00 18 03 01 53]
48901,1.78931E+12,9/13/2026 21:12,SomniGuard,71.1,SpO2:97.6% BPM:71 [1A 0A 1E 26 C7 02 01 00 18 03 01 53]
48902,1.78931E+12,9/13/2026 21:12,SomniGuard,70.1,SpO2:97.6% BPM:70 [1B 0A 1E 26 BD 02 01 00 18 03 01 53]
48903,1.78931E+12,9/13/2026 21:12,SomniGuard,71.1,SpO2:97.6% BPM:71 [1C 0A 1E 26 C7 02 01 00 18 03 01 53]
48904,1.78931E+12,9/13/2026 21:12,SomniGuard,70.1,SpO2:97.6% BPM:70 [1D 0A 1E 26 BD 02 01 00 18 03 01 53]
48905,1.78931E+12,9/13/2026 21:12,SomniGuard,71.1,SpO2:97.6% BPM:71 [1E 0A 1E 26 C7 02 01 00 18 03 01 53]
48906,1.78931E+12,9/13/2026 21:12,SomniGuard,70.1,SpO2:97.6% BPM:70 [1F 0A 1E 26 BD 02 01 00 18 03 01 53]
48907,1.78931E+12,9/13/2026 21:12,SomniGuard,71.1,SpO2:97.6% BPM:71 [20 0A 1E 26 C7 02 01 00 18 03 01 53]
48908,1.78931E+12,9/13/2026 21:12,SomniGuard,70.1,SpO2:97.6% BPM:70 [21 0A 1E 26 BD 02 01 00 18 03 01 53]
48909,1.78931E+12,9/13/2026 21:12,SomniGuard,71.1,SpO2:97.6% BPM:71 [22 0A 1E 26 C7 02 01 00 18 03 01 53]
48910,1.78931E+12,9/13/2026 21:12,SomniGuard,70.1,SpO2:97.6% BPM:70 [23 0A 1E 26 BD 02 01 00 18 03 01 53]
48911,1.78931E+12,9/13/2026 21:12,SomniGuard,71.1,SpO2:97.6% BPM:71 [24 0A 1E 26 C7 02 01 00 18 03 01 53]
48912,1.78931E+12,9/13/2026 21:12,SomniGuard,70.1,SpO2:97.6% BPM:70 [25 0A 1E 26 BD 02 01 00 18 03 01 53]
48913,1.78931E+12,9/13/2026 21:12,SomniGuard,71.1,SpO2:97.6% BPM:71 [26 0A 1E 26 C7 02 01 00 18 03 01 53]
48914,1.78931E+12,9/13/2026 21:12,SomniGuard,70.1,SpO2:97.6% BPM:70 [27 0A 1E 26 BD 02 01 00 18 03 01 53]
48915,1.78931E+12,9/13/2026 21:12,SomniGuard,71.1,SpO2:97.6% BPM:71 [28 0A 1E 26 C7 02 01 00 18 03 01 53]
48916,1.78931E+12,9/13/2026 21:12,SomniGuard,70.1,SpO2:97.6% BPM:70 [29 0A 1E 26 BD 02 01 00 18 03 01 53]
48917,1.78931E+12,9/13/2026 21:12,SomniGuard,71.1,SpO2:97.6% BPM:71 [2A 0A 1E 26 C7 02 01 00 18 03 01 53]
48918,1.78931E+12,9/13/2026 21:13,SomniGuard,70.1,SpO2:97.6% BPM:70 [2B 0A 1E 26 BD 02 01 00 18 03 01 53]
48919,1.78931E+12,9/13/2026 21:13,SomniGuard,71.1,SpO2:97.6% BPM:71 [2C 0A 1E 26 C7 02 01 00 18 03 01 53]
48920,1.78931E+12,9/13/2026 21:13,SomniGuard,70.1,SpO2:97.6% BPM:70 [2D 0A 1E 26 BD 02 01 00 18 03 01 53]
48921,1.78931E+12,9/13/2026 21:13,SomniGuard,71.1,SpO2:97.6% BPM:71 [2E 0A 1E 26 C7 02 01 00 18 03 01 53]
48922,1.78931E+12,9/13/2026 21:13,SomniGuard,70.1,SpO2:97.6% BPM:70 [2F 0A 1E 26 BD 02 01 00 18 03 01 53]
48923,1.78931E+12,9/13/2026 21:13,SomniGuard,71.1,SpO2:97.6% BPM:71 [30 0A 1E 26 C7 02 01 00 18 03 01 53]
48924,1.78931E+12,9/13/2026 21:13,SomniGuard,70.1,SpO2:97.6% BPM:70 [31 0A 1E 26 BD 02 01 00 18 03 01 53]
48925,1.78931E+12,9/13/2026 21:13,SomniGuard,71.1,SpO2:97.6% BPM:71 [32 0A 1E 26 C7 02 01 00 18 03 01 53]
48926,1.78931E+12,9/13/2026 21:13,SomniGuard,70.1,SpO2:97.6% BPM:70 [33 0A 1E 26 BD 02 01 00 18 03 01 53]
48927,1.78931E+12,9/13/2026 21:13,SomniGuard,71.1,SpO2:97.6% BPM:71 [34 0A 1E 26 C7 02 01 00 18 03 01 53]
48928,1.78931E+12,9/13/2026 21:13,SomniGuard,70.1,SpO2:97.6% BPM:70 [35 0A 1E 26 BD 02 01 00 18 03 01 53]
48929,1.78931E+12,9/13/2026 21:13,SomniGuard,71.1,SpO2:97.6% BPM:71 [36 0A 1E 26 C7 02 01 00 18 03 01 53]
48930,1.78931E+12,9/13/2026 21:13,SomniGuard,70.1,SpO2:97.6% BPM:70 [37 0A 1E 26 BD 02 01 00 18 03 01 53]
48931,1.78931E+12,9/13/2026 21:13,SomniGuard,71.1,SpO2:97.6% BPM:71 [38 0A 1E 26 C7 02 01 00 18 03 01 53]
48932,1.78931E+12,9/13/2026 21:13,SomniGuard,70.1,SpO2:97.6% BPM:70 [39 0A 1E 26 BD 02 01 00 18 03 01 53]
48933,1.78931E+12,9/13/2026 21:13,SomniGuard,71.1,SpO2:97.6% BPM:71 [3A 0A 1E 26 C7 02 01 00 18 03 01 53]
48934,1.78931E+12,9/13/2026 21:13,SomniGuard,70.1,SpO2:97.6% BPM:70 [3B 0A 1E 26 BD 02 01 00 18 03 01 53]
48935,1.78931E+12,9/13/2026 21:13,SomniGuard,71.1,SpO2:97.6% BPM:71 [3C 0A 1E 26 C7 02 01 00 18 03 01 53]
48936,1.78931E+12,9/13/2026 21:13,SomniGuard,70.1,SpO2:97.6% BPM:70 [3D 0A 1E 26 BD 02 01 00 18 03 01 53]
48937,1.78931E+12,9/13/2026 21:13,SomniGuard,71.1,SpO2:97.6% BPM:71 [3E 0A 1E 26 C7 02 01 00 18 03 01 53]
48938,1.78931E+12,9/13/2026 21:13,SomniGuard,70.1,SpO2:97.6% BPM:70 [3F 0A 1E 26 BD 02 01 00 18 03 01 53]
48939,1.78931E+12,9/13/2026 21:13,SomniGuard,71.1,SpO2:97.6% BPM:71 [40 0A 1E 26 C7 02 01 00 18 03 01 53]
48940,1.78931E+12,9/13/2026 21:13,SomniGuard,70.1,SpO2:97.6% BPM:70 [41 0A 1E 26 BD 02 01 00 18 03 01 53]
48941,1.78931E+12,9/13/2026 21:13,SomniGuard,71.1,SpO2:97.6% BPM:71 [42 0A 1E 26 C7 02 01 00 18 03 01 53]
48942,1.78931E+12,9/13/2026 21:13,SomniGuard,70.1,SpO2:97.6% BPM:70 [43 0A 1E 26 BD 02 01 00 18 03 01 53]
48943,1.78931E+12,9/13/2026 21:13,SomniGuard,71.1,SpO2:97.6% BPM:71 [44 0A 1E 26 C7 02 01 00 18 03 01 53]
48944,1.78931E+12,9/13/2026 21:13,SomniGuard,70.1,SpO2:97.6% BPM:70 [45 0A 1E 26 BD 02 01 00 18 03 01 53]
48945,1.78931E+12,9/13/2026 21:13,SomniGuard,71.1,SpO2:97.6% BPM:71 [46 0A 1E 26 C7 02 01 00 18 03 01 53]
48946,1.78931E+12,9/13/2026 21:13,SomniGuard,70.1,SpO2:97.6% BPM:70 [47 0A 1E 26 BD 02 01 00 18 03 01 53]
48947,1.78931E+12,9/13/2026 21:13,SomniGuard,71.1,SpO2:97.6% BPM:71 [48 0A 1E 26 C7 02 01 00 18 03 01 53]
48948,1.78931E+12,9/13/2026 21:13,SomniGuard,70.1,SpO2:97.6% BPM:70 [49 0A 1E 26 BD 02 01 00 18 03 01 53]
48949,1.78931E+12,9/13/2026 21:13,SomniGuard,71.1,SpO2:97.6% BPM:71 [4A 0A 1E 26 C7 02 01 00 18 03 01 53]
48950,1.78931E+12,9/13/2026 21:13,SomniGuard,70.1,SpO2:97.6% BPM:70 [4B 0A 1E 26 BD 02 01 00 18 03 01 53]
48951,1.78931E+12,9/13/2026 21:13,SomniGuard,71.1,SpO2:97.6% BPM:71 [4C 0A 1E 26 C7 02 01 00 18 03 01 53]
48952,1.78931E+12,9/13/2026 21:13,SomniGuard,70.1,SpO2:97.6% BPM:70 [4D 0A 1E 26 BD 02 01 00 18 03 01 53]
48953,1.78931E+12,9/13/2026 21:13,SomniGuard,71.1,SpO2:97.6% BPM:71 [4E 0A 1E 26 C7 02 01 00 18 03 01 53]
48954,1.78931E+12,9/13/2026 21:13,SomniGuard,70.1,SpO2:97.6% BPM:70 [4F 0A 1E 26 BD 02 01 00 18 03 01 53]
48955,1.78931E+12,9/13/2026 21:13,SomniGuard,71.6,SpO2:97.8% BPM:72 [50 0A 37 26 CC 02 01 00 18 03 01 53]
48956,1.78931E+12,9/13/2026 21:13,SomniGuard,70.6,SpO2:97.8% BPM:71 [51 0A 37 26 C2 02 01 00 18 03 01 53]
48957,1.78931E+12,9/13/2026 21:13,SomniGuard,71.6,SpO2:97.8% BPM:72 [52 0A 37 26 CC 02 01 00 18 03 01 53]
48958,1.78931E+12,9/13/2026 21:13,SomniGuard,70.6,SpO2:97.8% BPM:71 [53 0A 37 26 C2 02 01 00 18 03 01 53]
48959,1.78931E+12,9/13/2026 21:13,SomniGuard,71.6,SpO2:97.8% BPM:72 [54 0A 37 26 CC 02 01 00 18 03 01 53]
48960,1.78931E+12,9/13/2026 21:13,SomniGuard,70.6,SpO2:97.8% BPM:71 [55 0A 37 26 C2 02 01 00 18 03 01 53]
48961,1.78931E+12,9/13/2026 21:13,SomniGuard,71.6,SpO2:97.8% BPM:72 [56 0A 37 26 CC 02 01 00 18 03 01 53]
48962,1.78931E+12,9/13/2026 21:13,SomniGuard,70.6,SpO2:97.8% BPM:71 [57 0A 37 26 C2 02 01 00 18 03 01 53]
48963,1.78931E+12,9/13/2026 21:13,SomniGuard,71.6,SpO2:97.8% BPM:72 [58 0A 37 26 CC 02 01 00 18 03 01 53]
48964,1.78931E+12,9/13/2026 21:13,SomniGuard,70.6,SpO2:97.8% BPM:71 [59 0A 37 26 C2 02 01 00 18 03 01 53]
48965,1.78931E+12,9/13/2026 21:13,SomniGuard,71.6,SpO2:97.8% BPM:72 [5A 0A 37 26 CC 02 01 00 18 03 01 53]
48966,1.78931E+12,9/13/2026 21:13,SomniGuard,70.6,SpO2:97.8% BPM:71 [5B 0A 37 26 C2 02 01 00 18 03 01 53]
48967,1.78931E+12,9/13/2026 21:13,SomniGuard,71.6,SpO2:97.8% BPM:72 [5C 0A 37 26 CC 02 01 00 18 03 01 53]
48968,1.78931E+12,9/13/2026 21:13,SomniGuard,70.6,SpO2:97.8% BPM:71 [5D 0A 37 26 C2 02 01 00 18 03 01 53]
48969,1.78931E+12,9/13/2026 21:13,SomniGuard,71.6,SpO2:97.8% BPM:72 [5E 0A 37 26 CC 02 01 00 18 03 01 53]
48970,1.78931E+12,9/13/2026 21:13,SomniGuard,70.6,SpO2:97.8% BPM:71 [5F 0A 37 26 C2 02 01 00 18 03 01 53]
48971,1.78931E+12,9/13/2026 21:13,SomniGuard,71.6,SpO2:97.8% BPM:72 [60 0A 37 26 CC 02 01 00 18 03 01 53]
48972,1.78931E+12,9/13/2026 21:13,SomniGuard,70.6,SpO2:97.8% BPM:71 [61 0A 37 26 C2 02 01 00 18 03 01 53]
48973,1.78931E+12,9/13/2026 21:13,SomniGuard,71.6,SpO2:97.8% BPM:72 [62 0A 37 26 CC 02 01 00 18 03 01 53]
48974,1.78931E+12,9/13/2026 21:13,SomniGuard,70.6,SpO2:97.8% BPM:71 [63 0A 37 26 C2 02 01 00 18 03 01 53]
48975,1.78931E+12,9/13/2026 21:13,SomniGuard,71.6,SpO2:97.8% BPM:72 [64 0A 37 26 CC 02 01 00 18 03 01 53]
48976,1.78931E+12,9/13/2026 21:13,SomniGuard,70.6,SpO2:97.8% BPM:71 [65 0A 37 26 C2 02 01 00 18 03 01 53]
48977,1.78931E+12,9/13/2026 21:13,SomniGuard,71.6,SpO2:97.8% BPM:72 [66 0A 37 26 CC 02 01 00 18 03 01 53]
48978,1.78931E+12,9/13/2026 21:14,SomniGuard,70.6,SpO2:97.8% BPM:71 [67 0A 37 26 C2 02 01 00 18 03 01 53]
48979,1.78931E+12,9/13/2026 21:14,SomniGuard,71.6,SpO2:97.8% BPM:72 [68 0A 37 26 CC 02 01 00 18 03 01 53]
48980,1.78931E+12,9/13/2026 21:14,SomniGuard,70.6,SpO2:97.8% BPM:71 [69 0A 37 26 C2 02 01 00 18 03 01 53]
48981,1.78931E+12,9/13/2026 21:14,SomniGuard,71.6,SpO2:97.8% BPM:72 [6A 0A 37 26 CC 02 01 00 18 03 01 53]
48982,1.78931E+12,9/13/2026 21:14,SomniGuard,70.6,SpO2:97.8% BPM:71 [6B 0A 37 26 C2 02 01 00 18 03 01 53]
48983,1.78931E+12,9/13/2026 21:14,SomniGuard,71.6,SpO2:97.8% BPM:72 [6C 0A 37 26 CC 02 01 00 18 03 01 53]
48984,1.78931E+12,9/13/2026 21:14,SomniGuard,70.6,SpO2:97.8% BPM:71 [6D 0A 37 26 C2 02 01 00 18 03 01 53]
48985,1.78931E+12,9/13/2026 21:14,SomniGuard,71.6,SpO2:97.8% BPM:72 [6E 0A 37 26 CC 02 01 00 18 03 01 53]
48986,1.78931E+12,9/13/2026 21:14,SomniGuard,70.6,SpO2:97.8% BPM:71 [6F 0A 37 26 C2 02 01 00 18 03 01 53]
48987,1.78931E+12,9/13/2026 21:14,SomniGuard,71.6,SpO2:97.8% BPM:72 [70 0A 37 26 CC 02 01 00 18 03 01 53]
48988,1.78931E+12,9/13/2026 21:14,SomniGuard,70.6,SpO2:97.8% BPM:71 [71 0A 37 26 C2 02 01 00 18 03 01 53]
48989,1.78931E+12,9/13/2026 21:14,SomniGuard,71.6,SpO2:97.8% BPM:72 [72 0A 37 26 CC 02 01 00 18 03 01 53]
48990,1.78931E+12,9/13/2026 21:14,SomniGuard,70.6,SpO2:97.8% BPM:71 [73 0A 37 26 C2 02 01 00 18 03 01 53]
48991,1.78931E+12,9/13/2026 21:14,SomniGuard,71.6,SpO2:97.8% BPM:72 [74 0A 37 26 CC 02 01 00 18 03 01 53]
48992,1.78931E+12,9/13/2026 21:14,SomniGuard,70.6,SpO2:97.8% BPM:71 [75 0A 37 26 C2 02 01 00 18 03 01 53]
48993,1.78931E+12,9/13/2026 21:14,SomniGuard,71.6,SpO2:97.8% BPM:72 [76 0A 37 26 CC 02 01 00 18 03 01 53]
48994,1.78931E+12,9/13/2026 21:14,SomniGuard,70.6,SpO2:97.8% BPM:71 [77 0A 37 26 C2 02 01 00 18 03 01 53]
48995,1.78931E+12,9/13/2026 21:14,SomniGuard,71.6,SpO2:97.8% BPM:72 [78 0A 37 26 CC 02 01 00 18 03 01 53]
48996,1.78931E+12,9/13/2026 21:14,SomniGuard,70.6,SpO2:97.8% BPM:71 [79 0A 37 26 C2 02 01 00 18 03 01 53]
48997,1.78931E+12,9/13/2026 21:14,SomniGuard,71.6,SpO2:97.8% BPM:72 [7A 0A 37 26 CC 02 01 00 18 03 01 53]
48998,1.78931E+12,9/13/2026 21:14,SomniGuard,70.6,SpO2:97.8% BPM:71 [7B 0A 37 26 C2 02 01 00 18 03 01 53]
48999,1.78931E+12,9/13/2026 21:14,SomniGuard,71.6,SpO2:97.8% BPM:72 [7C 0A 37 26 CC 02 01 00 18 03 01 53]
49000,1.78931E+12,9/13/2026 21:14,SomniGuard,70.6,SpO2:97.8% BPM:71 [7D 0A 37 26 C2 02 01 00 18 03 01 53]
49001,1.78931E+12,9/13/2026 21:14,SomniGuard,71.6,SpO2:97.8% BPM:72 [7E 0A 37 26 CC 02 01 00 18 03 01 53]
49002,1.78931E+12,9/13/2026 21:14,SomniGuard,70.6,SpO2:97.8% BPM:71 [7F 0A 37 26 C2 02 01 00 18 03 01 53]
49003,1.78931E+12,9/13/2026 21:14,SomniGuard,71.6,SpO2:97.8% BPM:72 [80 0A 37 26 CC 02 01 00 18 03 01 53]
49004,1.78931E+12,9/13/2026 21:14,SomniGuard,70.6,SpO2:97.8% BPM:71 [81 0A 37 26 C2 02 01 00 18 03 01 53]
49005,1.78931E+12,9/13/2026 21:14,SomniGuard,71.6,SpO2:97.8% BPM:72 [82 0A 37 26 CC 02 01 00 18 03 01 53]
49006,1.78931E+12,9/13/2026 21:14,SomniGuard,70.6,SpO2:97.8% BPM:71 [83 0A 37 26 C2 02 01 00 18 03 01 53]
49007,1.78931E+12,9/13/2026 21:14,SomniGuard,71.6,SpO2:97.8% BPM:72 [84 0A 37 26 CC 02 01 00 18 03 01 53]
49008,1.78931E+12,9/13/2026 21:14,SomniGuard,70.6,SpO2:97.8% BPM:71 [85 0A 37 26 C2 02 01 00 18 03 01 53]
49009,1.78931E+12,9/13/2026 21:14,SomniGuard,71.6,SpO2:97.8% BPM:72 [86 0A 37 26 CC 02 01 00 18 03 01 53]
49010,1.78931E+12,9/13/2026 21:14,SomniGuard,70.6,SpO2:97.8% BPM:71 [87 0A 37 26 C2 02 01 00 18 03 01 53]
49011,1.78931E+12,9/13/2026 21:14,SomniGuard,71.6,SpO2:97.8% BPM:72 [88 0A 37 26 CC 02 01 00 18 03 01 53]
49012,1.78931E+12,9/13/2026 21:14,SomniGuard,70.6,SpO2:97.8% BPM:71 [89 0A 37 26 C2 02 01 00 18 03 01 53]
49013,1.78931E+12,9/13/2026 21:14,SomniGuard,71.6,SpO2:97.8% BPM:72 [8A 0A 37 26 CC 02 01 00 18 03 01 53]
49014,1.78931E+12,9/13/2026 21:14,SomniGuard,70.6,SpO2:97.8% BPM:71 [8B 0A 37 26 C2 02 01 00 18 03 01 53]
49015,1.78931E+12,9/13/2026 21:14,SomniGuard,71.6,SpO2:97.8% BPM:72 [8C 0A 37 26 CC 02 01 00 18 03 01 52]
49016,1.78931E+12,9/13/2026 21:14,SomniGuard,70.6,SpO2:97.8% BPM:71 [8D 0A 37 26 C2 02 01 00 18 03 01 52]
49017,1.78931E+12,9/13/2026 21:14,SomniGuard,71.6,SpO2:97.8% BPM:72 [8E 0A 37 26 CC 02 01 00 18 03 01 52]
49018,1.78931E+12,9/13/2026 21:14,SomniGuard,70.6,SpO2:97.8% BPM:71 [8F 0A 37 26 C2 02 01 00 18 03 01 52]
49019,1.78931E+12,9/13/2026 21:14,SomniGuard,71.6,SpO2:97.8% BPM:72 [90 0A 37 26 CC 02 01 00 18 03 01 52]
49020,1.78931E+12,9/13/2026 21:14,SomniGuard,70.6,SpO2:97.8% BPM:71 [91 0A 37 26 C2 02 01 00 18 03 01 52]
49021,1.78931E+12,9/13/2026 21:14,SomniGuard,71.6,SpO2:97.8% BPM:72 [92 0A 37 26 CC 02 01 00 18 03 01 52]
49022,1.78931E+12,9/13/2026 21:14,SomniGuard,70.6,SpO2:97.8% BPM:71 [93 0A 37 26 C2 02 01 00 18 03 01 52]
49023,1.78931E+12,9/13/2026 21:14,SomniGuard,71.6,SpO2:97.8% BPM:72 [94 0A 37 26 CC 02 01 00 18 03 01 52]
49024,1.78931E+12,9/13/2026 21:14,SomniGuard,70.6,SpO2:97.8% BPM:71 [95 0A 37 26 C2 02 01 00 18 03 01 52]
49025,1.78931E+12,9/13/2026 21:14,SomniGuard,71.6,SpO2:97.8% BPM:72 [96 0A 37 26 CC 02 01 00 18 03 01 52]
49026,1.78931E+12,9/13/2026 21:14,SomniGuard,70.6,SpO2:97.8% BPM:71 [97 0A 37 26 C2 02 01 00 18 03 01 52]
49027,1.78931E+12,9/13/2026 21:14,SomniGuard,71.6,SpO2:97.8% BPM:72 [98 0A 37 26 CC 02 01 00 18 03 01 52]
49028,1.78931E+12,9/13/2026 21:14,SomniGuard,70.6,SpO2:97.8% BPM:71 [99 0A 37 26 C2 02 01 00 18 03 01 52]
49029,1.78931E+12,9/13/2026 21:14,SomniGuard,71.6,SpO2:97.8% BPM:72 [9A 0A 37 26 CC 02 01 00 18 03 01 52]
49030,1.78931E+12,9/13/2026 21:14,SomniGuard,70.6,SpO2:97.8% BPM:71 [9B 0A 37 26 C2 02 01 00 18 03 01 52]
49031,1.78931E+12,9/13/2026 21:14,SomniGuard,71.6,SpO2:97.8% BPM:72 [9C 0A 37 26 CC 02 01 00 18 03 01 52]
49032,1.78931E+12,9/13/2026 21:14,SomniGuard,70.6,SpO2:97.8% BPM:71 [9D 0A 37 26 C2 02 01 00 18 03 01 52]
49033,1.78931E+12,9/13/2026 21:14,SomniGuard,71.6,SpO2:97.8% BPM:72 [9E 0A 37 26 CC 02 01 00 18 03 01 52]
49034,1.78931E+12,9/13/2026 21:14,SomniGuard,70.6,SpO2:97.8% BPM:71 [9F 0A 37 26 C2 02 01 00 18 03 01 52]
49035,1.78931E+12,9/13/2026 21:14,SomniGuard,71.6,SpO2:97.8% BPM:72 [A0 0A 37 26 CC 02 01 00 18 03 01 52]
49036,1.78931E+12,9/13/2026 21:14,SomniGuard,70.6,SpO2:97.8% BPM:71 [A1 0A 37 26 C2 02 01 00 18 03 01 52]
49037,1.78931E+12,9/13/2026 21:15,SomniGuard,71.6,SpO2:97.8% BPM:72 [A2 0A 37 26 CC 02 01 00 18 03 01 52]
49038,1.78931E+12,9/13/2026 21:15,SomniGuard,70.6,SpO2:97.8% BPM:71 [A3 0A 37 26 C2 02 01 00 18 03 01 52]
49039,1.78931E+12,9/13/2026 21:15,SomniGuard,71.6,SpO2:97.8% BPM:72 [A4 0A 37 26 CC 02 01 00 18 03 01 52]
49040,1.78931E+12,9/13/2026 21:15,SomniGuard,70.6,SpO2:97.8% BPM:71 [A5 0A 37 26 C2 02 01 00 18 03 01 52]
49041,1.78931E+12,9/13/2026 21:15,SomniGuard,71.6,SpO2:97.8% BPM:72 [A6 0A 37 26 CC 02 01 00 18 03 01 52]
49042,1.78931E+12,9/13/2026 21:15,SomniGuard,70.6,SpO2:97.8% BPM:71 [A7 0A 37 26 C2 02 01 00 18 03 01 52]
49043,1.78931E+12,9/13/2026 21:15,SomniGuard,71.6,SpO2:97.8% BPM:72 [A8 0A 37 26 CC 02 01 00 18 03 01 52]
49044,1.78931E+12,9/13/2026 21:15,SomniGuard,70.6,SpO2:97.8% BPM:71 [A9 0A 37 26 C2 02 01 00 18 03 01 52]
49045,1.78931E+12,9/13/2026 21:15,SomniGuard,71.6,SpO2:97.8% BPM:72 [AA 0A 37 26 CC 02 01 00 18 03 01 52]
49046,1.78931E+12,9/13/2026 21:15,SomniGuard,70.6,SpO2:97.8% BPM:71 [AB 0A 37 26 C2 02 01 00 18 03 01 52]
49047,1.78931E+12,9/13/2026 21:15,SomniGuard,71.6,SpO2:97.8% BPM:72 [AC 0A 37 26 CC 02 01 00 18 03 01 52]
49048,1.78931E+12,9/13/2026 21:15,SomniGuard,70.6,SpO2:97.8% BPM:71 [AD 0A 37 26 C2 02 01 00 18 03 01 52]
49049,1.78931E+12,9/13/2026 21:15,SomniGuard,71.6,SpO2:97.8% BPM:72 [AE 0A 37 26 CC 02 01 00 18 03 01 52]
49050,1.78931E+12,9/13/2026 21:15,SomniGuard,70.6,SpO2:97.8% BPM:71 [AF 0A 37 26 C2 02 01 00 18 03 01 52]
49051,1.78931E+12,9/13/2026 21:15,SomniGuard,71.6,SpO2:97.8% BPM:72 [B0 0A 37 26 CC 02 01 00 18 03 01 52]
49052,1.78931E+12,9/13/2026 21:15,SomniGuard,70.6,SpO2:97.8% BPM:71 [B1 0A 37 26 C2 02 01 00 18 03 01 52]
49053,1.78931E+12,9/13/2026 21:15,SomniGuard,71.6,SpO2:97.8% BPM:72 [B2 0A 37 26 CC 02 01 00 18 03 01 52]
49054,1.78931E+12,9/13/2026 21:15,SomniGuard,70.6,SpO2:97.8% BPM:71 [B3 0A 37 26 C2 02 01 00 18 03 01 52]
49055,1.78931E+12,9/13/2026 21:15,SomniGuard,71.6,SpO2:97.8% BPM:72 [B4 0A 37 26 CC 02 01 00 18 03 01 52]
49056,1.78931E+12,9/13/2026 21:15,SomniGuard,70.6,SpO2:97.8% BPM:71 [B5 0A 37 26 C2 02 01 00 18 03 01 52]
49057,1.78931E+12,9/13/2026 21:15,SomniGuard,71.6,SpO2:97.8% BPM:72 [B6 0A 37 26 CC 02 01 00 18 03 01 52]
49058,1.78931E+12,9/13/2026 21:15,SomniGuard,70.6,SpO2:97.8% BPM:71 [B7 0A 37 26 C2 02 01 00 18 03 01 52]
49059,1.78931E+12,9/13/2026 21:15,SomniGuard,71.6,SpO2:97.8% BPM:72 [B8 0A 37 26 CC 02 01 00 18 03 01 52]
49060,1.78931E+12,9/13/2026 21:15,SomniGuard,70.6,SpO2:97.8% BPM:71 [B9 0A 37 26 C2 02 01 00 18 03 01 52]
49061,1.78931E+12,9/13/2026 21:15,SomniGuard,71.6,SpO2:97.8% BPM:72 [BA 0A 37 26 CC 02 01 00 18 03 01 52]
49062,1.78931E+12,9/13/2026 21:15,SomniGuard,70.6,SpO2:97.8% BPM:71 [BB 0A 37 26 C2 02 01 00 18 03 01 52]
49063,1.78931E+12,9/13/2026 21:15,SomniGuard,71.6,SpO2:97.8% BPM:72 [BC 0A 37 26 CC 02 01 00 18 03 01 52]
49064,1.78931E+12,9/13/2026 21:15,SomniGuard,70.6,SpO2:97.8% BPM:71 [BD 0A 37 26 C2 02 01 00 18 03 01 52]
49065,1.78931E+12,9/13/2026 21:15,SomniGuard,71.6,SpO2:97.8% BPM:72 [BE 0A 37 26 CC 02 01 00 18 03 01 52]
49066,1.78931E+12,9/13/2026 21:15,SomniGuard,70.6,SpO2:97.8% BPM:71 [BF 0A 37 26 C2 02 01 00 18 03 01 52]
49067,1.78931E+12,9/13/2026 21:15,SomniGuard,71.6,SpO2:97.8% BPM:72 [C0 0A 37 26 CC 02 01 00 18 03 01 52]
49068,1.78931E+12,9/13/2026 21:15,SomniGuard,70.6,SpO2:97.8% BPM:71 [C1 0A 37 26 C2 02 01 00 18 03 01 52]
49069,1.78931E+12,9/13/2026 21:15,SomniGuard,71.6,SpO2:97.8% BPM:72 [C2 0A 37 26 CC 02 01 00 18 03 01 52]
49070,1.78931E+12,9/13/2026 21:15,SomniGuard,70.6,SpO2:97.8% BPM:71 [C3 0A 37 26 C2 02 01 00 18 03 01 52]
49071,1.78931E+12,9/13/2026 21:15,SomniGuard,71.6,SpO2:97.8% BPM:72 [C4 0A 37 26 CC 02 01 00 18 03 01 52]
49072,1.78931E+12,9/13/2026 21:15,SomniGuard,70.6,SpO2:97.8% BPM:71 [C5 0A 37 26 C2 02 01 00 18 03 01 52]
49073,1.78931E+12,9/13/2026 21:15,SomniGuard,71.6,SpO2:97.8% BPM:72 [C6 0A 37 26 CC 02 01 00 18 03 01 52]
49074,1.78931E+12,9/13/2026 21:15,SomniGuard,70.6,SpO2:97.8% BPM:71 [C7 0A 37 26 C2 02 01 00 18 03 01 52]
49075,1.78931E+12,9/13/2026 21:15,SomniGuard,71.6,SpO2:97.8% BPM:72 [C8 0A 37 26 CC 02 01 00 18 03 01 52]
49076,1.78931E+12,9/13/2026 21:15,SomniGuard,70.6,SpO2:97.8% BPM:71 [C9 0A 37 26 C2 02 01 00 18 03 01 52]
49077,1.78931E+12,9/13/2026 21:15,SomniGuard,71.6,SpO2:97.8% BPM:72 [CA 0A 37 26 CC 02 01 00 18 03 01 52]
49078,1.78931E+12,9/13/2026 21:15,SomniGuard,70.6,SpO2:97.8% BPM:71 [CB 0A 37 26 C2 02 01 00 18 03 01 52]
49079,1.78931E+12,9/13/2026 21:15,SomniGuard,71.6,SpO2:97.8% BPM:72 [CC 0A 37 26 CC 02 01 00 18 03 01 52]
49080,1.78931E+12,9/13/2026 21:15,SomniGuard,70.6,SpO2:97.8% BPM:71 [CD 0A 37 26 C2 02 01 00 18 03 01 52]
49081,1.78931E+12,9/13/2026 21:15,SomniGuard,71.6,SpO2:97.8% BPM:72 [CE 0A 37 26 CC 02 01 00 18 03 01 52]
49082,1.78931E+12,9/13/2026 21:15,SomniGuard,70.6,SpO2:97.8% BPM:71 [CF 0A 37 26 C2 02 01 00 18 03 01 52]
49083,1.78931E+12,9/13/2026 21:15,SomniGuard,71.6,SpO2:97.8% BPM:72 [D0 0A 37 26 CC 02 01 00 18 03 01 52]
49084,1.78931E+12,9/13/2026 21:15,SomniGuard,70.6,SpO2:97.8% BPM:71 [D1 0A 37 26 C2 02 01 00 18 03 01 52]
49085,1.78931E+12,9/13/2026 21:15,SomniGuard,71.6,SpO2:97.8% BPM:72 [D2 0A 37 26 CC 02 01 00 18 03 01 52]
49086,1.78931E+12,9/13/2026 21:15,SomniGuard,70.6,SpO2:97.8% BPM:71 [D3 0A 37 26 C2 02 01 00 18 03 01 52]
49087,1.78931E+12,9/13/2026 21:15,SomniGuard,71.6,SpO2:97.8% BPM:72 [D4 0A 37 26 CC 02 01 00 18 03 01 52]
49088,1.78931E+12,9/13/2026 21:15,SomniGuard,70.6,SpO2:97.8% BPM:71 [D5 0A 37 26 C2 02 01 00 18 03 01 52]
49089,1.78931E+12,9/13/2026 21:15,SomniGuard,71.6,SpO2:97.8% BPM:72 [D6 0A 37 26 CC 02 01 00 18 03 01 52]
49090,1.78931E+12,9/13/2026 21:15,SomniGuard,70.6,SpO2:97.8% BPM:71 [D7 0A 37 26 C2 02 01 00 18 03 01 52]
49091,1.78931E+12,9/13/2026 21:15,SomniGuard,71.6,SpO2:97.8% BPM:72 [D8 0A 37 26 CC 02 01 00 18 03 01 52]
49092,1.78931E+12,9/13/2026 21:15,SomniGuard,70.6,SpO2:97.8% BPM:71 [D9 0A 37 26 C2 02 01 00 18 03 01 52]
49093,1.78931E+12,9/13/2026 21:15,SomniGuard,71.6,SpO2:97.8% BPM:72 [DA 0A 37 26 CC 02 01 00 18 03 01 52]
49094,1.78931E+12,9/13/2026 21:15,SomniGuard,70.6,SpO2:97.8% BPM:71 [DB 0A 37 26 C2 02 01 00 18 03 01 52]
49095,1.78931E+12,9/13/2026 21:15,SomniGuard,71.6,SpO2:97.8% BPM:72 [DC 0A 37 26 CC 02 01 00 18 03 01 52]
49096,1.78931E+12,9/13/2026 21:15,SomniGuard,70.6,SpO2:97.8% BPM:71 [DD 0A 37 26 C2 02 01 00 18 03 01 52]
49097,1.78931E+12,9/13/2026 21:16,SomniGuard,71.6,SpO2:97.8% BPM:72 [DE 0A 37 26 CC 02 01 00 18 03 01 52]
49098,1.78931E+12,9/13/2026 21:16,SomniGuard,70.6,SpO2:97.8% BPM:71 [DF 0A 37 26 C2 02 01 00 18 03 01 52]
49099,1.78931E+12,9/13/2026 21:16,SomniGuard,71.6,SpO2:97.8% BPM:72 [E0 0A 37 26 CC 02 01 00 18 03 01 52]
49100,1.78931E+12,9/13/2026 21:16,SomniGuard,70.6,SpO2:97.8% BPM:71 [E1 0A 37 26 C2 02 01 00 18 03 01 52]
49101,1.78931E+12,9/13/2026 21:16,SomniGuard,71.6,SpO2:97.8% BPM:72 [E2 0A 37 26 CC 02 01 00 18 03 01 52]
49102,1.78931E+12,9/13/2026 21:16,SomniGuard,70.6,SpO2:97.8% BPM:71 [E3 0A 37 26 C2 02 01 00 18 03 01 52]
49103,1.78931E+12,9/13/2026 21:16,SomniGuard,71.6,SpO2:97.8% BPM:72 [E4 0A 37 26 CC 02 01 00 18 03 01 52]
49104,1.78931E+12,9/13/2026 21:16,SomniGuard,70.6,SpO2:97.8% BPM:71 [E5 0A 37 26 C2 02 01 00 18 03 01 52]
49105,1.78931E+12,9/13/2026 21:16,SomniGuard,71.6,SpO2:97.8% BPM:72 [E6 0A 37 26 CC 02 01 00 18 03 01 52]
49106,1.78931E+12,9/13/2026 21:16,SomniGuard,70.6,SpO2:97.8% BPM:71 [E7 0A 37 26 C2 02 01 00 18 03 01 52]
49107,1.78931E+12,9/13/2026 21:16,SomniGuard,71.6,SpO2:97.8% BPM:72 [E8 0A 37 26 CC 02 01 00 18 03 01 52]
49108,1.78931E+12,9/13/2026 21:16,SomniGuard,70.6,SpO2:97.8% BPM:71 [E9 0A 37 26 C2 02 01 00 18 03 01 52]
49109,1.78931E+12,9/13/2026 21:16,SomniGuard,71.6,SpO2:97.8% BPM:72 [EA 0A 37 26 CC 02 01 00 18 03 01 52]
49110,1.78931E+12,9/13/2026 21:16,SomniGuard,70.6,SpO2:97.8% BPM:71 [EB 0A 37 26 C2 02 01 00 18 03 01 52]
49111,1.78931E+12,9/13/2026 21:16,SomniGuard,71.6,SpO2:97.8% BPM:72 [EC 0A 37 26 CC 02 01 00 18 03 01 52]
49112,1.78931E+12,9/13/2026 21:16,SomniGuard,70.6,SpO2:97.8% BPM:71 [ED 0A 37 26 C2 02 01 00 18 03 01 52]
49113,1.78931E+12,9/13/2026 21:16,SomniGuard,71.6,SpO2:97.8% BPM:72 [EE 0A 37 26 CC 02 01 00 18 03 01 52]
49114,1.78931E+12,9/13/2026 21:16,SomniGuard,70.6,SpO2:97.8% BPM:71 [EF 0A 37 26 C2 02 01 00 18 03 01 52]
49115,1.78931E+12,9/13/2026 21:16,SomniGuard,71.6,SpO2:97.8% BPM:72 [F0 0A 37 26 CC 02 01 00 18 03 01 52]
49116,1.78931E+12,9/13/2026 21:16,SomniGuard,70.6,SpO2:97.8% BPM:71 [F1 0A 37 26 C2 02 01 00 18 03 01 52]
49117,1.78931E+12,9/13/2026 21:16,SomniGuard,71.6,SpO2:97.8% BPM:72 [F2 0A 37 26 CC 02 01 00 18 03 01 52]
49118,1.78931E+12,9/13/2026 21:16,SomniGuard,70.6,SpO2:97.8% BPM:71 [F3 0A 37 26 C2 02 01 00 18 03 01 52]
49119,1.78931E+12,9/13/2026 21:16,SomniGuard,71.6,SpO2:97.8% BPM:72 [F4 0A 37 26 CC 02 01 00 18 03 01 52]
49120,1.78931E+12,9/13/2026 21:16,SomniGuard,70.6,SpO2:97.8% BPM:71 [F5 0A 37 26 C2 02 01 00 18 03 01 52]
49121,1.78931E+12,9/13/2026 21:16,SomniGuard,71.6,SpO2:97.8% BPM:72 [F6 0A 37 26 CC 02 01 00 18 03 01 52]
49122,1.78931E+12,9/13/2026 21:16,SomniGuard,70.6,SpO2:97.8% BPM:71 [F7 0A 37 26 C2 02 01 00 18 03 01 52]
49123,1.78931E+12,9/13/2026 21:16,SomniGuard,71.6,SpO2:97.8% BPM:72 [F8 0A 37 26 CC 02 01 00 18 03 01 52]
49124,1.78931E+12,9/13/2026 21:16,SomniGuard,70.6,SpO2:97.8% BPM:71 [F9 0A 37 26 C2 02 01 00 18 03 01 52]
49125,1.78931E+12,9/13/2026 21:16,SomniGuard,71.6,SpO2:97.8% BPM:72 [FA 0A 37 26 CC 02 01 00 18 03 01 52]
49126,1.78931E+12,9/13/2026 21:16,SomniGuard,70.6,SpO2:97.8% BPM:71 [FB 0A 37 26 C2 02 01 00 18 03 01 52]
49127,1.78931E+12,9/13/2026 21:16,SomniGuard,71.6,SpO2:97.8% BPM:72 [FC 0A 37 26 CC 02 01 00 18 03 01 52]
49128,1.78931E+12,9/13/2026 21:16,SomniGuard,70.6,SpO2:97.8% BPM:71 [FD 0A 37 26 C2 02 01 00 18 03 01 52]
49129,1.78931E+12,9/13/2026 21:16,SomniGuard,71.6,SpO2:97.8% BPM:72 [FE 0A 37 26 CC 02 01 00 18 03 01 52]
49130,1.78931E+12,9/13/2026 21:16,SomniGuard,70.6,SpO2:97.8% BPM:71 [FF 0A 37 26 C2 02 01 00 18 03 01 52]
49131,1.78931E+12,9/13/2026 21:16,SomniGuard,71.6,SpO2:97.8% BPM:72 [00 0B 37 26 CC 02 01 00 18 03 01 52]
49132,1.78931E+12,9/13/2026 21:16,SomniGuard,70.6,SpO2:97.8% BPM:71 [01 0B 37 26 C2 02 01 00 18 03 01 52]
49133,1.78931E+12,9/13/2026 21:16,SomniGuard,71.6,SpO2:97.8% BPM:72 [02 0B 37 26 CC 02 01 00 18 03 01 52]
49134,1.78931E+12,9/13/2026 21:16,SomniGuard,70.6,SpO2:97.8% BPM:71 [03 0B 37 26 C2 02 01 00 18 03 01 52]
49135,1.78931E+12,9/13/2026 21:16,SomniGuard,71.6,SpO2:97.8% BPM:72 [04 0B 37 26 CC 02 01 00 18 03 01 52]
49136,1.78931E+12,9/13/2026 21:16,SomniGuard,70.6,SpO2:97.8% BPM:71 [05 0B 37 26 C2 02 01 00 18 03 01 52]
49137,1.78931E+12,9/13/2026 21:16,SomniGuard,71.6,SpO2:97.8% BPM:72 [06 0B 37 26 CC 02 01 00 18 03 01 52]
49138,1.78931E+12,9/13/2026 21:16,SomniGuard,70.6,SpO2:97.8% BPM:71 [07 0B 37 26 C2 02 01 00 18 03 01 52]
49139,1.78931E+12,9/13/2026 21:16,SomniGuard,71.6,SpO2:97.8% BPM:72 [08 0B 37 26 CC 02 01 00 18 03 01 52]
49140,1.78931E+12,9/13/2026 21:16,SomniGuard,71.1,SpO2:97.6% BPM:71 [09 0B 1E 26 C7 02 01 00 18 03 01 52]
49141,1.78931E+12,9/13/2026 21:16,SomniGuard,70.1,SpO2:97.6% BPM:70 [0A 0B 1E 26 BD 02 01 00 18 03 01 52]
49142,1.78931E+12,9/13/2026 21:16,SomniGuard,71.1,SpO2:97.6% BPM:71 [0B 0B 1E 26 C7 02 01 00 18 03 01 52]
49143,1.78931E+12,9/13/2026 21:16,SomniGuard,70.1,SpO2:97.6% BPM:70 [0C 0B 1E 26 BD 02 01 00 18 03 01 52]
49144,1.78931E+12,9/13/2026 21:16,SomniGuard,71.1,SpO2:97.6% BPM:71 [0D 0B 1E 26 C7 02 01 00 18 03 01 52]
49145,1.78931E+12,9/13/2026 21:16,SomniGuard,70.1,SpO2:97.6% BPM:70 [0E 0B 1E 26 BD 02 01 00 18 03 01 52]
49146,1.78931E+12,9/13/2026 21:16,SomniGuard,71.1,SpO2:97.6% BPM:71 [0F 0B 1E 26 C7 02 01 00 18 03 01 52]
49147,1.78931E+12,9/13/2026 21:16,SomniGuard,70.1,SpO2:97.6% BPM:70 [10 0B 1E 26 BD 02 01 00 18 03 01 52]
49148,1.78931E+12,9/13/2026 21:16,SomniGuard,71.1,SpO2:97.6% BPM:71 [11 0B 1E 26 C7 02 01 00 18 03 01 52]
49149,1.78931E+12,9/13/2026 21:16,SomniGuard,70.1,SpO2:97.6% BPM:70 [12 0B 1E 26 BD 02 01 00 18 03 01 52]
49150,1.78931E+12,9/13/2026 21:16,SomniGuard,71.1,SpO2:97.6% BPM:71 [13 0B 1E 26 C7 02 01 00 18 03 01 52]
49151,1.78931E+12,9/13/2026 21:16,SomniGuard,70.1,SpO2:97.6% BPM:70 [14 0B 1E 26 BD 02 01 00 18 03 01 52]
49152,1.78931E+12,9/13/2026 21:16,SomniGuard,71.1,SpO2:97.6% BPM:71 [15 0B 1E 26 C7 02 01 00 18 03 01 52]
49153,1.78931E+12,9/13/2026 21:16,SomniGuard,70.1,SpO2:97.6% BPM:70 [16 0B 1E 26 BD 02 01 00 18 03 01 52]
49154,1.78931E+12,9/13/2026 21:16,SomniGuard,71.1,SpO2:97.6% BPM:71 [17 0B 1E 26 C7 02 01 00 18 03 01 52]
49155,1.78931E+12,9/13/2026 21:16,SomniGuard,70.1,SpO2:97.6% BPM:70 [18 0B 1E 26 BD 02 01 00 18 03 01 52]
49156,1.78931E+12,9/13/2026 21:17,SomniGuard,71.1,SpO2:97.6% BPM:71 [19 0B 1E 26 C7 02 01 00 18 03 01 52]
49157,1.78931E+12,9/13/2026 21:17,SomniGuard,70.1,SpO2:97.6% BPM:70 [1A 0B 1E 26 BD 02 01 00 18 03 01 52]
49158,1.78931E+12,9/13/2026 21:17,SomniGuard,71.1,SpO2:97.6% BPM:71 [1B 0B 1E 26 C7 02 01 00 18 03 01 52]
49159,1.78931E+12,9/13/2026 21:17,SomniGuard,70.1,SpO2:97.6% BPM:70 [1C 0B 1E 26 BD 02 01 00 18 03 01 52]
49160,1.78931E+12,9/13/2026 21:17,SomniGuard,71.1,SpO2:97.6% BPM:71 [1D 0B 1E 26 C7 02 01 00 18 03 01 52]
49161,1.78931E+12,9/13/2026 21:17,SomniGuard,70.1,SpO2:97.6% BPM:70 [1E 0B 1E 26 BD 02 01 00 18 03 01 52]
49162,1.78931E+12,9/13/2026 21:17,SomniGuard,71.1,SpO2:97.6% BPM:71 [1F 0B 1E 26 C7 02 01 00 18 03 01 52]
49163,1.78931E+12,9/13/2026 21:17,SomniGuard,70.1,SpO2:97.6% BPM:70 [20 0B 1E 26 BD 02 01 00 18 03 01 52]
49164,1.78931E+12,9/13/2026 21:17,SomniGuard,71.1,SpO2:97.6% BPM:71 [21 0B 1E 26 C7 02 01 00 18 03 01 52]
49165,1.78931E+12,9/13/2026 21:17,SomniGuard,70.1,SpO2:97.6% BPM:70 [22 0B 1E 26 BD 02 01 00 18 03 01 52]
49166,1.78931E+12,9/13/2026 21:17,SomniGuard,71.1,SpO2:97.6% BPM:71 [23 0B 1E 26 C7 02 01 00 18 03 01 52]
49167,1.78931E+12,9/13/2026 21:17,SomniGuard,70.1,SpO2:97.6% BPM:70 [24 0B 1E 26 BD 02 01 00 18 03 01 52]
49168,1.78931E+12,9/13/2026 21:17,SomniGuard,71.1,SpO2:97.6% BPM:71 [25 0B 1E 26 C7 02 01 00 18 03 01 52]
49169,1.78931E+12,9/13/2026 21:17,SomniGuard,70.1,SpO2:97.6% BPM:70 [26 0B 1E 26 BD 02 01 00 18 03 01 52]
49170,1.78931E+12,9/13/2026 21:17,SomniGuard,71.1,SpO2:97.6% BPM:71 [27 0B 1E 26 C7 02 01 00 18 03 01 52]
49171,1.78931E+12,9/13/2026 21:17,SomniGuard,70.1,SpO2:97.6% BPM:70 [28 0B 1E 26 BD 02 01 00 18 03 01 52]
49172,1.78931E+12,9/13/2026 21:17,SomniGuard,71.1,SpO2:97.6% BPM:71 [29 0B 1E 26 C7 02 01 00 18 03 01 52]
49173,1.78931E+12,9/13/2026 21:17,SomniGuard,70.1,SpO2:97.6% BPM:70 [2A 0B 1E 26 BD 02 01 00 18 03 01 52]
49174,1.78931E+12,9/13/2026 21:17,SomniGuard,71.1,SpO2:97.6% BPM:71 [2B 0B 1E 26 C7 02 01 00 18 03 01 52]
49175,1.78931E+12,9/13/2026 21:17,SomniGuard,70.1,SpO2:97.6% BPM:70 [2C 0B 1E 26 BD 02 01 00 18 03 01 52]
49176,1.78931E+12,9/13/2026 21:17,SomniGuard,71.1,SpO2:97.6% BPM:71 [2D 0B 1E 26 C7 02 01 00 18 03 01 52]
49177,1.78931E+12,9/13/2026 21:17,SomniGuard,70.1,SpO2:97.6% BPM:70 [2E 0B 1E 26 BD 02 01 00 18 03 01 52]
49178,1.78931E+12,9/13/2026 21:17,SomniGuard,71.1,SpO2:97.6% BPM:71 [2F 0B 1E 26 C7 02 01 00 18 03 01 52]
49179,1.78931E+12,9/13/2026 21:17,SomniGuard,70.1,SpO2:97.6% BPM:70 [30 0B 1E 26 BD 02 01 00 18 03 01 52]
49180,1.78931E+12,9/13/2026 21:17,SomniGuard,71.1,SpO2:97.6% BPM:71 [31 0B 1E 26 C7 02 01 00 18 03 01 52]
49181,1.78931E+12,9/13/2026 21:17,SomniGuard,70.1,SpO2:97.6% BPM:70 [32 0B 1E 26 BD 02 01 00 18 03 01 52]
49182,1.78931E+12,9/13/2026 21:17,SomniGuard,71.1,SpO2:97.6% BPM:71 [33 0B 1E 26 C7 02 01 00 18 03 01 52]
49183,1.78931E+12,9/13/2026 21:17,SomniGuard,70.1,SpO2:97.6% BPM:70 [34 0B 1E 26 BD 02 01 00 18 03 01 52]
49184,1.78931E+12,9/13/2026 21:17,SomniGuard,71.1,SpO2:97.6% BPM:71 [35 0B 1E 26 C7 02 01 00 18 03 01 52]
49185,1.78931E+12,9/13/2026 21:17,SomniGuard,70.1,SpO2:97.6% BPM:70 [36 0B 1E 26 BD 02 01 00 18 03 01 52]
49186,1.78931E+12,9/13/2026 21:17,SomniGuard,71.1,SpO2:97.6% BPM:71 [37 0B 1E 26 C7 02 01 00 18 03 01 52]
49187,1.78931E+12,9/13/2026 21:17,SomniGuard,70.1,SpO2:97.6% BPM:70 [38 0B 1E 26 BD 02 01 00 18 03 01 52]
49188,1.78931E+12,9/13/2026 21:17,SomniGuard,71.1,SpO2:97.6% BPM:71 [39 0B 1E 26 C7 02 01 00 18 03 01 52]
49189,1.78931E+12,9/13/2026 21:17,SomniGuard,70.1,SpO2:97.6% BPM:70 [3A 0B 1E 26 BD 02 01 00 18 03 01 52]
49190,1.78931E+12,9/13/2026 21:17,SomniGuard,71.1,SpO2:97.6% BPM:71 [3B 0B 1E 26 C7 02 01 00 18 03 01 52]
49191,1.78931E+12,9/13/2026 21:17,SomniGuard,70.1,SpO2:97.6% BPM:70 [3C 0B 1E 26 BD 02 01 00 18 03 01 52]
49192,1.78931E+12,9/13/2026 21:17,SomniGuard,71.1,SpO2:97.6% BPM:71 [3D 0B 1E 26 C7 02 01 00 18 03 01 52]
49193,1.78931E+12,9/13/2026 21:17,SomniGuard,70.1,SpO2:97.6% BPM:70 [3E 0B 1E 26 BD 02 01 00 18 03 01 52]
49194,1.78931E+12,9/13/2026 21:17,SomniGuard,71.1,SpO2:97.6% BPM:71 [3F 0B 1E 26 C7 02 01 00 18 03 01 52]
49195,1.78931E+12,9/13/2026 21:17,SomniGuard,70.1,SpO2:97.6% BPM:70 [40 0B 1E 26 BD 02 01 00 18 03 01 52]
49196,1.78931E+12,9/13/2026 21:17,SomniGuard,71.1,SpO2:97.6% BPM:71 [41 0B 1E 26 C7 02 01 00 18 03 01 52]
49197,1.78931E+12,9/13/2026 21:17,SomniGuard,70.1,SpO2:97.6% BPM:70 [42 0B 1E 26 BD 02 01 00 18 03 01 52]
49198,1.78931E+12,9/13/2026 21:17,SomniGuard,71.1,SpO2:97.6% BPM:71 [43 0B 1E 26 C7 02 01 00 18 03 01 52]
49199,1.78931E+12,9/13/2026 21:17,SomniGuard,70.1,SpO2:97.6% BPM:70 [44 0B 1E 26 BD 02 01 00 18 03 01 52]
49200,1.78931E+12,9/13/2026 21:17,SomniGuard,71.1,SpO2:97.6% BPM:71 [45 0B 1E 26 C7 02 01 00 18 03 01 52]
49201,1.78931E+12,9/13/2026 21:17,SomniGuard,70.1,SpO2:97.6% BPM:70 [46 0B 1E 26 BD 02 01 00 18 03 01 52]
49202,1.78931E+12,9/13/2026 21:17,SomniGuard,71.1,SpO2:97.6% BPM:71 [47 0B 1E 26 C7 02 01 00 18 03 01 52]
49203,1.78931E+12,9/13/2026 21:17,SomniGuard,70.1,SpO2:97.6% BPM:70 [48 0B 1E 26 BD 02 01 00 18 03 01 52]
49204,1.78931E+12,9/13/2026 21:17,SomniGuard,71.1,SpO2:97.6% BPM:71 [49 0B 1E 26 C7 02 01 00 18 03 01 52]
49205,1.78931E+12,9/13/2026 21:17,SomniGuard,70.1,SpO2:97.6% BPM:70 [4A 0B 1E 26 BD 02 01 00 18 03 01 52]
49206,1.78931E+12,9/13/2026 21:17,SomniGuard,71.1,SpO2:97.6% BPM:71 [4B 0B 1E 26 C7 02 01 00 18 03 01 52]
49207,1.78931E+12,9/13/2026 21:17,SomniGuard,70.1,SpO2:97.6% BPM:70 [4C 0B 1E 26 BD 02 01 00 18 03 01 52]
49208,1.78931E+12,9/13/2026 21:17,SomniGuard,71.1,SpO2:97.6% BPM:71 [4D 0B 1E 26 C7 02 01 00 18 03 01 52]
49209,1.78931E+12,9/13/2026 21:17,SomniGuard,70.1,SpO2:97.6% BPM:70 [4E 0B 1E 26 BD 02 01 00 18 03 01 52]
49210,1.78931E+12,9/13/2026 21:17,SomniGuard,71.1,SpO2:97.6% BPM:71 [4F 0B 1E 26 C7 02 01 00 18 03 01 52]
49211,1.78931E+12,9/13/2026 21:17,SomniGuard,70.1,SpO2:97.6% BPM:70 [50 0B 1E 26 BD 02 01 00 18 03 01 52]
49212,1.78931E+12,9/13/2026 21:17,SomniGuard,71.1,SpO2:97.6% BPM:71 [51 0B 1E 26 C7 02 01 00 18 03 01 52]
49213,1.78931E+12,9/13/2026 21:17,SomniGuard,70.1,SpO2:97.6% BPM:70 [52 0B 1E 26 BD 02 01 00 18 03 01 52]
49214,1.78931E+12,9/13/2026 21:17,SomniGuard,71.1,SpO2:97.6% BPM:71 [53 0B 1E 26 C7 02 01 00 18 03 01 52]
49215,1.78931E+12,9/13/2026 21:17,SomniGuard,70.1,SpO2:97.6% BPM:70 [54 0B 1E 26 BD 02 01 00 18 03 01 52]
49216,1.78931E+12,9/13/2026 21:18,SomniGuard,71.1,SpO2:97.6% BPM:71 [55 0B 1E 26 C7 02 01 00 18 03 01 52]
49217,1.78931E+12,9/13/2026 21:18,SomniGuard,70.1,SpO2:97.6% BPM:70 [56 0B 1E 26 BD 02 01 00 18 03 01 52]
49218,1.78931E+12,9/13/2026 21:18,SomniGuard,71.1,SpO2:97.6% BPM:71 [57 0B 1E 26 C7 02 01 00 18 03 01 52]
49219,1.78931E+12,9/13/2026 21:18,SomniGuard,70.1,SpO2:97.6% BPM:70 [58 0B 1E 26 BD 02 01 00 18 03 01 52]
49220,1.78931E+12,9/13/2026 21:18,SomniGuard,71.1,SpO2:97.6% BPM:71 [59 0B 1E 26 C7 02 01 00 18 03 01 52]
49221,1.78931E+12,9/13/2026 21:18,SomniGuard,70.1,SpO2:97.6% BPM:70 [5A 0B 1E 26 BD 02 01 00 18 03 01 52]
49222,1.78931E+12,9/13/2026 21:18,SomniGuard,71.1,SpO2:97.6% BPM:71 [5B 0B 1E 26 C7 02 01 00 18 03 01 52]
49223,1.78931E+12,9/13/2026 21:18,SomniGuard,70.1,SpO2:97.6% BPM:70 [5C 0B 1E 26 BD 02 01 00 18 03 01 52]
49224,1.78931E+12,9/13/2026 21:18,SomniGuard,71.1,SpO2:97.6% BPM:71 [5D 0B 1E 26 C7 02 01 00 18 03 01 52]
49225,1.78931E+12,9/13/2026 21:18,SomniGuard,70.1,SpO2:97.6% BPM:70 [5E 0B 1E 26 BD 02 01 00 18 03 01 52]
49226,1.78931E+12,9/13/2026 21:18,SomniGuard,71.1,SpO2:97.6% BPM:71 [5F 0B 1E 26 C7 02 01 00 18 03 01 52]
49227,1.78931E+12,9/13/2026 21:18,SomniGuard,70.1,SpO2:97.6% BPM:70 [60 0B 1E 26 BD 02 01 00 18 03 01 52]
49228,1.78931E+12,9/13/2026 21:18,SomniGuard,71.1,SpO2:97.6% BPM:71 [61 0B 1E 26 C7 02 01 00 18 03 01 52]
49229,1.78931E+12,9/13/2026 21:18,SomniGuard,70.1,SpO2:97.6% BPM:70 [62 0B 1E 26 BD 02 01 00 18 03 01 52]
49230,1.78931E+12,9/13/2026 21:18,SomniGuard,71.1,SpO2:97.6% BPM:71 [63 0B 1E 26 C7 02 01 00 18 03 01 52]
49231,1.78931E+12,9/13/2026 21:18,SomniGuard,70.1,SpO2:97.6% BPM:70 [64 0B 1E 26 BD 02 01 00 18 03 01 52]
49232,1.78931E+12,9/13/2026 21:18,SomniGuard,71.1,SpO2:97.6% BPM:71 [65 0B 1E 26 C7 02 01 00 18 03 01 52]
49233,1.78931E+12,9/13/2026 21:18,SomniGuard,70.1,SpO2:97.6% BPM:70 [66 0B 1E 26 BD 02 01 00 18 03 01 52]
49234,1.78931E+12,9/13/2026 21:18,SomniGuard,71.1,SpO2:97.6% BPM:71 [67 0B 1E 26 C7 02 01 00 18 03 01 52]
49235,1.78931E+12,9/13/2026 21:18,SomniGuard,70.1,SpO2:97.6% BPM:70 [68 0B 1E 26 BD 02 01 00 18 03 01 52]
49236,1.78931E+12,9/13/2026 21:18,SomniGuard,71.1,SpO2:97.6% BPM:71 [69 0B 1E 26 C7 02 01 00 18 03 01 52]
49237,1.78931E+12,9/13/2026 21:18,SomniGuard,70.1,SpO2:97.6% BPM:70 [6A 0B 1E 26 BD 02 01 00 18 03 01 52]
49238,1.78931E+12,9/13/2026 21:18,SomniGuard,71.1,SpO2:97.6% BPM:71 [6B 0B 1E 26 C7 02 01 00 18 03 01 52]
49239,1.78931E+12,9/13/2026 21:18,SomniGuard,70.1,SpO2:97.6% BPM:70 [6C 0B 1E 26 BD 02 01 00 18 03 01 52]
49240,1.78931E+12,9/13/2026 21:18,SomniGuard,71.1,SpO2:97.6% BPM:71 [6D 0B 1E 26 C7 02 01 00 18 03 01 52]
49241,1.78931E+12,9/13/2026 21:18,SomniGuard,70.1,SpO2:97.6% BPM:70 [6E 0B 1E 26 BD 02 01 00 18 03 01 52]
49242,1.78931E+12,9/13/2026 21:18,SomniGuard,71.1,SpO2:97.6% BPM:71 [6F 0B 1E 26 C7 02 01 00 18 03 01 52]
49243,1.78931E+12,9/13/2026 21:18,SomniGuard,70.1,SpO2:97.6% BPM:70 [70 0B 1E 26 BD 02 01 00 18 03 01 52]
49244,1.78931E+12,9/13/2026 21:18,SomniGuard,71.1,SpO2:97.6% BPM:71 [71 0B 1E 26 C7 02 01 00 18 03 01 52]
49245,1.78931E+12,9/13/2026 21:18,SomniGuard,70.1,SpO2:97.6% BPM:70 [72 0B 1E 26 BD 02 01 00 18 03 01 52]
49246,1.78931E+12,9/13/2026 21:18,SomniGuard,71.1,SpO2:97.6% BPM:71 [73 0B 1E 26 C7 02 01 00 18 03 01 52]
49247,1.78931E+12,9/13/2026 21:18,SomniGuard,70.1,SpO2:97.6% BPM:70 [74 0B 1E 26 BD 02 01 00 18 03 01 52]
49248,1.78931E+12,9/13/2026 21:18,SomniGuard,71.1,SpO2:97.6% BPM:71 [75 0B 1E 26 C7 02 01 00 18 03 01 52]
49249,1.78931E+12,9/13/2026 21:18,SomniGuard,70.1,SpO2:97.6% BPM:70 [76 0B 1E 26 BD 02 01 00 18 03 01 52]
49250,1.78931E+12,9/13/2026 21:18,SomniGuard,71.1,SpO2:97.6% BPM:71 [77 0B 1E 26 C7 02 01 00 18 03 01 52]
49251,1.78931E+12,9/13/2026 21:18,SomniGuard,70.1,SpO2:97.6% BPM:70 [78 0B 1E 26 BD 02 01 00 18 03 01 52]
49252,1.78931E+12,9/13/2026 21:18,SomniGuard,71.1,SpO2:97.6% BPM:71 [79 0B 1E 26 C7 02 01 00 18 03 01 52]
49253,1.78931E+12,9/13/2026 21:18,SomniGuard,70.1,SpO2:97.6% BPM:70 [7A 0B 1E 26 BD 02 01 00 18 03 01 52]
49254,1.78931E+12,9/13/2026 21:18,SomniGuard,71.1,SpO2:97.6% BPM:71 [7B 0B 1E 26 C7 02 01 00 18 03 01 52]
49255,1.78931E+12,9/13/2026 21:18,SomniGuard,70.1,SpO2:97.6% BPM:70 [7C 0B 1E 26 BD 02 01 00 18 03 01 52]
49256,1.78931E+12,9/13/2026 21:18,SomniGuard,71.1,SpO2:97.6% BPM:71 [7D 0B 1E 26 C7 02 01 00 18 03 01 52]
49257,1.78931E+12,9/13/2026 21:18,SomniGuard,112.1,SpO2:89.7% BPM:112 [7E 0B 0C 23 61 04 01 00 18 04 01 52]
49258,1.78931E+12,9/13/2026 21:18,SomniGuard,112.9,SpO2:89.6% BPM:113 [7F 0B FC 22 69 04 01 00 18 04 01 52]
49259,1.78931E+12,9/13/2026 21:18,SomniGuard,113.7,SpO2:89.4% BPM:114 [80 0B ED 22 71 04 01 00 18 04 01 52]
49260,1.78931E+12,9/13/2026 21:18,SomniGuard,114.5,SpO2:89.3% BPM:115 [81 0B DD 22 79 04 01 00 18 04 01 52]
49261,1.78931E+12,9/13/2026 21:18,SomniGuard,115.3,SpO2:89.1% BPM:115 [82 0B CE 22 81 04 01 00 18 04 01 52]
49262,1.78931E+12,9/13/2026 21:18,SomniGuard,116.1,SpO2:88.9% BPM:116 [83 0B BE 22 89 04 01 00 18 04 01 52]
49263,1.78931E+12,9/13/2026 21:18,SomniGuard,116.9,SpO2:88.8% BPM:117 [84 0B AF 22 91 04 01 00 18 04 01 52]
49264,1.78931E+12,9/13/2026 21:18,SomniGuard,117.7,SpO2:88.6% BPM:118 [85 0B 9F 22 99 04 01 00 18 04 01 52]
49265,1.78931E+12,9/13/2026 21:18,SomniGuard,118.5,SpO2:88.5% BPM:119 [86 0B 90 22 A1 04 01 00 18 04 01 52]
49266,1.78931E+12,9/13/2026 21:18,SomniGuard,119.3,SpO2:88.3% BPM:119 [87 0B 80 22 A9 04 01 00 18 04 01 52]
49267,1.78931E+12,9/13/2026 21:18,SomniGuard,120.1,SpO2:88.2% BPM:120 [88 0B 71 22 B1 04 01 00 18 04 01 52]
49268,1.78931E+12,9/13/2026 21:18,SomniGuard,120.9,SpO2:88.0% BPM:121 [89 0B 61 22 B9 04 01 00 18 04 01 52]
49269,1.78931E+12,9/13/2026 21:18,SomniGuard,121.7,SpO2:87.9% BPM:122 [8A 0B 52 22 C1 04 01 00 18 04 01 52]
49270,1.78931E+12,9/13/2026 21:18,SomniGuard,122.5,SpO2:87.7% BPM:123 [8B 0B 42 22 C9 04 01 00 18 04 01 52]
49271,1.78931E+12,9/13/2026 21:18,SomniGuard,123.3,SpO2:87.6% BPM:123 [8C 0B 33 22 D1 04 01 00 18 04 01 52]
49272,1.78931E+12,9/13/2026 21:18,SomniGuard,124.1,SpO2:87.4% BPM:124 [8D 0B 23 22 D9 04 01 00 18 04 01 52]
49273,1.78931E+12,9/13/2026 21:18,SomniGuard,124.9,SpO2:87.2% BPM:125 [8E 0B 14 22 E1 04 01 00 18 04 01 52]
49274,1.78931E+12,9/13/2026 21:18,SomniGuard,125.7,SpO2:87.1% BPM:126 [8F 0B 04 22 E9 04 01 00 18 04 01 52]
49275,1.78931E+12,9/13/2026 21:19,SomniGuard,126.5,SpO2:86.9% BPM:127 [90 0B F5 21 F1 04 01 00 18 04 01 52]
49276,1.78931E+12,9/13/2026 21:19,SomniGuard,127.3,SpO2:86.8% BPM:127 [91 0B E5 21 F9 04 01 00 18 04 01 52]
49277,1.78931E+12,9/13/2026 21:19,SomniGuard,128.1,SpO2:86.6% BPM:128 [92 0B D6 21 01 05 01 00 18 04 01 52]
49278,1.78931E+12,9/13/2026 21:19,SomniGuard,128.9,SpO2:86.5% BPM:129 [93 0B C6 21 09 05 01 00 18 04 01 52]
49279,1.78931E+12,9/13/2026 21:19,SomniGuard,129.7,SpO2:86.3% BPM:130 [94 0B B7 21 11 05 01 00 18 04 01 52]
49280,1.78931E+12,9/13/2026 21:19,SomniGuard,130.5,SpO2:86.2% BPM:131 [95 0B A7 21 19 05 01 00 18 04 01 52]
49281,1.78931E+12,9/13/2026 21:19,SomniGuard,131.3,SpO2:86.0% BPM:131 [96 0B 98 21 21 05 01 00 18 04 01 52]
49282,1.78931E+12,9/13/2026 21:19,SomniGuard,132.1,SpO2:85.8% BPM:132 [97 0B 88 21 29 05 01 00 18 04 01 52]
49283,1.78931E+12,9/13/2026 21:19,SomniGuard,132.9,SpO2:85.7% BPM:133 [98 0B 79 21 31 05 01 00 18 04 01 52]
49284,1.78931E+12,9/13/2026 21:19,SomniGuard,133.7,SpO2:85.5% BPM:134 [99 0B 69 21 39 05 01 00 18 04 01 52]
49285,1.78931E+12,9/13/2026 21:19,SomniGuard,134.5,SpO2:85.4% BPM:135 [9A 0B 5A 21 41 05 01 00 18 04 01 52]
49286,1.78931E+12,9/13/2026 21:19,SomniGuard,135.3,SpO2:85.2% BPM:135 [9B 0B 4A 21 49 05 01 00 18 04 01 52]
49287,1.78931E+12,9/13/2026 21:19,SomniGuard,136.1,SpO2:85.1% BPM:136 [9C 0B 3B 21 51 05 01 00 18 04 01 52]
49288,1.78931E+12,9/13/2026 21:19,SomniGuard,136.9,SpO2:84.9% BPM:137 [9D 0B 2B 21 59 05 01 00 18 04 01 52]
49289,1.78931E+12,9/13/2026 21:19,SomniGuard,137.7,SpO2:84.8% BPM:138 [9E 0B 1C 21 61 05 01 00 18 04 01 52]
49290,1.78931E+12,9/13/2026 21:19,SomniGuard,138.5,SpO2:84.6% BPM:139 [9F 0B 0C 21 69 05 01 00 18 04 01 52]
49291,1.78931E+12,9/13/2026 21:19,SomniGuard,139.3,SpO2:84.4% BPM:139 [A0 0B FD 20 71 05 01 00 18 04 01 52]
49292,1.78931E+12,9/13/2026 21:19,SomniGuard,140.1,SpO2:84.3% BPM:140 [A1 0B ED 20 79 05 01 00 18 04 01 52]
49293,1.78931E+12,9/13/2026 21:19,SomniGuard,140.9,SpO2:84.1% BPM:141 [A2 0B DE 20 81 05 01 00 18 04 01 52]
49294,1.78931E+12,9/13/2026 21:19,SomniGuard,141.7,SpO2:84.0% BPM:142 [A3 0B CE 20 89 05 01 00 18 04 01 52]
49295,1.78931E+12,9/13/2026 21:19,SomniGuard,142.5,SpO2:83.8% BPM:143 [A4 0B BF 20 91 05 01 00 18 04 01 52]
49296,1.78931E+12,9/13/2026 21:19,SomniGuard,143.3,SpO2:83.7% BPM:143 [A5 0B AF 20 99 05 01 00 18 04 01 52]
49297,1.78931E+12,9/13/2026 21:19,SomniGuard,144.1,SpO2:83.5% BPM:144 [A6 0B A0 20 A1 05 01 00 18 04 01 52]
49298,1.78931E+12,9/13/2026 21:19,SomniGuard,144.9,SpO2:83.4% BPM:145 [A7 0B 90 20 A9 05 01 00 18 04 01 52]
49299,1.78931E+12,9/13/2026 21:19,SomniGuard,145.7,SpO2:83.2% BPM:146 [A8 0B 81 20 B1 05 01 00 18 04 01 52]
49300,1.78931E+12,9/13/2026 21:19,SomniGuard,146.5,SpO2:83.1% BPM:147 [A9 0B 71 20 B9 05 01 00 18 04 01 52]
49301,1.78931E+12,9/13/2026 21:19,SomniGuard,147.3,SpO2:82.9% BPM:147 [AA 0B 62 20 C1 05 01 00 18 04 01 52]
49302,1.78931E+12,9/13/2026 21:19,SomniGuard,148.1,SpO2:82.7% BPM:148 [AB 0B 52 20 C9 05 01 00 18 04 01 52]
49303,1.78931E+12,9/13/2026 21:19,SomniGuard,0,SOS [53 4F 53]
49304,1.78931E+12,9/13/2026 21:19,SomniGuard,0,SOS [01 11 0B 00 00 00 00 00]
49305,1.78931E+12,9/13/2026 21:19,SomniGuard,148.9,SpO2:82.6% BPM:149 [AC 0B 43 20 D1 05 01 00 18 04 01 52]
49306,1.78931E+12,9/13/2026 21:19,SomniGuard,149.7,SpO2:82.4% BPM:150 [AD 0B 33 20 D9 05 01 00 18 04 01 52]
49307,1.78931E+12,9/13/2026 21:19,SomniGuard,150.5,SpO2:82.3% BPM:151 [AE 0B 24 20 E1 05 01 00 18 04 01 52]
49308,1.78931E+12,9/13/2026 21:19,SomniGuard,151.3,SpO2:82.1% BPM:151 [AF 0B 14 20 E9 05 01 00 18 04 01 52]
49309,1.78931E+12,9/13/2026 21:19,SomniGuard,70.1,SpO2:97.6% BPM:70 [B0 0B 1E 26 BD 02 01 00 18 04 01 52]
49310,1.78931E+12,9/13/2026 21:19,SomniGuard,71.1,SpO2:97.6% BPM:71 [B1 0B 1E 26 C7 02 01 00 18 04 01 52]
49311,1.78931E+12,9/13/2026 21:19,SomniGuard,70.1,SpO2:97.6% BPM:70 [B2 0B 1E 26 BD 02 01 00 18 04 01 52]
49312,1.78931E+12,9/13/2026 21:19,SomniGuard,71.1,SpO2:97.6% BPM:71 [B3 0B 1E 26 C7 02 01 00 18 04 01 52]
49313,1.78931E+12,9/13/2026 21:19,SomniGuard,70.1,SpO2:97.6% BPM:70 [B4 0B 1E 26 BD 02 01 00 18 04 01 52]
49314,1.78931E+12,9/13/2026 21:19,SomniGuard,71.1,SpO2:97.6% BPM:71 [B5 0B 1E 26 C7 02 01 00 18 04 01 52]
49315,1.78931E+12,9/13/2026 21:19,SomniGuard,0,SOS [53 4F 53]
49316,1.78931E+12,9/13/2026 21:19,SomniGuard,0,SOS [01 11 0C 00 00 00 00 00]
49317,1.78931E+12,9/13/2026 21:19,SomniGuard,70.1,SpO2:97.6% BPM:70 [B6 0B 1E 26 BD 02 01 00 18 04 01 52]
49318,1.78931E+12,9/13/2026 21:19,SomniGuard,71.1,SpO2:97.6% BPM:71 [B7 0B 1E 26 C7 02 01 00 18 04 01 52]
49319,1.78931E+12,9/13/2026 21:19,SomniGuard,70.1,SpO2:97.6% BPM:70 [B8 0B 1E 26 BD 02 01 00 18 04 01 52]
49320,1.78931E+12,9/13/2026 21:19,SomniGuard,71.1,SpO2:97.6% BPM:71 [B9 0B 1E 26 C7 02 01 00 18 04 01 52]
49321,1.78931E+12,9/13/2026 21:19,SomniGuard,70.1,SpO2:97.6% BPM:70 [BA 0B 1E 26 BD 02 01 00 18 04 01 52]
49322,1.78931E+12,9/13/2026 21:19,SomniGuard,71.1,SpO2:97.6% BPM:71 [BB 0B 1E 26 C7 02 01 00 18 04 01 52]
49323,1.78931E+12,9/13/2026 21:19,SomniGuard,70.1,SpO2:97.6% BPM:70 [BC 0B 1E 26 BD 02 01 00 18 04 01 52]
49324,1.78931E+12,9/13/2026 21:19,SomniGuard,71.1,SpO2:97.6% BPM:71 [BD 0B 1E 26 C7 02 01 00 18 04 01 52]
49325,1.78931E+12,9/13/2026 21:19,SomniGuard,70.1,SpO2:97.6% BPM:70 [BE 0B 1E 26 BD 02 01 00 18 04 01 52]
49326,1.78931E+12,9/13/2026 21:19,SomniGuard,71.1,SpO2:97.6% BPM:71 [BF 0B 1E 26 C7 02 01 00 18 04 01 52]
49327,1.78931E+12,9/13/2026 21:19,SomniGuard,70.6,SpO2:97.8% BPM:71 [C0 0B 37 26 C2 02 01 00 18 04 01 52]
49328,1.78931E+12,9/13/2026 21:19,SomniGuard,71.1,SpO2:97.6% BPM:71 [C1 0B 1E 26 C7 02 01 00 18 04 01 52]
49329,1.78931E+12,9/13/2026 21:19,SomniGuard,70.1,SpO2:97.6% BPM:70 [C2 0B 1E 26 BD 02 01 00 18 04 01 52]
49330,1.78931E+12,9/13/2026 21:19,SomniGuard,71.1,SpO2:97.6% BPM:71 [C3 0B 1E 26 C7 02 01 00 18 04 01 52]
49331,1.78931E+12,9/13/2026 21:19,SomniGuard,70.6,SpO2:97.8% BPM:71 [C4 0B 37 26 C2 02 01 00 18 03 00 52]
49332,1.78931E+12,9/13/2026 21:19,SomniGuard,71.6,SpO2:97.8% BPM:72 [C5 0B 37 26 CC 02 01 00 18 03 00 52]
49333,1.78931E+12,9/13/2026 21:19,SomniGuard,70.6,SpO2:97.8% BPM:71 [C6 0B 37 26 C2 02 01 00 18 03 00 52]
49334,1.78931E+12,9/13/2026 21:19,SomniGuard,71.6,SpO2:97.8% BPM:72 [C7 0B 37 26 CC 02 01 00 18 03 00 52]
49335,1.78931E+12,9/13/2026 21:19,SomniGuard,70.6,SpO2:97.8% BPM:71 [C8 0B 37 26 C2 02 01 00 18 03 00 52]
49336,1.78931E+12,9/13/2026 21:19,SomniGuard,71.6,SpO2:97.8% BPM:72 [C9 0B 37 26 CC 02 01 00 18 03 00 52]
49337,1.78931E+12,9/13/2026 21:19,SomniGuard,70.6,SpO2:97.8% BPM:71 [CA 0B 37 26 C2 02 01 00 18 03 00 52]
49338,1.78931E+12,9/13/2026 21:19,SomniGuard,71.6,SpO2:97.8% BPM:72 [CB 0B 37 26 CC 02 01 00 18 03 00 52]
49339,1.78931E+12,9/13/2026 21:20,SomniGuard,70.6,SpO2:97.8% BPM:71 [CC 0B 37 26 C2 02 01 00 18 03 00 52]
49340,1.78931E+12,9/13/2026 21:20,SomniGuard,71.6,SpO2:97.8% BPM:72 [CD 0B 37 26 CC 02 01 00 18 03 00 52]
49341,1.78931E+12,9/13/2026 21:20,SomniGuard,70.6,SpO2:97.8% BPM:71 [CE 0B 37 26 C2 02 01 00 18 03 00 52]
49342,1.78931E+12,9/13/2026 21:20,SomniGuard,71.6,SpO2:97.8% BPM:72 [CF 0B 37 26 CC 02 01 00 18 03 00 52]
49343,1.78931E+12,9/13/2026 21:20,SomniGuard,70.6,SpO2:97.8% BPM:71 [D0 0B 37 26 C2 02 01 00 18 03 00 52]
49344,1.78931E+12,9/13/2026 21:20,SomniGuard,71.6,SpO2:97.8% BPM:72 [D1 0B 37 26 CC 02 01 00 18 03 00 52]
49345,1.78931E+12,9/13/2026 21:20,SomniGuard,70.6,SpO2:97.8% BPM:71 [D2 0B 37 26 C2 02 01 00 18 03 00 52]
49346,1.78931E+12,9/13/2026 21:20,SomniGuard,71.6,SpO2:97.8% BPM:72 [D3 0B 37 26 CC 02 01 00 18 03 00 52]
49347,1.78931E+12,9/13/2026 21:20,SomniGuard,70.6,SpO2:97.8% BPM:71 [D4 0B 37 26 C2 02 01 00 18 03 00 52]
49348,1.78931E+12,9/13/2026 21:20,SomniGuard,71.6,SpO2:97.8% BPM:72 [D5 0B 37 26 CC 02 01 00 18 03 00 52]
49349,1.78931E+12,9/13/2026 21:20,SomniGuard,70.6,SpO2:97.8% BPM:71 [D6 0B 37 26 C2 02 01 00 18 03 00 52]
49350,1.78931E+12,9/13/2026 21:20,SomniGuard,71.6,SpO2:97.8% BPM:72 [D7 0B 37 26 CC 02 01 00 18 03 00 52]
49351,1.78931E+12,9/13/2026 21:20,SomniGuard,70.6,SpO2:97.8% BPM:71 [D8 0B 37 26 C2 02 01 00 18 03 00 52]
49352,1.78931E+12,9/13/2026 21:20,SomniGuard,71.6,SpO2:97.8% BPM:72 [D9 0B 37 26 CC 02 01 00 18 03 00 52]
49353,1.78931E+12,9/13/2026 21:20,SomniGuard,70.6,SpO2:97.8% BPM:71 [DA 0B 37 26 C2 02 01 00 18 03 00 52]
49354,1.78931E+12,9/13/2026 21:20,SomniGuard,71.6,SpO2:97.8% BPM:72 [DB 0B 37 26 CC 02 01 00 18 03 00 52]
49355,1.78931E+12,9/13/2026 21:20,SomniGuard,70.6,SpO2:97.8% BPM:71 [DC 0B 37 26 C2 02 01 00 18 03 00 52]
49356,1.78931E+12,9/13/2026 21:20,SomniGuard,71.6,SpO2:97.8% BPM:72 [DD 0B 37 26 CC 02 01 00 18 03 00 52]
49357,1.78931E+12,9/13/2026 21:20,SomniGuard,70.6,SpO2:97.8% BPM:71 [DE 0B 37 26 C2 02 01 00 18 03 00 52]
49358,1.78931E+12,9/13/2026 21:20,SomniGuard,71.6,SpO2:97.8% BPM:72 [DF 0B 37 26 CC 02 01 00 18 03 00 52]
49359,1.78931E+12,9/13/2026 21:20,SomniGuard,70.6,SpO2:97.8% BPM:71 [E0 0B 37 26 C2 02 01 00 18 03 00 52]
49360,1.78931E+12,9/13/2026 21:20,SomniGuard,71.6,SpO2:97.8% BPM:72 [E1 0B 37 26 CC 02 01 00 18 03 00 52]
49361,1.78931E+12,9/13/2026 21:20,SomniGuard,70.6,SpO2:97.8% BPM:71 [E2 0B 37 26 C2 02 01 00 18 03 01 52]
49362,1.78931E+12,9/13/2026 21:20,SomniGuard,71.6,SpO2:97.8% BPM:72 [E3 0B 37 26 CC 02 01 00 18 03 01 52]
49363,1.78931E+12,9/13/2026 21:20,SomniGuard,70.6,SpO2:97.8% BPM:71 [E4 0B 37 26 C2 02 01 00 18 03 01 52]
49364,1.78931E+12,9/13/2026 21:20,SomniGuard,71.6,SpO2:97.8% BPM:72 [E5 0B 37 26 CC 02 01 00 18 03 01 52]
49365,1.78931E+12,9/13/2026 21:20,SomniGuard,70.6,SpO2:97.8% BPM:71 [E6 0B 37 26 C2 02 01 00 18 03 01 52]
49366,1.78931E+12,9/13/2026 21:20,SomniGuard,71.6,SpO2:97.8% BPM:72 [E7 0B 37 26 CC 02 01 00 18 03 01 52]
49367,1.78931E+12,9/13/2026 21:20,SomniGuard,70.6,SpO2:97.8% BPM:71 [E8 0B 37 26 C2 02 01 00 18 03 01 52]
49368,1.78931E+12,9/13/2026 21:20,SomniGuard,71.6,SpO2:97.8% BPM:72 [E9 0B 37 26 CC 02 01 00 18 03 01 52]
49369,1.78931E+12,9/13/2026 21:20,SomniGuard,70.6,SpO2:97.8% BPM:71 [EA 0B 37 26 C2 02 01 00 18 03 01 52]
49370,1.78931E+12,9/13/2026 21:20,SomniGuard,71.6,SpO2:97.8% BPM:72 [EB 0B 37 26 CC 02 01 00 18 03 01 52]
49371,1.78931E+12,9/13/2026 21:20,SomniGuard,70.6,SpO2:97.8% BPM:71 [EC 0B 37 26 C2 02 01 00 18 03 01 52]
49372,1.78931E+12,9/13/2026 21:20,SomniGuard,71.6,SpO2:97.8% BPM:72 [ED 0B 37 26 CC 02 01 00 18 03 01 52]
49373,1.78931E+12,9/13/2026 21:20,SomniGuard,70.6,SpO2:97.8% BPM:71 [EE 0B 37 26 C2 02 01 00 18 03 01 52]
49374,1.78931E+12,9/13/2026 21:20,SomniGuard,71.6,SpO2:97.8% BPM:72 [EF 0B 37 26 CC 02 01 00 18 03 01 52]
49375,1.78931E+12,9/13/2026 21:20,SomniGuard,70.6,SpO2:97.8% BPM:71 [F0 0B 37 26 C2 02 01 00 18 03 01 52]
49376,1.78931E+12,9/13/2026 21:20,SomniGuard,71.6,SpO2:97.8% BPM:72 [F1 0B 37 26 CC 02 01 00 18 03 01 52]
49377,1.78931E+12,9/13/2026 21:20,SomniGuard,70.6,SpO2:97.8% BPM:71 [F2 0B 37 26 C2 02 01 00 18 03 01 52]
49378,1.78931E+12,9/13/2026 21:20,SomniGuard,71.6,SpO2:97.8% BPM:72 [F3 0B 37 26 CC 02 01 00 18 03 01 52]
49379,1.78931E+12,9/13/2026 21:20,SomniGuard,70.6,SpO2:97.8% BPM:71 [F4 0B 37 26 C2 02 01 00 18 03 01 52]
49380,1.78931E+12,9/13/2026 21:20,SomniGuard,71.6,SpO2:97.8% BPM:72 [F5 0B 37 26 CC 02 01 00 18 03 01 52]
49381,1.78931E+12,9/13/2026 21:20,SomniGuard,70.6,SpO2:97.8% BPM:71 [F6 0B 37 26 C2 02 01 00 18 03 01 52]
49382,1.78931E+12,9/13/2026 21:20,SomniGuard,71.6,SpO2:97.8% BPM:72 [F7 0B 37 26 CC 02 01 00 18 03 01 52]
49383,1.78931E+12,9/13/2026 21:20,SomniGuard,70.6,SpO2:97.8% BPM:71 [F8 0B 37 26 C2 02 01 00 18 03 01 52]
49384,1.78931E+12,9/13/2026 21:20,SomniGuard,71.6,SpO2:97.8% BPM:72 [F9 0B 37 26 CC 02 01 00 18 03 01 52]
49385,1.78931E+12,9/13/2026 21:20,SomniGuard,70.6,SpO2:97.8% BPM:71 [FA 0B 37 26 C2 02 01 00 18 03 01 52]
49386,1.78931E+12,9/13/2026 21:20,SomniGuard,71.6,SpO2:97.8% BPM:72 [FB 0B 37 26 CC 02 01 00 18 03 01 52]
49387,1.78931E+12,9/13/2026 21:20,SomniGuard,70.6,SpO2:97.8% BPM:71 [FC 0B 37 26 C2 02 01 00 18 03 01 52]
49388,1.78931E+12,9/13/2026 21:20,SomniGuard,71.6,SpO2:97.8% BPM:72 [FD 0B 37 26 CC 02 01 00 18 03 01 52]
49389,1.78931E+12,9/13/2026 21:20,SomniGuard,70.6,SpO2:97.8% BPM:71 [FE 0B 37 26 C2 02 01 00 18 03 01 52]
49390,1.78931E+12,9/13/2026 21:20,SomniGuard,71.6,SpO2:97.8% BPM:72 [FF 0B 37 26 CC 02 01 00 18 03 01 52]
49391,1.78931E+12,9/13/2026 21:20,SomniGuard,70.6,SpO2:97.8% BPM:71 [00 0C 37 26 C2 02 01 00 18 03 01 52]
49392,1.78931E+12,9/13/2026 21:20,SomniGuard,71.6,SpO2:97.8% BPM:72 [01 0C 37 26 CC 02 01 00 18 03 01 52]
49393,1.78931E+12,9/13/2026 21:20,SomniGuard,70.6,SpO2:97.8% BPM:71 [02 0C 37 26 C2 02 01 00 18 03 01 52]
49394,1.78931E+12,9/13/2026 21:20,SomniGuard,71.6,SpO2:97.8% BPM:72 [03 0C 37 26 CC 02 01 00 18 03 01 52]
49395,1.78931E+12,9/13/2026 21:20,SomniGuard,70.6,SpO2:97.8% BPM:71 [04 0C 37 26 C2 02 01 00 18 03 01 52]
49396,1.78931E+12,9/13/2026 21:20,SomniGuard,71.6,SpO2:97.8% BPM:72 [05 0C 37 26 CC 02 01 00 18 03 01 52]
49397,1.78931E+12,9/13/2026 21:20,SomniGuard,70.6,SpO2:97.8% BPM:71 [06 0C 37 26 C2 02 01 00 18 03 01 52]
49398,1.78931E+12,9/13/2026 21:20,SomniGuard,71.6,SpO2:97.8% BPM:72 [07 0C 37 26 CC 02 01 00 18 03 01 52]
49399,1.78931E+12,9/13/2026 21:21,SomniGuard,70.6,SpO2:97.8% BPM:71 [08 0C 37 26 C2 02 01 00 18 03 01 52]
49400,1.78931E+12,9/13/2026 21:21,SomniGuard,71.6,SpO2:97.8% BPM:72 [09 0C 37 26 CC 02 01 00 18 03 01 52]
49401,1.78931E+12,9/13/2026 21:21,SomniGuard,70.6,SpO2:97.8% BPM:71 [0A 0C 37 26 C2 02 01 00 18 03 01 52]
49402,1.78931E+12,9/13/2026 21:21,SomniGuard,71.6,SpO2:97.8% BPM:72 [0B 0C 37 26 CC 02 01 00 18 03 01 52]
49403,1.78931E+12,9/13/2026 21:21,SomniGuard,70.6,SpO2:97.8% BPM:71 [0C 0C 37 26 C2 02 01 00 18 03 01 52]
49404,1.78931E+12,9/13/2026 21:21,SomniGuard,71.6,SpO2:97.8% BPM:72 [0D 0C 37 26 CC 02 01 00 18 03 01 52]
49405,1.78931E+12,9/13/2026 21:21,SomniGuard,70.6,SpO2:97.8% BPM:71 [0E 0C 37 26 C2 02 01 00 18 03 01 52]
49406,1.78931E+12,9/13/2026 21:21,SomniGuard,71.6,SpO2:97.8% BPM:72 [0F 0C 37 26 CC 02 01 00 18 03 01 52]
49407,1.78931E+12,9/13/2026 21:21,SomniGuard,70.6,SpO2:97.8% BPM:71 [10 0C 37 26 C2 02 01 00 18 03 01 52]
49408,1.78931E+12,9/13/2026 21:21,SomniGuard,71.6,SpO2:97.8% BPM:72 [11 0C 37 26 CC 02 01 00 18 03 01 52]
49409,1.78931E+12,9/13/2026 21:21,SomniGuard,70.6,SpO2:97.8% BPM:71 [12 0C 37 26 C2 02 01 00 18 03 01 52]
49410,1.78931E+12,9/13/2026 21:21,SomniGuard,71.6,SpO2:97.8% BPM:72 [13 0C 37 26 CC 02 01 00 18 03 01 52]
49411,1.78931E+12,9/13/2026 21:21,SomniGuard,70.6,SpO2:97.8% BPM:71 [14 0C 37 26 C2 02 01 00 18 03 01 52]
49412,1.78931E+12,9/13/2026 21:21,SomniGuard,71.6,SpO2:97.8% BPM:72 [15 0C 37 26 CC 02 01 00 18 03 01 52]
49413,1.78931E+12,9/13/2026 21:21,SomniGuard,70.6,SpO2:97.8% BPM:71 [16 0C 37 26 C2 02 01 00 18 03 01 52]
49414,1.78931E+12,9/13/2026 21:21,SomniGuard,71.6,SpO2:97.8% BPM:72 [17 0C 37 26 CC 02 01 00 18 03 01 52]
49415,1.78931E+12,9/13/2026 21:21,SomniGuard,70.6,SpO2:97.8% BPM:71 [18 0C 37 26 C2 02 01 00 18 03 01 52]
49416,1.78931E+12,9/13/2026 21:21,SomniGuard,71.6,SpO2:97.8% BPM:72 [19 0C 37 26 CC 02 01 00 18 03 01 52]
49417,1.78931E+12,9/13/2026 21:21,SomniGuard,70.6,SpO2:97.8% BPM:71 [1A 0C 37 26 C2 02 01 00 18 03 01 52]
49418,1.78931E+12,9/13/2026 21:21,SomniGuard,71.6,SpO2:97.8% BPM:72 [1B 0C 37 26 CC 02 01 00 18 03 01 52]
49419,1.78931E+12,9/13/2026 21:21,SomniGuard,70.6,SpO2:97.8% BPM:71 [1C 0C 37 26 C2 02 01 00 18 03 01 52]
49420,1.78931E+12,9/13/2026 21:21,SomniGuard,71.6,SpO2:97.8% BPM:72 [1D 0C 37 26 CC 02 01 00 18 03 01 52]
49421,1.78931E+12,9/13/2026 21:21,SomniGuard,70.6,SpO2:97.8% BPM:71 [1E 0C 37 26 C2 02 01 00 18 03 01 52]
49422,1.78931E+12,9/13/2026 21:21,SomniGuard,71.6,SpO2:97.8% BPM:72 [1F 0C 37 26 CC 02 01 00 18 03 01 52]
49423,1.78931E+12,9/13/2026 21:21,SomniGuard,70.6,SpO2:97.8% BPM:71 [20 0C 37 26 C2 02 01 00 18 03 01 52]
49424,1.78931E+12,9/13/2026 21:21,SomniGuard,71.6,SpO2:97.8% BPM:72 [21 0C 37 26 CC 02 01 00 18 03 01 52]
49425,1.78931E+12,9/13/2026 21:21,SomniGuard,70.6,SpO2:97.8% BPM:71 [22 0C 37 26 C2 02 01 00 18 03 01 52]
49426,1.78931E+12,9/13/2026 21:21,SomniGuard,71.6,SpO2:97.8% BPM:72 [23 0C 37 26 CC 02 01 00 18 03 01 52]
49427,1.78931E+12,9/13/2026 21:21,SomniGuard,70.6,SpO2:97.8% BPM:71 [24 0C 37 26 C2 02 01 00 18 03 01 52]
49428,1.78931E+12,9/13/2026 21:21,SomniGuard,71.6,SpO2:97.8% BPM:72 [25 0C 37 26 CC 02 01 00 18 03 01 52]
49429,1.78931E+12,9/13/2026 21:21,SomniGuard,70.6,SpO2:97.8% BPM:71 [26 0C 37 26 C2 02 01 00 18 03 01 52]
49430,1.78931E+12,9/13/2026 21:21,SomniGuard,71.6,SpO2:97.8% BPM:72 [27 0C 37 26 CC 02 01 00 18 03 01 52]
49431,1.78931E+12,9/13/2026 21:21,SomniGuard,70.6,SpO2:97.8% BPM:71 [28 0C 37 26 C2 02 01 00 18 03 01 52]
49432,1.78931E+12,9/13/2026 21:21,SomniGuard,71.6,SpO2:97.8% BPM:72 [29 0C 37 26 CC 02 01 00 18 03 01 52]
49433,1.78931E+12,9/13/2026 21:21,SomniGuard,70.6,SpO2:97.8% BPM:71 [2A 0C 37 26 C2 02 01 00 18 03 01 52]
49434,1.78931E+12,9/13/2026 21:21,SomniGuard,71.6,SpO2:97.8% BPM:72 [2B 0C 37 26 CC 02 01 00 18 03 01 52]
49435,1.78931E+12,9/13/2026 21:21,SomniGuard,70.6,SpO2:97.8% BPM:71 [2C 0C 37 26 C2 02 01 00 18 03 01 52]
49436,1.78931E+12,9/13/2026 21:21,SomniGuard,71.6,SpO2:97.8% BPM:72 [2D 0C 37 26 CC 02 01 00 18 03 01 52]
49437,1.78931E+12,9/13/2026 21:21,SomniGuard,70.6,SpO2:97.8% BPM:71 [2E 0C 37 26 C2 02 01 00 18 03 01 52]
49438,1.78931E+12,9/13/2026 21:21,SomniGuard,71.6,SpO2:97.8% BPM:72 [2F 0C 37 26 CC 02 01 00 18 03 01 52]
49439,1.78931E+12,9/13/2026 21:21,SomniGuard,70.6,SpO2:97.8% BPM:71 [30 0C 37 26 C2 02 01 00 18 03 01 52]
49440,1.78931E+12,9/13/2026 21:21,SomniGuard,71.6,SpO2:97.8% BPM:72 [31 0C 37 26 CC 02 01 00 18 03 01 52]
49441,1.78931E+12,9/13/2026 21:21,SomniGuard,70.6,SpO2:97.8% BPM:71 [32 0C 37 26 C2 02 01 00 18 03 01 52]
49442,1.78931E+12,9/13/2026 21:21,SomniGuard,71.6,SpO2:97.8% BPM:72 [33 0C 37 26 CC 02 01 00 18 03 01 52]
49443,1.78931E+12,9/13/2026 21:21,SomniGuard,70.6,SpO2:97.8% BPM:71 [34 0C 37 26 C2 02 01 00 18 03 01 52]
49444,1.78931E+12,9/13/2026 21:21,SomniGuard,71.6,SpO2:97.8% BPM:72 [35 0C 37 26 CC 02 01 00 18 03 01 52]
49445,1.78931E+12,9/13/2026 21:21,SomniGuard,70.6,SpO2:97.8% BPM:71 [36 0C 37 26 C2 02 01 00 18 03 01 52]
49446,1.78931E+12,9/13/2026 21:21,SomniGuard,71.6,SpO2:97.8% BPM:72 [37 0C 37 26 CC 02 01 00 18 03 01 52]
49447,1.78931E+12,9/13/2026 21:21,SomniGuard,70.6,SpO2:97.8% BPM:71 [38 0C 37 26 C2 02 01 00 18 03 01 52]
49448,1.78931E+12,9/13/2026 21:21,SomniGuard,71.6,SpO2:97.8% BPM:72 [39 0C 37 26 CC 02 01 00 18 03 01 52]
49449,1.78931E+12,9/13/2026 21:21,SomniGuard,70.6,SpO2:97.8% BPM:71 [3A 0C 37 26 C2 02 01 00 18 03 01 52]
49450,1.78931E+12,9/13/2026 21:21,SomniGuard,71.6,SpO2:97.8% BPM:72 [3B 0C 37 26 CC 02 01 00 18 03 01 52]
49451,1.78931E+12,9/13/2026 21:21,SomniGuard,70.6,SpO2:97.8% BPM:71 [3C 0C 37 26 C2 02 01 00 18 03 01 52]
49452,1.78931E+12,9/13/2026 21:21,SomniGuard,71.6,SpO2:97.8% BPM:72 [3D 0C 37 26 CC 02 01 00 18 03 01 52]
49453,1.78931E+12,9/13/2026 21:21,SomniGuard,70.6,SpO2:97.8% BPM:71 [3E 0C 37 26 C2 02 01 00 18 03 01 52]
49454,1.78931E+12,9/13/2026 21:21,SomniGuard,71.6,SpO2:97.8% BPM:72 [3F 0C 37 26 CC 02 01 00 18 03 01 52]
49455,1.78931E+12,9/13/2026 21:21,SomniGuard,70.6,SpO2:97.8% BPM:71 [40 0C 37 26 C2 02 01 00 18 03 01 52]
49456,1.78931E+12,9/13/2026 21:21,SomniGuard,71.6,SpO2:97.8% BPM:72 [41 0C 37 26 CC 02 01 00 18 03 01 52]
49457,1.78931E+12,9/13/2026 21:21,SomniGuard,70.6,SpO2:97.8% BPM:71 [42 0C 37 26 C2 02 01 00 18 03 01 52]
49458,1.78931E+12,9/13/2026 21:22,SomniGuard,71.6,SpO2:97.8% BPM:72 [43 0C 37 26 CC 02 01 00 18 03 01 52]
49459,1.78931E+12,9/13/2026 21:22,SomniGuard,70.6,SpO2:97.8% BPM:71 [44 0C 37 26 C2 02 01 00 18 03 01 52]
49460,1.78931E+12,9/13/2026 21:22,SomniGuard,71.6,SpO2:97.8% BPM:72 [45 0C 37 26 CC 02 01 00 18 03 01 52]
49461,1.78931E+12,9/13/2026 21:22,SomniGuard,70.6,SpO2:97.8% BPM:71 [46 0C 37 26 C2 02 01 00 18 03 01 52]
49462,1.78931E+12,9/13/2026 21:22,SomniGuard,71.6,SpO2:97.8% BPM:72 [47 0C 37 26 CC 02 01 00 18 03 01 52]
49463,1.78931E+12,9/13/2026 21:22,SomniGuard,70.6,SpO2:97.8% BPM:71 [48 0C 37 26 C2 02 01 00 18 03 01 52]
49464,1.78931E+12,9/13/2026 21:22,SomniGuard,71.6,SpO2:97.8% BPM:72 [49 0C 37 26 CC 02 01 00 18 03 01 52]
49465,1.78931E+12,9/13/2026 21:22,SomniGuard,70.6,SpO2:97.8% BPM:71 [4A 0C 37 26 C2 02 01 00 18 03 01 52]
49466,1.78931E+12,9/13/2026 21:22,SomniGuard,71.6,SpO2:97.8% BPM:72 [4B 0C 37 26 CC 02 01 00 18 03 01 52]
49467,1.78931E+12,9/13/2026 21:22,SomniGuard,70.6,SpO2:97.8% BPM:71 [4C 0C 37 26 C2 02 01 00 18 03 01 52]
49468,1.78931E+12,9/13/2026 21:22,SomniGuard,71.6,SpO2:97.8% BPM:72 [4D 0C 37 26 CC 02 01 00 18 03 01 52]
49469,1.78931E+12,9/13/2026 21:22,SomniGuard,70.6,SpO2:97.8% BPM:71 [4E 0C 37 26 C2 02 01 00 18 03 01 52]
49470,1.78931E+12,9/13/2026 21:22,SomniGuard,71.6,SpO2:97.8% BPM:72 [4F 0C 37 26 CC 02 01 00 18 03 01 52]
49471,1.78931E+12,9/13/2026 21:22,SomniGuard,70.6,SpO2:97.8% BPM:71 [50 0C 37 26 C2 02 01 00 18 03 01 52]
49472,1.78931E+12,9/13/2026 21:22,SomniGuard,71.6,SpO2:97.8% BPM:72 [51 0C 37 26 CC 02 01 00 18 03 01 52]
49473,1.78931E+12,9/13/2026 21:22,SomniGuard,70.6,SpO2:97.8% BPM:71 [52 0C 37 26 C2 02 01 00 18 03 01 52]
49474,1.78931E+12,9/13/2026 21:22,SomniGuard,71.6,SpO2:97.8% BPM:72 [53 0C 37 26 CC 02 01 00 18 03 01 52]
49475,1.78931E+12,9/13/2026 21:22,SomniGuard,70.6,SpO2:97.8% BPM:71 [54 0C 37 26 C2 02 01 00 18 03 01 52]
49476,1.78931E+12,9/13/2026 21:22,SomniGuard,71.6,SpO2:97.8% BPM:72 [55 0C 37 26 CC 02 01 00 18 03 01 52]
49477,1.78931E+12,9/13/2026 21:22,SomniGuard,70.6,SpO2:97.8% BPM:71 [56 0C 37 26 C2 02 01 00 18 03 01 52]
49478,1.78931E+12,9/13/2026 21:22,SomniGuard,71.6,SpO2:97.8% BPM:72 [57 0C 37 26 CC 02 01 00 18 03 01 52]
49479,1.78931E+12,9/13/2026 21:22,SomniGuard,70.6,SpO2:97.8% BPM:71 [58 0C 37 26 C2 02 01 00 18 03 01 52]
49480,1.78931E+12,9/13/2026 21:22,SomniGuard,71.6,SpO2:97.8% BPM:72 [59 0C 37 26 CC 02 01 00 18 03 01 52]
49481,1.78931E+12,9/13/2026 21:22,SomniGuard,70.6,SpO2:97.8% BPM:71 [5A 0C 37 26 C2 02 01 00 18 03 01 52]
49482,1.78931E+12,9/13/2026 21:22,SomniGuard,71.6,SpO2:97.8% BPM:72 [5B 0C 37 26 CC 02 01 00 18 03 01 52]
49483,1.78931E+12,9/13/2026 21:22,SomniGuard,70.6,SpO2:97.8% BPM:71 [5C 0C 37 26 C2 02 01 00 18 03 01 52]
49484,1.78931E+12,9/13/2026 21:22,SomniGuard,71.6,SpO2:97.8% BPM:72 [5D 0C 37 26 CC 02 01 00 18 03 01 52]
49485,1.78931E+12,9/13/2026 21:22,SomniGuard,70.6,SpO2:97.8% BPM:71 [5E 0C 37 26 C2 02 01 00 18 03 01 52]
49486,1.78931E+12,9/13/2026 21:22,SomniGuard,71.6,SpO2:97.8% BPM:72 [5F 0C 37 26 CC 02 01 00 18 03 01 52]
49487,1.78931E+12,9/13/2026 21:22,SomniGuard,70.6,SpO2:97.8% BPM:71 [60 0C 37 26 C2 02 01 00 18 03 01 52]
49488,1.78931E+12,9/13/2026 21:22,SomniGuard,71.6,SpO2:97.8% BPM:72 [61 0C 37 26 CC 02 01 00 18 03 01 52]
49489,1.78931E+12,9/13/2026 21:22,SomniGuard,70.6,SpO2:97.8% BPM:71 [62 0C 37 26 C2 02 01 00 18 03 01 52]
49490,1.78931E+12,9/13/2026 21:22,SomniGuard,71.6,SpO2:97.8% BPM:72 [63 0C 37 26 CC 02 01 00 18 03 01 52]
49491,1.78931E+12,9/13/2026 21:22,SomniGuard,70.6,SpO2:97.8% BPM:71 [64 0C 37 26 C2 02 01 00 18 03 01 52]
49492,1.78931E+12,9/13/2026 21:22,SomniGuard,71.6,SpO2:97.8% BPM:72 [65 0C 37 26 CC 02 01 00 18 03 01 52]
49493,1.78931E+12,9/13/2026 21:22,SomniGuard,70.6,SpO2:97.8% BPM:71 [66 0C 37 26 C2 02 01 00 18 03 01 52]
49494,1.78931E+12,9/13/2026 21:22,SomniGuard,71.6,SpO2:97.8% BPM:72 [67 0C 37 26 CC 02 01 00 18 03 01 52]
49495,1.78931E+12,9/13/2026 21:22,SomniGuard,70.6,SpO2:97.8% BPM:71 [68 0C 37 26 C2 02 01 00 18 03 01 52]
49496,1.78931E+12,9/13/2026 21:22,SomniGuard,71.6,SpO2:97.8% BPM:72 [69 0C 37 26 CC 02 01 00 18 03 01 52]
49497,1.78931E+12,9/13/2026 21:22,SomniGuard,70.6,SpO2:97.8% BPM:71 [6A 0C 37 26 C2 02 01 00 18 03 01 52]
49498,1.78931E+12,9/13/2026 21:22,SomniGuard,71.6,SpO2:97.8% BPM:72 [6B 0C 37 26 CC 02 01 00 18 03 01 52]
49499,1.78931E+12,9/13/2026 21:22,SomniGuard,70.6,SpO2:97.8% BPM:71 [6C 0C 37 26 C2 02 01 00 18 03 01 52]
49500,1.78931E+12,9/13/2026 21:22,SomniGuard,71.6,SpO2:97.8% BPM:72 [6D 0C 37 26 CC 02 01 00 18 03 01 52]
49501,1.78931E+12,9/13/2026 21:22,SomniGuard,70.6,SpO2:97.8% BPM:71 [6E 0C 37 26 C2 02 01 00 18 03 01 52]
49502,1.78931E+12,9/13/2026 21:22,SomniGuard,71.6,SpO2:97.8% BPM:72 [6F 0C 37 26 CC 02 01 00 18 03 01 52]
49503,1.78931E+12,9/13/2026 21:22,SomniGuard,70.6,SpO2:97.8% BPM:71 [70 0C 37 26 C2 02 01 00 18 03 01 52]
49504,1.78931E+12,9/13/2026 21:22,SomniGuard,71.6,SpO2:97.8% BPM:72 [71 0C 37 26 CC 02 01 00 18 03 01 52]
49505,1.78931E+12,9/13/2026 21:22,SomniGuard,70.6,SpO2:97.8% BPM:71 [72 0C 37 26 C2 02 01 00 18 03 01 52]
49506,1.78931E+12,9/13/2026 21:22,SomniGuard,71.6,SpO2:97.8% BPM:72 [73 0C 37 26 CC 02 01 00 18 03 01 52]
49507,1.78931E+12,9/13/2026 21:22,SomniGuard,70.6,SpO2:97.8% BPM:71 [74 0C 37 26 C2 02 01 00 18 03 01 52]
49508,1.78931E+12,9/13/2026 21:22,SomniGuard,71.6,SpO2:97.8% BPM:72 [75 0C 37 26 CC 02 01 00 18 03 01 52]
49509,1.78931E+12,9/13/2026 21:22,SomniGuard,70.6,SpO2:97.8% BPM:71 [76 0C 37 26 C2 02 01 00 18 03 01 52]
49510,1.78931E+12,9/13/2026 21:22,SomniGuard,71.6,SpO2:97.8% BPM:72 [77 0C 37 26 CC 02 01 00 18 03 01 52]
49511,1.78931E+12,9/13/2026 21:22,SomniGuard,70.6,SpO2:97.8% BPM:71 [78 0C 37 26 C2 02 01 00 18 03 01 52]
49512,1.78931E+12,9/13/2026 21:22,SomniGuard,71.6,SpO2:97.8% BPM:72 [79 0C 37 26 CC 02 01 00 18 03 01 52]
49513,1.78931E+12,9/13/2026 21:22,SomniGuard,71.1,SpO2:97.6% BPM:71 [7A 0C 1E 26 C7 02 01 00 18 03 01 52]
49514,1.78931E+12,9/13/2026 21:22,SomniGuard,70.1,SpO2:97.6% BPM:70 [7B 0C 1E 26 BD 02 01 00 18 03 01 52]
49515,1.78931E+12,9/13/2026 21:22,SomniGuard,71.1,SpO2:97.6% BPM:71 [7C 0C 1E 26 C7 02 01 00 18 03 01 52]
49516,1.78931E+12,9/13/2026 21:22,SomniGuard,71.6,SpO2:97.8% BPM:72 [7D 0C 37 26 CC 02 01 00 18 03 01 52]
49517,1.78931E+12,9/13/2026 21:22,SomniGuard,70.6,SpO2:97.8% BPM:71 [7E 0C 37 26 C2 02 01 00 18 03 01 52]
49518,1.78931E+12,9/13/2026 21:23,SomniGuard,70.1,SpO2:97.6% BPM:70 [7F 0C 1E 26 BD 02 01 00 18 03 01 52]
49519,1.78931E+12,9/13/2026 21:23,SomniGuard,71.1,SpO2:97.6% BPM:71 [80 0C 1E 26 C7 02 01 00 18 03 01 52]
49520,1.78931E+12,9/13/2026 21:23,SomniGuard,70.1,SpO2:97.6% BPM:70 [81 0C 1E 26 BD 02 01 00 18 03 01 52]
49521,1.78931E+12,9/13/2026 21:23,SomniGuard,71.1,SpO2:97.6% BPM:71 [82 0C 1E 26 C7 02 01 00 18 03 01 52]
49522,1.78931E+12,9/13/2026 21:23,SomniGuard,70.1,SpO2:97.6% BPM:70 [83 0C 1E 26 BD 02 01 00 18 03 01 52]
49523,1.78931E+12,9/13/2026 21:23,SomniGuard,71.1,SpO2:97.6% BPM:71 [84 0C 1E 26 C7 02 01 00 18 03 01 52]
49524,1.78931E+12,9/13/2026 21:23,SomniGuard,70.1,SpO2:97.6% BPM:70 [85 0C 1E 26 BD 02 01 00 18 03 01 52]
49525,1.78931E+12,9/13/2026 21:23,SomniGuard,71.1,SpO2:97.6% BPM:71 [86 0C 1E 26 C7 02 01 00 18 03 01 52]
49526,1.78931E+12,9/13/2026 21:23,SomniGuard,70.1,SpO2:97.6% BPM:70 [87 0C 1E 26 BD 02 01 00 18 03 01 52]
49527,1.78931E+12,9/13/2026 21:23,SomniGuard,71.1,SpO2:97.6% BPM:71 [88 0C 1E 26 C7 02 01 00 18 03 01 52]
49528,1.78931E+12,9/13/2026 21:23,SomniGuard,70.1,SpO2:97.6% BPM:70 [89 0C 1E 26 BD 02 01 00 18 03 01 52]
49529,1.78931E+12,9/13/2026 21:23,SomniGuard,71.1,SpO2:97.6% BPM:71 [8A 0C 1E 26 C7 02 01 00 18 03 01 52]
49530,1.78931E+12,9/13/2026 21:23,SomniGuard,70.1,SpO2:97.6% BPM:70 [8B 0C 1E 26 BD 02 01 00 18 03 01 52]
49531,1.78931E+12,9/13/2026 21:23,SomniGuard,71.1,SpO2:97.6% BPM:71 [8C 0C 1E 26 C7 02 01 00 18 03 01 52]
49532,1.78931E+12,9/13/2026 21:23,SomniGuard,70.1,SpO2:97.6% BPM:70 [8D 0C 1E 26 BD 02 01 00 18 03 01 52]
49533,1.78931E+12,9/13/2026 21:23,SomniGuard,71.1,SpO2:97.6% BPM:71 [8E 0C 1E 26 C7 02 01 00 18 03 01 52]
49534,1.78931E+12,9/13/2026 21:23,SomniGuard,70.1,SpO2:97.6% BPM:70 [8F 0C 1E 26 BD 02 01 00 18 03 01 52]
49535,1.78931E+12,9/13/2026 21:23,SomniGuard,71.1,SpO2:97.6% BPM:71 [90 0C 1E 26 C7 02 01 00 18 03 01 52]
49536,1.78931E+12,9/13/2026 21:23,SomniGuard,70.1,SpO2:97.6% BPM:70 [91 0C 1E 26 BD 02 01 00 18 03 01 52]
49537,1.78931E+12,9/13/2026 21:23,SomniGuard,71.1,SpO2:97.6% BPM:71 [92 0C 1E 26 C7 02 01 00 18 03 01 52]
49538,1.78931E+12,9/13/2026 21:23,SomniGuard,70.1,SpO2:97.6% BPM:70 [93 0C 1E 26 BD 02 01 00 18 03 01 52]
49539,1.78931E+12,9/13/2026 21:23,SomniGuard,71.1,SpO2:97.6% BPM:71 [94 0C 1E 26 C7 02 01 00 18 03 01 52]
49540,1.78931E+12,9/13/2026 21:23,SomniGuard,70.1,SpO2:97.6% BPM:70 [95 0C 1E 26 BD 02 01 00 18 03 01 52]
49541,1.78931E+12,9/13/2026 21:23,SomniGuard,71.1,SpO2:97.6% BPM:71 [96 0C 1E 26 C7 02 01 00 18 03 01 52]
49542,1.78931E+12,9/13/2026 21:23,SomniGuard,70.1,SpO2:97.6% BPM:70 [97 0C 1E 26 BD 02 01 00 18 03 01 52]
49543,1.78931E+12,9/13/2026 21:23,SomniGuard,71.1,SpO2:97.6% BPM:71 [98 0C 1E 26 C7 02 01 00 18 03 01 52]
49544,1.78931E+12,9/13/2026 21:23,SomniGuard,70.1,SpO2:97.6% BPM:70 [99 0C 1E 26 BD 02 01 00 18 03 01 52]
49545,1.78931E+12,9/13/2026 21:23,SomniGuard,71.1,SpO2:97.6% BPM:71 [9A 0C 1E 26 C7 02 01 00 18 03 01 52]
49546,1.78931E+12,9/13/2026 21:23,SomniGuard,70.1,SpO2:97.6% BPM:70 [9B 0C 1E 26 BD 02 01 00 18 03 01 52]
49547,1.78931E+12,9/13/2026 21:23,SomniGuard,71.1,SpO2:97.6% BPM:71 [9C 0C 1E 26 C7 02 01 00 18 03 01 52]
49548,1.78931E+12,9/13/2026 21:23,SomniGuard,70.1,SpO2:97.6% BPM:70 [9D 0C 1E 26 BD 02 01 00 18 03 01 52]
49549,1.78931E+12,9/13/2026 21:23,SomniGuard,71.1,SpO2:97.6% BPM:71 [9E 0C 1E 26 C7 02 01 00 18 03 01 52]
49550,1.78931E+12,9/13/2026 21:23,SomniGuard,70.1,SpO2:97.6% BPM:70 [9F 0C 1E 26 BD 02 01 00 18 03 01 52]
49551,1.78931E+12,9/13/2026 21:23,SomniGuard,71.1,SpO2:97.6% BPM:71 [A0 0C 1E 26 C7 02 01 00 18 03 01 52]
49552,1.78931E+12,9/13/2026 21:23,SomniGuard,70.1,SpO2:97.6% BPM:70 [A1 0C 1E 26 BD 02 01 00 18 03 01 52]
49553,1.78931E+12,9/13/2026 21:23,SomniGuard,71.1,SpO2:97.6% BPM:71 [A2 0C 1E 26 C7 02 01 00 18 03 01 52]
49554,1.78931E+12,9/13/2026 21:23,SomniGuard,70.1,SpO2:97.6% BPM:70 [A3 0C 1E 26 BD 02 01 00 18 03 01 52]
49555,1.78931E+12,9/13/2026 21:23,SomniGuard,71.1,SpO2:97.6% BPM:71 [A4 0C 1E 26 C7 02 01 00 18 03 01 52]
49556,1.78931E+12,9/13/2026 21:23,SomniGuard,70.1,SpO2:97.6% BPM:70 [A5 0C 1E 26 BD 02 01 00 18 03 01 52]
49557,1.78931E+12,9/13/2026 21:23,SomniGuard,71.1,SpO2:97.6% BPM:71 [A6 0C 1E 26 C7 02 01 00 18 03 01 52]
49558,1.78931E+12,9/13/2026 21:23,SomniGuard,70.1,SpO2:97.6% BPM:70 [A7 0C 1E 26 BD 02 01 00 18 03 01 52]
49559,1.78931E+12,9/13/2026 21:23,SomniGuard,71.1,SpO2:97.6% BPM:71 [A8 0C 1E 26 C7 02 01 00 18 03 01 52]
49560,1.78931E+12,9/13/2026 21:23,SomniGuard,70.1,SpO2:97.6% BPM:70 [A9 0C 1E 26 BD 02 01 00 18 03 01 52]
49561,1.78931E+12,9/13/2026 21:23,SomniGuard,71.1,SpO2:97.6% BPM:71 [AA 0C 1E 26 C7 02 01 00 18 03 01 52]
49562,1.78931E+12,9/13/2026 21:23,SomniGuard,70.1,SpO2:97.6% BPM:70 [AB 0C 1E 26 BD 02 01 00 18 03 01 52]
49563,1.78931E+12,9/13/2026 21:23,SomniGuard,71.1,SpO2:97.6% BPM:71 [AC 0C 1E 26 C7 02 01 00 18 03 01 52]
49564,1.78931E+12,9/13/2026 21:23,SomniGuard,70.1,SpO2:97.6% BPM:70 [AD 0C 1E 26 BD 02 01 00 18 03 01 52]
49565,1.78931E+12,9/13/2026 21:23,SomniGuard,71.1,SpO2:97.6% BPM:71 [AE 0C 1E 26 C7 02 01 00 18 03 01 52]
49566,1.78931E+12,9/13/2026 21:23,SomniGuard,70.1,SpO2:97.6% BPM:70 [AF 0C 1E 26 BD 02 01 00 18 03 01 52]
49567,1.78931E+12,9/13/2026 21:23,SomniGuard,71.1,SpO2:97.6% BPM:71 [B0 0C 1E 26 C7 02 01 00 18 03 01 52]
49568,1.78931E+12,9/13/2026 21:23,SomniGuard,70.1,SpO2:97.6% BPM:70 [B1 0C 1E 26 BD 02 01 00 18 03 01 52]
49569,1.78931E+12,9/13/2026 21:23,SomniGuard,71.1,SpO2:97.6% BPM:71 [B2 0C 1E 26 C7 02 01 00 18 03 01 52]
49570,1.78931E+12,9/13/2026 21:23,SomniGuard,70.1,SpO2:97.6% BPM:70 [B3 0C 1E 26 BD 02 01 00 18 03 01 52]
49571,1.78931E+12,9/13/2026 21:23,SomniGuard,71.1,SpO2:97.6% BPM:71 [B4 0C 1E 26 C7 02 01 00 18 03 01 52]
49572,1.78931E+12,9/13/2026 21:23,SomniGuard,70.1,SpO2:97.6% BPM:70 [B5 0C 1E 26 BD 02 01 00 18 03 01 52]
49573,1.78931E+12,9/13/2026 21:23,SomniGuard,71.1,SpO2:97.6% BPM:71 [B6 0C 1E 26 C7 02 01 00 18 03 01 52]
49574,1.78931E+12,9/13/2026 21:23,SomniGuard,70.1,SpO2:97.6% BPM:70 [B7 0C 1E 26 BD 02 01 00 18 03 01 52]
49575,1.78931E+12,9/13/2026 21:23,SomniGuard,71.1,SpO2:97.6% BPM:71 [B8 0C 1E 26 C7 02 01 00 18 03 01 52]
49576,1.78931E+12,9/13/2026 21:23,SomniGuard,70.1,SpO2:97.6% BPM:70 [B9 0C 1E 26 BD 02 01 00 18 03 01 52]
49577,1.78931E+12,9/13/2026 21:24,SomniGuard,71.1,SpO2:97.6% BPM:71 [BA 0C 1E 26 C7 02 01 00 18 03 01 52]
49578,1.78931E+12,9/13/2026 21:24,SomniGuard,70.1,SpO2:97.6% BPM:70 [BB 0C 1E 26 BD 02 01 00 18 03 01 52]
49579,1.78931E+12,9/13/2026 21:24,SomniGuard,71.1,SpO2:97.6% BPM:71 [BC 0C 1E 26 C7 02 01 00 18 03 01 52]
49580,1.78931E+12,9/13/2026 21:24,SomniGuard,70.1,SpO2:97.6% BPM:70 [BD 0C 1E 26 BD 02 01 00 18 03 01 52]
49581,1.78931E+12,9/13/2026 21:24,SomniGuard,71.1,SpO2:97.6% BPM:71 [BE 0C 1E 26 C7 02 01 00 18 03 01 52]
49582,1.78931E+12,9/13/2026 21:24,SomniGuard,70.1,SpO2:97.6% BPM:70 [BF 0C 1E 26 BD 02 01 00 18 03 01 52]
49583,1.78931E+12,9/13/2026 21:24,SomniGuard,71.1,SpO2:97.6% BPM:71 [C0 0C 1E 26 C7 02 01 00 18 03 01 52]
49584,1.78931E+12,9/13/2026 21:24,SomniGuard,70.1,SpO2:97.6% BPM:70 [C1 0C 1E 26 BD 02 01 00 18 03 01 52]
49585,1.78931E+12,9/13/2026 21:24,SomniGuard,71.1,SpO2:97.6% BPM:71 [C2 0C 1E 26 C7 02 01 00 18 03 01 52]
49586,1.78931E+12,9/13/2026 21:24,SomniGuard,70.1,SpO2:97.6% BPM:70 [C3 0C 1E 26 BD 02 01 00 18 03 01 52]
49587,1.78931E+12,9/13/2026 21:24,SomniGuard,71.1,SpO2:97.6% BPM:71 [C4 0C 1E 26 C7 02 01 00 18 03 01 52]
49588,1.78931E+12,9/13/2026 21:24,SomniGuard,70.1,SpO2:97.6% BPM:70 [C5 0C 1E 26 BD 02 01 00 18 03 01 52]
49589,1.78931E+12,9/13/2026 21:24,SomniGuard,71.1,SpO2:97.6% BPM:71 [C6 0C 1E 26 C7 02 01 00 18 03 01 52]
49590,1.78931E+12,9/13/2026 21:24,SomniGuard,70.1,SpO2:97.6% BPM:70 [C7 0C 1E 26 BD 02 01 00 18 03 01 52]
49591,1.78931E+12,9/13/2026 21:24,SomniGuard,71.1,SpO2:97.6% BPM:71 [C8 0C 1E 26 C7 02 01 00 18 03 01 52]
49592,1.78931E+12,9/13/2026 21:24,SomniGuard,70.1,SpO2:97.6% BPM:70 [C9 0C 1E 26 BD 02 01 00 18 03 01 52]
49593,1.78931E+12,9/13/2026 21:24,SomniGuard,71.1,SpO2:97.6% BPM:71 [CA 0C 1E 26 C7 02 01 00 18 03 01 52]
49594,1.78931E+12,9/13/2026 21:24,SomniGuard,70.1,SpO2:97.6% BPM:70 [CB 0C 1E 26 BD 02 01 00 18 03 01 52]
49595,1.78931E+12,9/13/2026 21:24,SomniGuard,71.1,SpO2:97.6% BPM:71 [CC 0C 1E 26 C7 02 01 00 18 03 01 52]
49596,1.78931E+12,9/13/2026 21:24,SomniGuard,70.1,SpO2:97.6% BPM:70 [CD 0C 1E 26 BD 02 01 00 18 03 01 52]
49597,1.78931E+12,9/13/2026 21:24,SomniGuard,71.1,SpO2:97.6% BPM:71 [CE 0C 1E 26 C7 02 01 00 18 03 01 52]
49598,1.78931E+12,9/13/2026 21:24,SomniGuard,70.1,SpO2:97.6% BPM:70 [CF 0C 1E 26 BD 02 01 00 18 03 01 52]
49599,1.78931E+12,9/13/2026 21:24,SomniGuard,71.1,SpO2:97.6% BPM:71 [D0 0C 1E 26 C7 02 01 00 18 03 01 52]
49600,1.78931E+12,9/13/2026 21:24,SomniGuard,70.1,SpO2:97.6% BPM:70 [D1 0C 1E 26 BD 02 01 00 18 03 01 52]
49601,1.78931E+12,9/13/2026 21:24,SomniGuard,71.1,SpO2:97.6% BPM:71 [D2 0C 1E 26 C7 02 01 00 18 03 01 52]
49602,1.78931E+12,9/13/2026 21:24,SomniGuard,70.1,SpO2:97.6% BPM:70 [D3 0C 1E 26 BD 02 01 00 18 03 01 52]
49603,1.78931E+12,9/13/2026 21:24,SomniGuard,71.1,SpO2:97.6% BPM:71 [D4 0C 1E 26 C7 02 01 00 18 03 01 52]
49604,1.78931E+12,9/13/2026 21:24,SomniGuard,70.1,SpO2:97.6% BPM:70 [D5 0C 1E 26 BD 02 01 00 18 03 01 52]
49605,1.78931E+12,9/13/2026 21:24,SomniGuard,71.1,SpO2:97.6% BPM:71 [D6 0C 1E 26 C7 02 01 00 18 03 01 52]
49606,1.78931E+12,9/13/2026 21:24,SomniGuard,70.1,SpO2:97.6% BPM:70 [D7 0C 1E 26 BD 02 01 00 18 03 01 52]
49607,1.78931E+12,9/13/2026 21:24,SomniGuard,71.1,SpO2:97.6% BPM:71 [D8 0C 1E 26 C7 02 01 00 18 03 01 52]
49608,1.78931E+12,9/13/2026 21:24,SomniGuard,70.1,SpO2:97.6% BPM:70 [D9 0C 1E 26 BD 02 01 00 18 03 01 52]
49609,1.78931E+12,9/13/2026 21:24,SomniGuard,71.1,SpO2:97.6% BPM:71 [DA 0C 1E 26 C7 02 01 00 18 03 01 52]
49610,1.78931E+12,9/13/2026 21:24,SomniGuard,70.1,SpO2:97.6% BPM:70 [DB 0C 1E 26 BD 02 01 00 18 03 01 52]
49611,1.78931E+12,9/13/2026 21:24,SomniGuard,71.1,SpO2:97.6% BPM:71 [DC 0C 1E 26 C7 02 01 00 18 03 01 52]
49612,1.78931E+12,9/13/2026 21:24,SomniGuard,70.1,SpO2:97.6% BPM:70 [DD 0C 1E 26 BD 02 01 00 18 03 01 52]
49613,1.78931E+12,9/13/2026 21:24,SomniGuard,71.1,SpO2:97.6% BPM:71 [DE 0C 1E 26 C7 02 01 00 18 03 01 52]
49614,1.78931E+12,9/13/2026 21:24,SomniGuard,70.1,SpO2:97.6% BPM:70 [DF 0C 1E 26 BD 02 01 00 18 03 01 52]
49615,1.78931E+12,9/13/2026 21:24,SomniGuard,71.1,SpO2:97.6% BPM:71 [E0 0C 1E 26 C7 02 01 00 18 03 01 52]
49616,1.78931E+12,9/13/2026 21:24,SomniGuard,70.1,SpO2:97.6% BPM:70 [E1 0C 1E 26 BD 02 01 00 18 03 01 52]
49617,1.78931E+12,9/13/2026 21:24,SomniGuard,71.1,SpO2:97.6% BPM:71 [E2 0C 1E 26 C7 02 01 00 18 03 01 52]
49618,1.78931E+12,9/13/2026 21:24,SomniGuard,70.1,SpO2:97.6% BPM:70 [E3 0C 1E 26 BD 02 01 00 18 03 01 52]
49619,1.78931E+12,9/13/2026 21:24,SomniGuard,71.1,SpO2:97.6% BPM:71 [E4 0C 1E 26 C7 02 01 00 18 03 01 52]
49620,1.78931E+12,9/13/2026 21:24,SomniGuard,70.1,SpO2:97.6% BPM:70 [E5 0C 1E 26 BD 02 01 00 18 03 01 52]
49621,1.78931E+12,9/13/2026 21:24,SomniGuard,71.1,SpO2:97.6% BPM:71 [E6 0C 1E 26 C7 02 01 00 18 03 01 52]
49622,1.78931E+12,9/13/2026 21:24,SomniGuard,70.1,SpO2:97.6% BPM:70 [E7 0C 1E 26 BD 02 01 00 18 03 01 52]
49623,1.78931E+12,9/13/2026 21:24,SomniGuard,71.1,SpO2:97.6% BPM:71 [E8 0C 1E 26 C7 02 01 00 18 03 01 52]
49624,1.78931E+12,9/13/2026 21:24,SomniGuard,70.1,SpO2:97.6% BPM:70 [E9 0C 1E 26 BD 02 01 00 18 03 01 52]
49625,1.78931E+12,9/13/2026 21:24,SomniGuard,71.1,SpO2:97.6% BPM:71 [EA 0C 1E 26 C7 02 01 00 18 03 01 52]
49626,1.78931E+12,9/13/2026 21:24,SomniGuard,70.1,SpO2:97.6% BPM:70 [EB 0C 1E 26 BD 02 01 00 18 03 01 52]
49627,1.78931E+12,9/13/2026 21:24,SomniGuard,71.1,SpO2:97.6% BPM:71 [EC 0C 1E 26 C7 02 01 00 18 03 01 52]
49628,1.78931E+12,9/13/2026 21:24,SomniGuard,70.1,SpO2:97.6% BPM:70 [ED 0C 1E 26 BD 02 01 00 18 03 01 52]
49629,1.78931E+12,9/13/2026 21:24,SomniGuard,71.1,SpO2:97.6% BPM:71 [EE 0C 1E 26 C7 02 01 00 18 03 01 52]
49630,1.78931E+12,9/13/2026 21:24,SomniGuard,70.1,SpO2:97.6% BPM:70 [EF 0C 1E 26 BD 02 01 00 18 03 01 52]
49631,1.78931E+12,9/13/2026 21:24,SomniGuard,71.1,SpO2:97.6% BPM:71 [F0 0C 1E 26 C7 02 01 00 18 03 01 52]
49632,1.78931E+12,9/13/2026 21:24,SomniGuard,70.1,SpO2:97.6% BPM:70 [F1 0C 1E 26 BD 02 01 00 18 03 01 52]
49633,1.78931E+12,9/13/2026 21:24,SomniGuard,71.1,SpO2:97.6% BPM:71 [F2 0C 1E 26 C7 02 01 00 18 03 01 52]
49634,1.78931E+12,9/13/2026 21:24,SomniGuard,70.1,SpO2:97.6% BPM:70 [F3 0C 1E 26 BD 02 01 00 18 03 01 52]
49635,1.78931E+12,9/13/2026 21:24,SomniGuard,71.1,SpO2:97.6% BPM:71 [F4 0C 1E 26 C7 02 01 00 18 03 01 52]
49636,1.78931E+12,9/13/2026 21:24,SomniGuard,70.1,SpO2:97.6% BPM:70 [F5 0C 1E 26 BD 02 01 00 18 03 01 52]
49637,1.78931E+12,9/13/2026 21:25,SomniGuard,71.1,SpO2:97.6% BPM:71 [F6 0C 1E 26 C7 02 01 00 18 03 01 52]
49638,1.78931E+12,9/13/2026 21:25,SomniGuard,70.1,SpO2:97.6% BPM:70 [F7 0C 1E 26 BD 02 01 00 18 03 01 52]
49639,1.78931E+12,9/13/2026 21:25,SomniGuard,71.1,SpO2:97.6% BPM:71 [F8 0C 1E 26 C7 02 01 00 18 03 01 52]
49640,1.78931E+12,9/13/2026 21:25,SomniGuard,70.1,SpO2:97.6% BPM:70 [F9 0C 1E 26 BD 02 01 00 18 03 01 52]
49641,1.78931E+12,9/13/2026 21:25,SomniGuard,71.1,SpO2:97.6% BPM:71 [FA 0C 1E 26 C7 02 01 00 18 03 01 52]
49642,1.78931E+12,9/13/2026 21:25,SomniGuard,70.1,SpO2:97.6% BPM:70 [FB 0C 1E 26 BD 02 01 00 18 03 01 52]
49643,1.78931E+12,9/13/2026 21:25,SomniGuard,71.1,SpO2:97.6% BPM:71 [FC 0C 1E 26 C7 02 01 00 18 03 01 52]
49644,1.78931E+12,9/13/2026 21:25,SomniGuard,70.1,SpO2:97.6% BPM:70 [FD 0C 1E 26 BD 02 01 00 18 03 01 52]
49645,1.78931E+12,9/13/2026 21:25,SomniGuard,71.1,SpO2:97.6% BPM:71 [FE 0C 1E 26 C7 02 01 00 18 03 01 52]
49646,1.78931E+12,9/13/2026 21:25,SomniGuard,70.1,SpO2:97.6% BPM:70 [FF 0C 1E 26 BD 02 01 00 18 03 01 52]
49647,1.78931E+12,9/13/2026 21:25,SomniGuard,71.1,SpO2:97.6% BPM:71 [00 0D 1E 26 C7 02 01 00 18 03 01 52]
49648,1.78931E+12,9/13/2026 21:25,SomniGuard,70.1,SpO2:97.6% BPM:70 [01 0D 1E 26 BD 02 01 00 18 03 01 52]
49649,1.78931E+12,9/13/2026 21:25,SomniGuard,71.1,SpO2:97.6% BPM:71 [02 0D 1E 26 C7 02 01 00 18 03 01 52]
49650,1.78931E+12,9/13/2026 21:25,SomniGuard,70.1,SpO2:97.6% BPM:70 [03 0D 1E 26 BD 02 01 00 18 03 01 52]
49651,1.78931E+12,9/13/2026 21:25,SomniGuard,71.1,SpO2:97.6% BPM:71 [04 0D 1E 26 C7 02 01 00 18 03 01 52]
49652,1.78931E+12,9/13/2026 21:25,SomniGuard,70.1,SpO2:97.6% BPM:70 [05 0D 1E 26 BD 02 01 00 18 03 01 52]
49653,1.78931E+12,9/13/2026 21:25,SomniGuard,71.1,SpO2:97.6% BPM:71 [06 0D 1E 26 C7 02 01 00 18 03 01 52]
49654,1.78931E+12,9/13/2026 21:25,SomniGuard,70.1,SpO2:97.6% BPM:70 [07 0D 1E 26 BD 02 01 00 18 03 01 52]
49655,1.78931E+12,9/13/2026 21:25,SomniGuard,71.1,SpO2:97.6% BPM:71 [08 0D 1E 26 C7 02 01 00 18 03 01 52]
49656,1.78931E+12,9/13/2026 21:25,SomniGuard,70.1,SpO2:97.6% BPM:70 [09 0D 1E 26 BD 02 01 00 18 03 01 52]
49657,1.78931E+12,9/13/2026 21:25,SomniGuard,71.1,SpO2:97.6% BPM:71 [0A 0D 1E 26 C7 02 01 00 18 03 01 52]
49658,1.78931E+12,9/13/2026 21:25,SomniGuard,70.1,SpO2:97.6% BPM:70 [0B 0D 1E 26 BD 02 01 00 18 03 01 52]
49659,1.78931E+12,9/13/2026 21:25,SomniGuard,71.1,SpO2:97.6% BPM:71 [0C 0D 1E 26 C7 02 01 00 18 03 01 52]
49660,1.78931E+12,9/13/2026 21:25,SomniGuard,70.1,SpO2:97.6% BPM:70 [0D 0D 1E 26 BD 02 01 00 18 03 01 52]
49661,1.78931E+12,9/13/2026 21:25,SomniGuard,71.1,SpO2:97.6% BPM:71 [0E 0D 1E 26 C7 02 01 00 18 03 01 52]
49662,1.78931E+12,9/13/2026 21:25,SomniGuard,70.1,SpO2:97.6% BPM:70 [0F 0D 1E 26 BD 02 01 00 18 03 01 52]
49663,1.78931E+12,9/13/2026 21:25,SomniGuard,71.1,SpO2:97.6% BPM:71 [10 0D 1E 26 C7 02 01 00 18 03 01 52]
49664,1.78931E+12,9/13/2026 21:25,SomniGuard,70.1,SpO2:97.6% BPM:70 [11 0D 1E 26 BD 02 01 00 18 03 01 52]
49665,1.78931E+12,9/13/2026 21:25,SomniGuard,71.1,SpO2:97.6% BPM:71 [12 0D 1E 26 C7 02 01 00 18 03 01 52]
49666,1.78931E+12,9/13/2026 21:25,SomniGuard,70.1,SpO2:97.6% BPM:70 [13 0D 1E 26 BD 02 01 00 18 03 01 52]
49667,1.78931E+12,9/13/2026 21:25,SomniGuard,71.1,SpO2:97.6% BPM:71 [14 0D 1E 26 C7 02 01 00 18 03 01 52]
49668,1.78931E+12,9/13/2026 21:25,SomniGuard,70.1,SpO2:97.6% BPM:70 [15 0D 1E 26 BD 02 01 00 18 03 01 52]
49669,1.78931E+12,9/13/2026 21:25,SomniGuard,71.1,SpO2:97.6% BPM:71 [16 0D 1E 26 C7 02 01 00 18 03 01 52]
49670,1.78931E+12,9/13/2026 21:25,SomniGuard,70.1,SpO2:97.6% BPM:70 [17 0D 1E 26 BD 02 01 00 18 03 01 52]
49671,1.78931E+12,9/13/2026 21:25,SomniGuard,71.1,SpO2:97.6% BPM:71 [18 0D 1E 26 C7 02 01 00 18 03 01 52]
49672,1.78931E+12,9/13/2026 21:25,SomniGuard,70.1,SpO2:97.6% BPM:70 [19 0D 1E 26 BD 02 01 00 18 03 01 52]
49673,1.78931E+12,9/13/2026 21:25,SomniGuard,71.1,SpO2:97.6% BPM:71 [1A 0D 1E 26 C7 02 01 00 18 03 01 52]
49674,1.78931E+12,9/13/2026 21:25,SomniGuard,70.1,SpO2:97.6% BPM:70 [1B 0D 1E 26 BD 02 01 00 18 03 01 52]
49675,1.78931E+12,9/13/2026 21:25,SomniGuard,71.1,SpO2:97.6% BPM:71 [1C 0D 1E 26 C7 02 01 00 18 03 01 52]
49676,1.78931E+12,9/13/2026 21:25,SomniGuard,70.1,SpO2:97.6% BPM:70 [1D 0D 1E 26 BD 02 01 00 18 03 01 52]
49677,1.78931E+12,9/13/2026 21:25,SomniGuard,71.1,SpO2:97.6% BPM:71 [1E 0D 1E 26 C7 02 01 00 18 03 01 52]
49678,1.78931E+12,9/13/2026 21:25,SomniGuard,70.1,SpO2:97.6% BPM:70 [1F 0D 1E 26 BD 02 01 00 18 03 01 52]
49679,1.78931E+12,9/13/2026 21:25,SomniGuard,71.1,SpO2:97.6% BPM:71 [20 0D 1E 26 C7 02 01 00 18 03 01 52]
49680,1.78931E+12,9/13/2026 21:25,SomniGuard,70.1,SpO2:97.6% BPM:70 [21 0D 1E 26 BD 02 01 00 18 03 01 52]
49681,1.78931E+12,9/13/2026 21:25,SomniGuard,71.1,SpO2:97.6% BPM:71 [22 0D 1E 26 C7 02 01 00 18 03 01 52]
49682,1.78931E+12,9/13/2026 21:25,SomniGuard,70.1,SpO2:97.6% BPM:70 [23 0D 1E 26 BD 02 01 00 18 03 01 52]
49683,1.78931E+12,9/13/2026 21:25,SomniGuard,71.1,SpO2:97.6% BPM:71 [24 0D 1E 26 C7 02 01 00 18 03 01 52]
49684,1.78931E+12,9/13/2026 21:25,SomniGuard,70.1,SpO2:97.6% BPM:70 [25 0D 1E 26 BD 02 01 00 18 03 01 52]
49685,1.78931E+12,9/13/2026 21:25,SomniGuard,71.1,SpO2:97.6% BPM:71 [26 0D 1E 26 C7 02 01 00 18 03 01 52]
49686,1.78931E+12,9/13/2026 21:25,SomniGuard,70.1,SpO2:97.6% BPM:70 [27 0D 1E 26 BD 02 01 00 18 03 01 52]
49687,1.78931E+12,9/13/2026 21:25,SomniGuard,71.1,SpO2:97.6% BPM:71 [28 0D 1E 26 C7 02 01 00 18 03 01 52]
49688,1.78931E+12,9/13/2026 21:25,SomniGuard,70.1,SpO2:97.6% BPM:70 [29 0D 1E 26 BD 02 01 00 18 03 01 52]
49689,1.78931E+12,9/13/2026 21:25,SomniGuard,71.1,SpO2:97.6% BPM:71 [2A 0D 1E 26 C7 02 01 00 18 03 01 52]
49690,1.78931E+12,9/13/2026 21:25,SomniGuard,70.1,SpO2:97.6% BPM:70 [2B 0D 1E 26 BD 02 01 00 18 03 01 52]
49691,1.78931E+12,9/13/2026 21:25,SomniGuard,71.1,SpO2:97.6% BPM:71 [2C 0D 1E 26 C7 02 01 00 18 03 01 52]
49692,1.78931E+12,9/13/2026 21:25,SomniGuard,70.1,SpO2:97.6% BPM:70 [2D 0D 1E 26 BD 02 01 00 18 03 01 52]
49693,1.78931E+12,9/13/2026 21:25,SomniGuard,71.1,SpO2:97.6% BPM:71 [2E 0D 1E 26 C7 02 01 00 18 03 01 52]
49694,1.78931E+12,9/13/2026 21:25,SomniGuard,70.1,SpO2:97.6% BPM:70 [2F 0D 1E 26 BD 02 01 00 18 03 01 52]
49695,1.78931E+12,9/13/2026 21:25,SomniGuard,71.1,SpO2:97.6% BPM:71 [30 0D 1E 26 C7 02 01 00 18 03 01 52]
49696,1.78931E+12,9/13/2026 21:26,SomniGuard,70.6,SpO2:97.8% BPM:71 [31 0D 37 26 C2 02 01 00 18 03 01 52]
49697,1.78931E+12,9/13/2026 21:26,SomniGuard,71.1,SpO2:97.6% BPM:71 [32 0D 1E 26 C7 02 01 00 18 03 01 52]
49698,1.78931E+12,9/13/2026 21:26,SomniGuard,70.1,SpO2:97.6% BPM:70 [33 0D 1E 26 BD 02 01 00 18 03 01 52]
49699,1.78931E+12,9/13/2026 21:26,SomniGuard,71.1,SpO2:97.6% BPM:71 [34 0D 1E 26 C7 02 01 00 18 03 01 52]
49700,1.78931E+12,9/13/2026 21:26,SomniGuard,70.6,SpO2:97.8% BPM:71 [35 0D 37 26 C2 02 01 00 18 03 01 52]
49701,1.78931E+12,9/13/2026 21:26,SomniGuard,71.6,SpO2:97.8% BPM:72 [36 0D 37 26 CC 02 01 00 18 03 01 52]
49702,1.78931E+12,9/13/2026 21:26,SomniGuard,70.6,SpO2:97.8% BPM:71 [37 0D 37 26 C2 02 01 00 18 03 01 52]
49703,1.78931E+12,9/13/2026 21:26,SomniGuard,71.6,SpO2:97.8% BPM:72 [38 0D 37 26 CC 02 01 00 18 03 01 52]
49704,1.78931E+12,9/13/2026 21:26,SomniGuard,70.6,SpO2:97.8% BPM:71 [39 0D 37 26 C2 02 01 00 18 03 01 52]
49705,1.78931E+12,9/13/2026 21:26,SomniGuard,71.6,SpO2:97.8% BPM:72 [3A 0D 37 26 CC 02 01 00 18 03 01 52]
49706,1.78931E+12,9/13/2026 21:26,SomniGuard,70.6,SpO2:97.8% BPM:71 [3B 0D 37 26 C2 02 01 00 18 03 01 52]
49707,1.78931E+12,9/13/2026 21:26,SomniGuard,71.6,SpO2:97.8% BPM:72 [3C 0D 37 26 CC 02 01 00 18 03 01 52]
49708,1.78931E+12,9/13/2026 21:26,SomniGuard,70.6,SpO2:97.8% BPM:71 [3D 0D 37 26 C2 02 01 00 18 03 01 52]
49709,1.78931E+12,9/13/2026 21:26,SomniGuard,71.6,SpO2:97.8% BPM:72 [3E 0D 37 26 CC 02 01 00 18 03 01 52]
49710,1.78931E+12,9/13/2026 21:26,SomniGuard,70.6,SpO2:97.8% BPM:71 [3F 0D 37 26 C2 02 01 00 18 03 01 52]
49711,1.78931E+12,9/13/2026 21:26,SomniGuard,71.6,SpO2:97.8% BPM:72 [40 0D 37 26 CC 02 01 00 18 03 01 52]
49712,1.78931E+12,9/13/2026 21:26,SomniGuard,70.6,SpO2:97.8% BPM:71 [41 0D 37 26 C2 02 01 00 18 03 01 52]
49713,1.78931E+12,9/13/2026 21:26,SomniGuard,71.6,SpO2:97.8% BPM:72 [42 0D 37 26 CC 02 01 00 18 03 01 52]
49714,1.78931E+12,9/13/2026 21:26,SomniGuard,70.6,SpO2:97.8% BPM:71 [43 0D 37 26 C2 02 01 00 18 03 01 52]
49715,1.78931E+12,9/13/2026 21:26,SomniGuard,71.6,SpO2:97.8% BPM:72 [44 0D 37 26 CC 02 01 00 18 03 01 52]
49716,1.78931E+12,9/13/2026 21:26,SomniGuard,70.6,SpO2:97.8% BPM:71 [45 0D 37 26 C2 02 01 00 18 03 01 52]
49717,1.78931E+12,9/13/2026 21:26,SomniGuard,71.6,SpO2:97.8% BPM:72 [46 0D 37 26 CC 02 01 00 18 03 01 52]
49718,1.78931E+12,9/13/2026 21:26,SomniGuard,70.6,SpO2:97.8% BPM:71 [47 0D 37 26 C2 02 01 00 18 03 01 52]
49719,1.78931E+12,9/13/2026 21:26,SomniGuard,71.6,SpO2:97.8% BPM:72 [48 0D 37 26 CC 02 01 00 18 03 01 52]
49720,1.78931E+12,9/13/2026 21:26,SomniGuard,70.6,SpO2:97.8% BPM:71 [49 0D 37 26 C2 02 01 00 18 03 01 52]
49721,1.78931E+12,9/13/2026 21:26,SomniGuard,71.6,SpO2:97.8% BPM:72 [4A 0D 37 26 CC 02 01 00 18 03 01 52]
49722,1.78931E+12,9/13/2026 21:26,SomniGuard,70.6,SpO2:97.8% BPM:71 [4B 0D 37 26 C2 02 01 00 18 03 01 52]
49723,1.78931E+12,9/13/2026 21:26,SomniGuard,71.6,SpO2:97.8% BPM:72 [4C 0D 37 26 CC 02 01 00 18 03 01 52]
49724,1.78931E+12,9/13/2026 21:26,SomniGuard,70.6,SpO2:97.8% BPM:71 [4D 0D 37 26 C2 02 01 00 18 03 01 52]
49725,1.78931E+12,9/13/2026 21:26,SomniGuard,71.6,SpO2:97.8% BPM:72 [4E 0D 37 26 CC 02 01 00 18 03 01 52]
49726,1.78931E+12,9/13/2026 21:26,SomniGuard,70.6,SpO2:97.8% BPM:71 [4F 0D 37 26 C2 02 01 00 18 03 01 52]
49727,1.78931E+12,9/13/2026 21:26,SomniGuard,71.6,SpO2:97.8% BPM:72 [50 0D 37 26 CC 02 01 00 18 03 01 52]
49728,1.78931E+12,9/13/2026 21:26,SomniGuard,70.6,SpO2:97.8% BPM:71 [51 0D 37 26 C2 02 01 00 18 03 01 52]
49729,1.78931E+12,9/13/2026 21:26,SomniGuard,71.6,SpO2:97.8% BPM:72 [52 0D 37 26 CC 02 01 00 18 03 01 52]
49730,1.78931E+12,9/13/2026 21:26,SomniGuard,70.6,SpO2:97.8% BPM:71 [53 0D 37 26 C2 02 01 00 18 03 01 52]
49731,1.78931E+12,9/13/2026 21:26,SomniGuard,71.6,SpO2:97.8% BPM:72 [54 0D 37 26 CC 02 01 00 18 03 01 52]
49732,1.78931E+12,9/13/2026 21:26,SomniGuard,70.6,SpO2:97.8% BPM:71 [55 0D 37 26 C2 02 01 00 18 03 01 52]
49733,1.78931E+12,9/13/2026 21:26,SomniGuard,71.6,SpO2:97.8% BPM:72 [56 0D 37 26 CC 02 01 00 18 03 01 52]
49734,1.78931E+12,9/13/2026 21:26,SomniGuard,70.6,SpO2:97.8% BPM:71 [57 0D 37 26 C2 02 01 00 18 03 01 52]
49735,1.78931E+12,9/13/2026 21:26,SomniGuard,71.6,SpO2:97.8% BPM:72 [58 0D 37 26 CC 02 01 00 18 03 01 52]
49736,1.78931E+12,9/13/2026 21:26,SomniGuard,70.6,SpO2:97.8% BPM:71 [59 0D 37 26 C2 02 01 00 18 03 01 52]
49737,1.78931E+12,9/13/2026 21:26,SomniGuard,71.6,SpO2:97.8% BPM:72 [5A 0D 37 26 CC 02 01 00 18 03 01 52]
49738,1.78931E+12,9/13/2026 21:26,SomniGuard,70.6,SpO2:97.8% BPM:71 [5B 0D 37 26 C2 02 01 00 18 03 01 52]
49739,1.78931E+12,9/13/2026 21:26,SomniGuard,71.6,SpO2:97.8% BPM:72 [5C 0D 37 26 CC 02 01 00 18 03 01 52]
49740,1.78931E+12,9/13/2026 21:26,SomniGuard,70.6,SpO2:97.8% BPM:71 [5D 0D 37 26 C2 02 01 00 18 03 01 52]
49741,1.78931E+12,9/13/2026 21:26,SomniGuard,71.6,SpO2:97.8% BPM:72 [5E 0D 37 26 CC 02 01 00 18 03 01 52]
49742,1.78931E+12,9/13/2026 21:26,SomniGuard,70.6,SpO2:97.8% BPM:71 [5F 0D 37 26 C2 02 01 00 18 03 01 52]
49743,1.78931E+12,9/13/2026 21:26,SomniGuard,71.6,SpO2:97.8% BPM:72 [60 0D 37 26 CC 02 01 00 18 03 01 52]
49744,1.78931E+12,9/13/2026 21:26,SomniGuard,70.6,SpO2:97.8% BPM:71 [61 0D 37 26 C2 02 01 00 18 03 01 52]
49745,1.78931E+12,9/13/2026 21:26,SomniGuard,71.6,SpO2:97.8% BPM:72 [62 0D 37 26 CC 02 01 00 18 03 01 52]
49746,1.78931E+12,9/13/2026 21:26,SomniGuard,70.6,SpO2:97.8% BPM:71 [63 0D 37 26 C2 02 01 00 18 03 01 52]
49747,1.78931E+12,9/13/2026 21:26,SomniGuard,71.6,SpO2:97.8% BPM:72 [64 0D 37 26 CC 02 01 00 18 03 01 52]
49748,1.78931E+12,9/13/2026 21:26,SomniGuard,70.6,SpO2:97.8% BPM:71 [65 0D 37 26 C2 02 01 00 18 03 01 52]
49749,1.78931E+12,9/13/2026 21:26,SomniGuard,71.6,SpO2:97.8% BPM:72 [66 0D 37 26 CC 02 01 00 18 03 01 52]
49750,1.78931E+12,9/13/2026 21:26,SomniGuard,70.6,SpO2:97.8% BPM:71 [67 0D 37 26 C2 02 01 00 18 03 01 52]
49751,1.78931E+12,9/13/2026 21:26,SomniGuard,71.6,SpO2:97.8% BPM:72 [68 0D 37 26 CC 02 01 00 18 03 01 52]
49752,1.78931E+12,9/13/2026 21:26,SomniGuard,70.6,SpO2:97.8% BPM:71 [69 0D 37 26 C2 02 01 00 18 03 01 52]
49753,1.78931E+12,9/13/2026 21:26,SomniGuard,71.6,SpO2:97.8% BPM:72 [6A 0D 37 26 CC 02 01 00 18 03 01 52]
49754,1.78931E+12,9/13/2026 21:26,SomniGuard,70.6,SpO2:97.8% BPM:71 [6B 0D 37 26 C2 02 01 00 18 03 01 52]
49755,1.78931E+12,9/13/2026 21:26,SomniGuard,71.6,SpO2:97.8% BPM:72 [6C 0D 37 26 CC 02 01 00 18 03 01 52]
49756,1.78931E+12,9/13/2026 21:27,SomniGuard,70.6,SpO2:97.8% BPM:71 [6D 0D 37 26 C2 02 01 00 18 03 01 52]
49757,1.78931E+12,9/13/2026 21:27,SomniGuard,71.6,SpO2:97.8% BPM:72 [6E 0D 37 26 CC 02 01 00 18 03 01 52]
49758,1.78931E+12,9/13/2026 21:27,SomniGuard,70.6,SpO2:97.8% BPM:71 [6F 0D 37 26 C2 02 01 00 18 03 01 52]
49759,1.78931E+12,9/13/2026 21:27,SomniGuard,71.6,SpO2:97.8% BPM:72 [70 0D 37 26 CC 02 01 00 18 03 01 52]
49760,1.78931E+12,9/13/2026 21:27,SomniGuard,70.6,SpO2:97.8% BPM:71 [71 0D 37 26 C2 02 01 00 18 03 01 52]
49761,1.78931E+12,9/13/2026 21:27,SomniGuard,71.6,SpO2:97.8% BPM:72 [72 0D 37 26 CC 02 01 00 18 03 01 52]
49762,1.78931E+12,9/13/2026 21:27,SomniGuard,70.6,SpO2:97.8% BPM:71 [73 0D 37 26 C2 02 01 00 18 03 01 52]
49763,1.78931E+12,9/13/2026 21:27,SomniGuard,71.6,SpO2:97.8% BPM:72 [74 0D 37 26 CC 02 01 00 18 03 01 52]
49764,1.78931E+12,9/13/2026 21:27,SomniGuard,70.6,SpO2:97.8% BPM:71 [75 0D 37 26 C2 02 01 00 18 03 01 52]
49765,1.78931E+12,9/13/2026 21:27,SomniGuard,71.6,SpO2:97.8% BPM:72 [76 0D 37 26 CC 02 01 00 18 03 01 52]
49766,1.78931E+12,9/13/2026 21:27,SomniGuard,70.6,SpO2:97.8% BPM:71 [77 0D 37 26 C2 02 01 00 18 03 01 52]
49767,1.78931E+12,9/13/2026 21:27,SomniGuard,71.6,SpO2:97.8% BPM:72 [78 0D 37 26 CC 02 01 00 18 03 01 52]
49768,1.78931E+12,9/13/2026 21:27,SomniGuard,70.6,SpO2:97.8% BPM:71 [79 0D 37 26 C2 02 01 00 18 03 01 52]
49769,1.78931E+12,9/13/2026 21:27,SomniGuard,71.6,SpO2:97.8% BPM:72 [7A 0D 37 26 CC 02 01 00 18 03 01 52]
49770,1.78931E+12,9/13/2026 21:27,SomniGuard,70.6,SpO2:97.8% BPM:71 [7B 0D 37 26 C2 02 01 00 18 03 01 52]
49771,1.78931E+12,9/13/2026 21:27,SomniGuard,71.6,SpO2:97.8% BPM:72 [7C 0D 37 26 CC 02 01 00 18 03 01 52]
49772,1.78931E+12,9/13/2026 21:27,SomniGuard,70.6,SpO2:97.8% BPM:71 [7D 0D 37 26 C2 02 01 00 18 03 01 52]
49773,1.78931E+12,9/13/2026 21:27,SomniGuard,71.6,SpO2:97.8% BPM:72 [7E 0D 37 26 CC 02 01 00 18 03 01 52]
49774,1.78931E+12,9/13/2026 21:27,SomniGuard,70.6,SpO2:97.8% BPM:71 [7F 0D 37 26 C2 02 01 00 18 03 01 52]
49775,1.78931E+12,9/13/2026 21:27,SomniGuard,71.6,SpO2:97.8% BPM:72 [80 0D 37 26 CC 02 01 00 18 03 01 52]
49776,1.78931E+12,9/13/2026 21:27,SomniGuard,70.6,SpO2:97.8% BPM:71 [81 0D 37 26 C2 02 01 00 18 03 01 52]
49777,1.78931E+12,9/13/2026 21:27,SomniGuard,71.6,SpO2:97.8% BPM:72 [82 0D 37 26 CC 02 01 00 18 03 01 52]
49778,1.78931E+12,9/13/2026 21:27,SomniGuard,70.6,SpO2:97.8% BPM:71 [83 0D 37 26 C2 02 01 00 18 03 01 52]
49779,1.78931E+12,9/13/2026 21:27,SomniGuard,71.6,SpO2:97.8% BPM:72 [84 0D 37 26 CC 02 01 00 18 03 01 52]
49780,1.78931E+12,9/13/2026 21:27,SomniGuard,70.6,SpO2:97.8% BPM:71 [85 0D 37 26 C2 02 01 00 18 03 01 52]
49781,1.78931E+12,9/13/2026 21:27,SomniGuard,71.6,SpO2:97.8% BPM:72 [86 0D 37 26 CC 02 01 00 18 03 01 52]
49782,1.78931E+12,9/13/2026 21:27,SomniGuard,70.6,SpO2:97.8% BPM:71 [87 0D 37 26 C2 02 01 00 18 03 01 52]
49783,1.78931E+12,9/13/2026 21:27,SomniGuard,71.6,SpO2:97.8% BPM:72 [88 0D 37 26 CC 02 01 00 18 03 01 52]
49784,1.78931E+12,9/13/2026 21:27,SomniGuard,70.6,SpO2:97.8% BPM:71 [89 0D 37 26 C2 02 01 00 18 03 01 52]
49785,1.78931E+12,9/13/2026 21:27,SomniGuard,71.6,SpO2:97.8% BPM:72 [8A 0D 37 26 CC 02 01 00 18 03 01 52]
49786,1.78931E+12,9/13/2026 21:27,SomniGuard,70.6,SpO2:97.8% BPM:71 [8B 0D 37 26 C2 02 01 00 18 03 01 52]
49787,1.78931E+12,9/13/2026 21:27,SomniGuard,71.6,SpO2:97.8% BPM:72 [8C 0D 37 26 CC 02 01 00 18 03 01 52]
49788,1.78931E+12,9/13/2026 21:27,SomniGuard,70.6,SpO2:97.8% BPM:71 [8D 0D 37 26 C2 02 01 00 18 03 01 52]
49789,1.78931E+12,9/13/2026 21:27,SomniGuard,71.6,SpO2:97.8% BPM:72 [8E 0D 37 26 CC 02 01 00 18 03 01 52]
49790,1.78931E+12,9/13/2026 21:27,SomniGuard,70.6,SpO2:97.8% BPM:71 [8F 0D 37 26 C2 02 01 00 18 03 01 52]
49791,1.78931E+12,9/13/2026 21:27,SomniGuard,71.6,SpO2:97.8% BPM:72 [90 0D 37 26 CC 02 01 00 18 03 01 52]
49792,1.78931E+12,9/13/2026 21:27,SomniGuard,70.6,SpO2:97.8% BPM:71 [91 0D 37 26 C2 02 01 00 18 03 01 52]
49793,1.78931E+12,9/13/2026 21:27,SomniGuard,71.6,SpO2:97.8% BPM:72 [92 0D 37 26 CC 02 01 00 18 03 01 52]
49794,1.78931E+12,9/13/2026 21:27,SomniGuard,70.6,SpO2:97.8% BPM:71 [93 0D 37 26 C2 02 01 00 18 03 01 52]
49795,1.78931E+12,9/13/2026 21:27,SomniGuard,71.6,SpO2:97.8% BPM:72 [94 0D 37 26 CC 02 01 00 18 03 01 52]
49796,1.78931E+12,9/13/2026 21:27,SomniGuard,70.6,SpO2:97.8% BPM:71 [95 0D 37 26 C2 02 01 00 18 03 01 52]
49797,1.78931E+12,9/13/2026 21:27,SomniGuard,71.6,SpO2:97.8% BPM:72 [96 0D 37 26 CC 02 01 00 18 03 01 52]
49798,1.78931E+12,9/13/2026 21:27,SomniGuard,70.6,SpO2:97.8% BPM:71 [97 0D 37 26 C2 02 01 00 18 03 01 52]
49799,1.78931E+12,9/13/2026 21:27,SomniGuard,71.6,SpO2:97.8% BPM:72 [98 0D 37 26 CC 02 01 00 18 03 01 52]
49800,1.78931E+12,9/13/2026 21:27,SomniGuard,70.6,SpO2:97.8% BPM:71 [99 0D 37 26 C2 02 01 00 18 03 01 52]
49801,1.78931E+12,9/13/2026 21:27,SomniGuard,71.6,SpO2:97.8% BPM:72 [9A 0D 37 26 CC 02 01 00 18 03 01 52]
49802,1.78931E+12,9/13/2026 21:27,SomniGuard,70.6,SpO2:97.8% BPM:71 [9B 0D 37 26 C2 02 01 00 18 03 01 52]
49803,1.78931E+12,9/13/2026 21:27,SomniGuard,71.6,SpO2:97.8% BPM:72 [9C 0D 37 26 CC 02 01 00 18 03 01 52]
49804,1.78931E+12,9/13/2026 21:27,SomniGuard,70.6,SpO2:97.8% BPM:71 [9D 0D 37 26 C2 02 01 00 18 03 01 52]
49805,1.78931E+12,9/13/2026 21:27,SomniGuard,71.6,SpO2:97.8% BPM:72 [9E 0D 37 26 CC 02 01 00 18 03 01 52]
49806,1.78931E+12,9/13/2026 21:27,SomniGuard,70.6,SpO2:97.8% BPM:71 [9F 0D 37 26 C2 02 01 00 18 03 01 52]
49807,1.78931E+12,9/13/2026 21:27,SomniGuard,71.6,SpO2:97.8% BPM:72 [A0 0D 37 26 CC 02 01 00 18 03 01 52]
49808,1.78931E+12,9/13/2026 21:27,SomniGuard,70.6,SpO2:97.8% BPM:71 [A1 0D 37 26 C2 02 01 00 18 03 01 52]
49809,1.78931E+12,9/13/2026 21:27,SomniGuard,71.6,SpO2:97.8% BPM:72 [A2 0D 37 26 CC 02 01 00 18 03 01 52]
49810,1.78931E+12,9/13/2026 21:27,SomniGuard,70.6,SpO2:97.8% BPM:71 [A3 0D 37 26 C2 02 01 00 18 03 01 52]
49811,1.78931E+12,9/13/2026 21:27,SomniGuard,71.6,SpO2:97.8% BPM:72 [A4 0D 37 26 CC 02 01 00 18 03 01 52]
49812,1.78931E+12,9/13/2026 21:27,SomniGuard,70.6,SpO2:97.8% BPM:71 [A5 0D 37 26 C2 02 01 00 18 03 01 52]
49813,1.78931E+12,9/13/2026 21:27,SomniGuard,71.6,SpO2:97.8% BPM:72 [A6 0D 37 26 CC 02 01 00 18 03 01 52]
49814,1.78931E+12,9/13/2026 21:27,SomniGuard,70.6,SpO2:97.8% BPM:71 [A7 0D 37 26 C2 02 01 00 18 03 01 52]
49815,1.78931E+12,9/13/2026 21:28,SomniGuard,71.6,SpO2:97.8% BPM:72 [A8 0D 37 26 CC 02 01 00 18 03 01 52]
49816,1.78931E+12,9/13/2026 21:28,SomniGuard,70.6,SpO2:97.8% BPM:71 [A9 0D 37 26 C2 02 01 00 18 03 01 52]
49817,1.78931E+12,9/13/2026 21:28,SomniGuard,71.6,SpO2:97.8% BPM:72 [AA 0D 37 26 CC 02 01 00 18 03 01 52]
49818,1.78931E+12,9/13/2026 21:28,SomniGuard,70.6,SpO2:97.8% BPM:71 [AB 0D 37 26 C2 02 01 00 18 03 01 52]
49819,1.78931E+12,9/13/2026 21:28,SomniGuard,71.6,SpO2:97.8% BPM:72 [AC 0D 37 26 CC 02 01 00 18 03 01 52]
49820,1.78931E+12,9/13/2026 21:28,SomniGuard,70.6,SpO2:97.8% BPM:71 [AD 0D 37 26 C2 02 01 00 18 03 01 52]
49821,1.78931E+12,9/13/2026 21:28,SomniGuard,71.6,SpO2:97.8% BPM:72 [AE 0D 37 26 CC 02 01 00 18 03 01 52]
49822,1.78931E+12,9/13/2026 21:28,SomniGuard,70.6,SpO2:97.8% BPM:71 [AF 0D 37 26 C2 02 01 00 18 03 01 52]
49823,1.78931E+12,9/13/2026 21:28,SomniGuard,71.6,SpO2:97.8% BPM:72 [B0 0D 37 26 CC 02 01 00 18 03 01 52]
49824,1.78931E+12,9/13/2026 21:28,SomniGuard,70.6,SpO2:97.8% BPM:71 [B1 0D 37 26 C2 02 01 00 18 03 01 52]
49825,1.78931E+12,9/13/2026 21:28,SomniGuard,71.6,SpO2:97.8% BPM:72 [B2 0D 37 26 CC 02 01 00 18 03 01 52]
49826,1.78931E+12,9/13/2026 21:28,SomniGuard,70.6,SpO2:97.8% BPM:71 [B3 0D 37 26 C2 02 01 00 18 03 01 52]
49827,1.78931E+12,9/13/2026 21:28,SomniGuard,71.6,SpO2:97.8% BPM:72 [B4 0D 37 26 CC 02 01 00 18 03 01 52]
49828,1.78931E+12,9/13/2026 21:28,SomniGuard,70.6,SpO2:97.8% BPM:71 [B5 0D 37 26 C2 02 01 00 18 03 01 52]
49829,1.78931E+12,9/13/2026 21:28,SomniGuard,71.6,SpO2:97.8% BPM:72 [B6 0D 37 26 CC 02 01 00 18 03 01 52]
49830,1.78931E+12,9/13/2026 21:28,SomniGuard,70.6,SpO2:97.8% BPM:71 [B7 0D 37 26 C2 02 01 00 18 03 01 52]
49831,1.78931E+12,9/13/2026 21:28,SomniGuard,71.6,SpO2:97.8% BPM:72 [B8 0D 37 26 CC 02 01 00 18 03 01 52]
49832,1.78931E+12,9/13/2026 21:28,SomniGuard,70.6,SpO2:97.8% BPM:71 [B9 0D 37 26 C2 02 01 00 18 03 01 52]
49833,1.78931E+12,9/13/2026 21:28,SomniGuard,71.6,SpO2:97.8% BPM:72 [BA 0D 37 26 CC 02 01 00 18 03 01 52]
49834,1.78931E+12,9/13/2026 21:28,SomniGuard,70.6,SpO2:97.8% BPM:71 [BB 0D 37 26 C2 02 01 00 18 03 01 52]
49835,1.78931E+12,9/13/2026 21:28,SomniGuard,71.6,SpO2:97.8% BPM:72 [BC 0D 37 26 CC 02 01 00 18 03 01 52]
49836,1.78931E+12,9/13/2026 21:28,SomniGuard,70.6,SpO2:97.8% BPM:71 [BD 0D 37 26 C2 02 01 00 18 03 01 52]
49837,1.78931E+12,9/13/2026 21:28,SomniGuard,71.6,SpO2:97.8% BPM:72 [BE 0D 37 26 CC 02 01 00 18 03 01 52]
49838,1.78931E+12,9/13/2026 21:28,SomniGuard,70.6,SpO2:97.8% BPM:71 [BF 0D 37 26 C2 02 01 00 18 03 01 52]
49839,1.78931E+12,9/13/2026 21:28,SomniGuard,71.6,SpO2:97.8% BPM:72 [C0 0D 37 26 CC 02 01 00 18 03 01 52]
49840,1.78931E+12,9/13/2026 21:28,SomniGuard,70.6,SpO2:97.8% BPM:71 [C1 0D 37 26 C2 02 01 00 18 03 01 52]
49841,1.78931E+12,9/13/2026 21:28,SomniGuard,71.6,SpO2:97.8% BPM:72 [C2 0D 37 26 CC 02 01 00 18 03 01 52]
49842,1.78931E+12,9/13/2026 21:28,SomniGuard,70.6,SpO2:97.8% BPM:71 [C3 0D 37 26 C2 02 01 00 18 03 01 52]
49843,1.78931E+12,9/13/2026 21:28,SomniGuard,71.6,SpO2:97.8% BPM:72 [C4 0D 37 26 CC 02 01 00 18 03 01 52]
49844,1.78931E+12,9/13/2026 21:28,SomniGuard,70.6,SpO2:97.8% BPM:71 [C5 0D 37 26 C2 02 01 00 18 03 01 52]
49845,1.78931E+12,9/13/2026 21:28,SomniGuard,71.6,SpO2:97.8% BPM:72 [C6 0D 37 26 CC 02 01 00 18 03 01 52]
49846,1.78931E+12,9/13/2026 21:28,SomniGuard,70.6,SpO2:97.8% BPM:71 [C7 0D 37 26 C2 02 01 00 18 03 01 52]
49847,1.78931E+12,9/13/2026 21:28,SomniGuard,71.6,SpO2:97.8% BPM:72 [C8 0D 37 26 CC 02 01 00 18 03 01 52]
49848,1.78931E+12,9/13/2026 21:28,SomniGuard,70.6,SpO2:97.8% BPM:71 [C9 0D 37 26 C2 02 01 00 18 03 01 52]
49849,1.78931E+12,9/13/2026 21:28,SomniGuard,71.6,SpO2:97.8% BPM:72 [CA 0D 37 26 CC 02 01 00 18 03 01 52]
49850,1.78931E+12,9/13/2026 21:28,SomniGuard,70.6,SpO2:97.8% BPM:71 [CB 0D 37 26 C2 02 01 00 18 03 01 52]
49851,1.78931E+12,9/13/2026 21:28,SomniGuard,71.6,SpO2:97.8% BPM:72 [CC 0D 37 26 CC 02 01 00 18 03 01 52]
49852,1.78931E+12,9/13/2026 21:28,SomniGuard,70.6,SpO2:97.8% BPM:71 [CD 0D 37 26 C2 02 01 00 18 03 01 52]
49853,1.78931E+12,9/13/2026 21:28,SomniGuard,71.6,SpO2:97.8% BPM:72 [CE 0D 37 26 CC 02 01 00 18 03 01 52]
49854,1.78931E+12,9/13/2026 21:28,SomniGuard,70.6,SpO2:97.8% BPM:71 [CF 0D 37 26 C2 02 01 00 18 03 01 52]
49855,1.78931E+12,9/13/2026 21:28,SomniGuard,71.6,SpO2:97.8% BPM:72 [D0 0D 37 26 CC 02 01 00 18 03 01 52]
49856,1.78931E+12,9/13/2026 21:28,SomniGuard,70.6,SpO2:97.8% BPM:71 [D1 0D 37 26 C2 02 01 00 18 03 01 52]
49857,1.78931E+12,9/13/2026 21:28,SomniGuard,71.6,SpO2:97.8% BPM:72 [D2 0D 37 26 CC 02 01 00 18 03 01 52]
49858,1.78931E+12,9/13/2026 21:28,SomniGuard,70.6,SpO2:97.8% BPM:71 [D3 0D 37 26 C2 02 01 00 18 03 01 52]
49859,1.78931E+12,9/13/2026 21:28,SomniGuard,71.6,SpO2:97.8% BPM:72 [D4 0D 37 26 CC 02 01 00 18 03 01 52]
49860,1.78931E+12,9/13/2026 21:28,SomniGuard,112.5,SpO2:89.6% BPM:113 [D5 0D 04 23 65 04 01 00 18 04 01 52]
49861,1.78931E+12,9/13/2026 21:28,SomniGuard,113.3,SpO2:89.5% BPM:113 [D6 0D F5 22 6D 04 01 00 18 04 01 52]
49862,1.78931E+12,9/13/2026 21:28,SomniGuard,114.1,SpO2:89.3% BPM:114 [D7 0D E5 22 75 04 01 00 18 04 01 52]
49863,1.78931E+12,9/13/2026 21:28,SomniGuard,114.9,SpO2:89.2% BPM:115 [D8 0D D6 22 7D 04 01 00 18 04 01 52]
49864,1.78931E+12,9/13/2026 21:28,SomniGuard,115.7,SpO2:89.0% BPM:116 [D9 0D C6 22 85 04 01 00 18 04 01 52]
49865,1.78931E+12,9/13/2026 21:28,SomniGuard,116.5,SpO2:88.9% BPM:117 [DA 0D B7 22 8D 04 01 00 18 04 01 52]
49866,1.78931E+12,9/13/2026 21:28,SomniGuard,117.3,SpO2:88.7% BPM:117 [DB 0D A7 22 95 04 01 00 18 04 01 52]
49867,1.78931E+12,9/13/2026 21:28,SomniGuard,118.1,SpO2:88.6% BPM:118 [DC 0D 98 22 9D 04 01 00 18 04 01 52]
49868,1.78931E+12,9/13/2026 21:28,SomniGuard,118.9,SpO2:88.4% BPM:119 [DD 0D 88 22 A5 04 01 00 18 04 01 52]
49869,1.78931E+12,9/13/2026 21:28,SomniGuard,119.7,SpO2:88.3% BPM:120 [DE 0D 79 22 AD 04 01 00 18 04 01 52]
49870,1.78931E+12,9/13/2026 21:28,SomniGuard,120.5,SpO2:88.1% BPM:121 [DF 0D 69 22 B5 04 01 00 18 04 01 52]
49871,1.78931E+12,9/13/2026 21:28,SomniGuard,121.3,SpO2:87.9% BPM:121 [E0 0D 5A 22 BD 04 01 00 18 04 01 52]
49872,1.78931E+12,9/13/2026 21:28,SomniGuard,122.1,SpO2:87.8% BPM:122 [E1 0D 4A 22 C5 04 01 00 18 04 01 52]
49873,1.78931E+12,9/13/2026 21:28,SomniGuard,122.9,SpO2:87.6% BPM:123 [E2 0D 3B 22 CD 04 01 00 18 04 01 52]
49874,1.78931E+12,9/13/2026 21:28,SomniGuard,123.7,SpO2:87.5% BPM:124 [E3 0D 2B 22 D5 04 01 00 18 04 01 52]
49875,1.78931E+12,9/13/2026 21:29,SomniGuard,124.5,SpO2:87.3% BPM:125 [E4 0D 1C 22 DD 04 01 00 18 04 01 52]
49876,1.78931E+12,9/13/2026 21:29,SomniGuard,125.3,SpO2:87.2% BPM:125 [E5 0D 0C 22 E5 04 01 00 18 04 01 52]
49877,1.78931E+12,9/13/2026 21:29,SomniGuard,126.1,SpO2:87.0% BPM:126 [E6 0D FD 21 ED 04 01 00 18 04 01 52]
49878,1.78931E+12,9/13/2026 21:29,SomniGuard,126.9,SpO2:86.8% BPM:127 [E7 0D ED 21 F5 04 01 00 18 04 01 52]
49879,1.78931E+12,9/13/2026 21:29,SomniGuard,127.7,SpO2:86.7% BPM:128 [E8 0D DE 21 FD 04 01 00 18 04 01 52]
49880,1.78931E+12,9/13/2026 21:29,SomniGuard,128.5,SpO2:86.5% BPM:129 [E9 0D CE 21 05 05 01 00 18 04 01 52]
49881,1.78931E+12,9/13/2026 21:29,SomniGuard,129.3,SpO2:86.4% BPM:129 [EA 0D BF 21 0D 05 01 00 18 04 01 52]
49882,1.78931E+12,9/13/2026 21:29,SomniGuard,130.5,SpO2:86.2% BPM:131 [EB 0D A7 21 19 05 01 00 18 04 01 52]
49883,1.78931E+12,9/13/2026 21:29,SomniGuard,131.3,SpO2:86.0% BPM:131 [EC 0D 98 21 21 05 01 00 18 04 01 52]
49884,1.78931E+12,9/13/2026 21:29,SomniGuard,131.7,SpO2:85.9% BPM:132 [ED 0D 90 21 25 05 01 00 18 04 01 52]
49885,1.78931E+12,9/13/2026 21:29,SomniGuard,132.5,SpO2:85.8% BPM:133 [EE 0D 81 21 2D 05 01 00 18 04 01 52]
49886,1.78931E+12,9/13/2026 21:29,SomniGuard,133.7,SpO2:85.5% BPM:134 [EF 0D 69 21 39 05 01 00 18 04 01 52]
49887,1.78931E+12,9/13/2026 21:29,SomniGuard,134.5,SpO2:85.4% BPM:135 [F0 0D 5A 21 41 05 01 00 18 04 01 52]
49888,1.78931E+12,9/13/2026 21:29,SomniGuard,135.3,SpO2:85.2% BPM:135 [F1 0D 4A 21 49 05 01 00 18 04 01 52]
49889,1.78931E+12,9/13/2026 21:29,SomniGuard,136.1,SpO2:85.1% BPM:136 [F2 0D 3B 21 51 05 01 00 18 04 01 52]
49890,1.78931E+12,9/13/2026 21:29,SomniGuard,136.9,SpO2:84.9% BPM:137 [F3 0D 2B 21 59 05 01 00 18 04 01 52]
49891,1.78931E+12,9/13/2026 21:29,SomniGuard,137.7,SpO2:84.8% BPM:138 [F4 0D 1C 21 61 05 01 00 18 04 01 52]
49892,1.78931E+12,9/13/2026 21:29,SomniGuard,138.5,SpO2:84.6% BPM:139 [F5 0D 0C 21 69 05 01 00 18 04 01 52]
49893,1.78931E+12,9/13/2026 21:29,SomniGuard,139.3,SpO2:84.4% BPM:139 [F6 0D FD 20 71 05 01 00 18 04 01 52]
49894,1.78931E+12,9/13/2026 21:29,SomniGuard,140.1,SpO2:84.3% BPM:140 [F7 0D ED 20 79 05 01 00 18 04 01 52]
49895,1.78931E+12,9/13/2026 21:29,SomniGuard,140.9,SpO2:84.1% BPM:141 [F8 0D DE 20 81 05 01 00 18 04 01 52]
49896,1.78931E+12,9/13/2026 21:29,SomniGuard,141.7,SpO2:84.0% BPM:142 [F9 0D CE 20 89 05 01 00 18 04 01 52]
49897,1.78931E+12,9/13/2026 21:29,SomniGuard,142.5,SpO2:83.8% BPM:143 [FA 0D BF 20 91 05 01 00 18 04 01 52]
49898,1.78931E+12,9/13/2026 21:29,SomniGuard,143.3,SpO2:83.7% BPM:143 [FB 0D AF 20 99 05 01 00 18 04 01 52]
49899,1.78931E+12,9/13/2026 21:29,SomniGuard,144.1,SpO2:83.5% BPM:144 [FC 0D A0 20 A1 05 01 00 18 04 01 52]
49900,1.78931E+12,9/13/2026 21:29,SomniGuard,144.9,SpO2:83.4% BPM:145 [FD 0D 90 20 A9 05 01 00 18 04 01 52]
49901,1.78931E+12,9/13/2026 21:29,SomniGuard,145.7,SpO2:83.2% BPM:146 [FE 0D 81 20 B1 05 01 00 18 04 01 52]
49902,1.78931E+12,9/13/2026 21:29,SomniGuard,146.5,SpO2:83.1% BPM:147 [FF 0D 71 20 B9 05 01 00 18 04 01 52]
49903,1.78931E+12,9/13/2026 21:29,SomniGuard,147.3,SpO2:82.9% BPM:147 [00 0E 62 20 C1 05 01 00 18 04 01 52]
49904,1.78931E+12,9/13/2026 21:29,SomniGuard,148.1,SpO2:82.7% BPM:148 [01 0E 52 20 C9 05 01 00 18 04 01 52]
49905,1.78931E+12,9/13/2026 21:44,SomniGuard,70.1,SpO2:97.6% BPM:70 [08 00 1E 26 BD 02 01 00 18 02 00 51]
49906,1.78931E+12,9/13/2026 21:44,SomniGuard,71.1,SpO2:97.6% BPM:71 [09 00 1E 26 C7 02 01 00 18 02 00 51]
49907,1.78931E+12,9/13/2026 21:44,SomniGuard,70.1,SpO2:97.6% BPM:70 [0A 00 1E 26 BD 02 02 00 18 02 00 51]
49908,1.78931E+12,9/13/2026 21:44,SomniGuard,71.1,SpO2:97.6% BPM:71 [0B 00 1E 26 C7 02 04 00 18 02 00 51]
49909,1.78931E+12,9/13/2026 21:44,SomniGuard,70.1,SpO2:97.6% BPM:70 [0C 00 1E 26 BD 02 04 00 18 02 00 51]
49910,1.78931E+12,9/13/2026 21:44,SomniGuard,71.1,SpO2:97.6% BPM:71 [0D 00 1E 26 C7 02 02 00 18 02 00 51]
49911,1.78931E+12,9/13/2026 21:44,SomniGuard,70.1,SpO2:97.6% BPM:70 [0E 00 1E 26 BD 02 02 00 18 02 00 51]
49912,1.78931E+12,9/13/2026 21:44,SomniGuard,71.1,SpO2:97.6% BPM:71 [0F 00 1E 26 C7 02 02 00 18 02 00 51]
49913,1.78931E+12,9/13/2026 21:44,SomniGuard,70.1,SpO2:97.6% BPM:70 [10 00 1E 26 BD 02 01 00 18 02 00 51]
49914,1.78931E+12,9/13/2026 21:44,SomniGuard,71.1,SpO2:97.6% BPM:71 [11 00 1E 26 C7 02 02 00 18 02 00 51]
49915,1.78931E+12,9/13/2026 21:44,SomniGuard,70.1,SpO2:97.6% BPM:70 [12 00 1E 26 BD 02 05 00 18 02 00 51]
49916,1.78931E+12,9/13/2026 21:44,SomniGuard,71.1,SpO2:97.6% BPM:71 [13 00 1E 26 C7 02 02 00 18 02 00 51]
49917,1.78931E+12,9/13/2026 21:44,SomniGuard,70.1,SpO2:97.6% BPM:70 [14 00 1E 26 BD 02 02 00 18 02 00 51]
49918,1.78931E+12,9/13/2026 21:44,SomniGuard,71.1,SpO2:97.6% BPM:71 [15 00 1E 26 C7 02 02 00 18 02 00 51]
49919,1.78931E+12,9/13/2026 21:44,SomniGuard,70.1,SpO2:97.6% BPM:70 [16 00 1E 26 BD 02 02 00 18 02 00 51]
49920,1.78931E+12,9/13/2026 21:44,SomniGuard,71.1,SpO2:97.6% BPM:71 [17 00 1E 26 C7 02 01 00 18 02 00 51]
49921,1.78931E+12,9/13/2026 21:44,SomniGuard,70.1,SpO2:97.6% BPM:70 [18 00 1E 26 BD 02 0B 00 18 02 00 51]
49922,1.78931E+12,9/13/2026 21:44,SomniGuard,71.1,SpO2:97.6% BPM:71 [19 00 1E 26 C7 02 04 00 18 02 00 51]
49923,1.78931E+12,9/13/2026 21:44,SomniGuard,70.1,SpO2:97.6% BPM:70 [1A 00 1E 26 BD 02 03 00 18 02 00 51]
49924,1.78931E+12,9/13/2026 21:44,SomniGuard,71.1,SpO2:97.6% BPM:71 [1B 00 1E 26 C7 02 04 00 18 02 00 51]
49925,1.78931E+12,9/13/2026 21:44,SomniGuard,70.1,SpO2:97.6% BPM:70 [1C 00 1E 26 BD 02 0B 00 18 02 00 51]
49926,1.78931E+12,9/13/2026 21:44,SomniGuard,71.1,SpO2:97.6% BPM:71 [1D 00 1E 26 C7 02 0E 00 18 02 00 51]
49927,1.78931E+12,9/13/2026 21:44,SomniGuard,70.1,SpO2:97.6% BPM:70 [1E 00 1E 26 BD 02 03 00 18 02 00 51]
49928,1.78931E+12,9/13/2026 21:44,SomniGuard,71.1,SpO2:97.6% BPM:71 [1F 00 1E 26 C7 02 03 00 18 02 00 51]
49929,1.78931E+12,9/13/2026 21:44,SomniGuard,70.1,SpO2:97.6% BPM:70 [20 00 1E 26 BD 02 03 00 18 02 00 51]
49930,1.78931E+12,9/13/2026 21:44,SomniGuard,71.1,SpO2:97.6% BPM:71 [21 00 1E 26 C7 02 02 00 18 02 00 51]
49931,1.78931E+12,9/13/2026 21:44,SomniGuard,70.1,SpO2:97.6% BPM:70 [22 00 1E 26 BD 02 02 00 18 02 00 51]
49932,1.78931E+12,9/13/2026 21:44,SomniGuard,71.1,SpO2:97.6% BPM:71 [23 00 1E 26 C7 02 02 00 18 02 00 51]
49933,1.78931E+12,9/13/2026 21:44,SomniGuard,70.1,SpO2:97.6% BPM:70 [24 00 1E 26 BD 02 02 00 18 02 00 51]
49934,1.78931E+12,9/13/2026 21:44,SomniGuard,71.1,SpO2:97.6% BPM:71 [25 00 1E 26 C7 02 02 00 18 02 00 51]
49935,1.78931E+12,9/13/2026 21:44,SomniGuard,70.1,SpO2:97.6% BPM:70 [26 00 1E 26 BD 02 02 00 18 02 00 51]
49936,1.78931E+12,9/13/2026 21:44,SomniGuard,71.1,SpO2:97.6% BPM:71 [27 00 1E 26 C7 02 02 00 18 02 00 51]
49937,1.78931E+12,9/13/2026 21:44,SomniGuard,70.1,SpO2:97.6% BPM:70 [28 00 1E 26 BD 02 02 00 18 02 00 51]
49938,1.78931E+12,9/13/2026 21:44,SomniGuard,71.1,SpO2:97.6% BPM:71 [29 00 1E 26 C7 02 02 00 18 02 00 51]
49939,1.78931E+12,9/13/2026 21:44,SomniGuard,70.1,SpO2:97.6% BPM:70 [2A 00 1E 26 BD 02 02 00 18 02 00 51]
49940,1.78931E+12,9/13/2026 21:44,SomniGuard,71.1,SpO2:97.6% BPM:71 [2B 00 1E 26 C7 02 02 00 18 02 00 51]
49941,1.78931E+12,9/13/2026 21:44,SomniGuard,70.1,SpO2:97.6% BPM:70 [2C 00 1E 26 BD 02 02 00 18 02 00 51]
49942,1.78931E+12,9/13/2026 21:44,SomniGuard,71.1,SpO2:97.6% BPM:71 [2D 00 1E 26 C7 02 03 00 18 02 00 51]
49943,1.78931E+12,9/13/2026 21:44,SomniGuard,70.1,SpO2:97.6% BPM:70 [2E 00 1E 26 BD 02 02 00 18 02 00 51]
49944,1.78931E+12,9/13/2026 21:44,SomniGuard,71.1,SpO2:97.6% BPM:71 [2F 00 1E 26 C7 02 02 00 18 02 00 51]
49945,1.78931E+12,9/13/2026 21:44,SomniGuard,70.1,SpO2:97.6% BPM:70 [30 00 1E 26 BD 02 02 00 18 02 00 51]
49946,1.78931E+12,9/13/2026 21:44,SomniGuard,71.1,SpO2:97.6% BPM:71 [31 00 1E 26 C7 02 02 00 18 02 00 51]
49947,1.78931E+12,9/13/2026 21:44,SomniGuard,70.1,SpO2:97.6% BPM:70 [32 00 1E 26 BD 02 02 00 18 02 00 51]
49948,1.78931E+12,9/13/2026 21:44,SomniGuard,71.1,SpO2:97.6% BPM:71 [33 00 1E 26 C7 02 02 00 18 02 00 51]
49949,1.78931E+12,9/13/2026 21:44,SomniGuard,70.1,SpO2:97.6% BPM:70 [34 00 1E 26 BD 02 02 00 18 02 00 51]
49950,1.78931E+12,9/13/2026 21:44,SomniGuard,71.1,SpO2:97.6% BPM:71 [35 00 1E 26 C7 02 02 00 18 02 00 51]
49951,1.78931E+12,9/13/2026 21:44,SomniGuard,70.1,SpO2:97.6% BPM:70 [36 00 1E 26 BD 02 02 00 18 02 00 51]
49952,1.78931E+12,9/13/2026 21:44,SomniGuard,71.1,SpO2:97.6% BPM:71 [37 00 1E 26 C7 02 02 00 18 02 00 51]
49953,1.78931E+12,9/13/2026 21:44,SomniGuard,70.1,SpO2:97.6% BPM:70 [38 00 1E 26 BD 02 02 00 18 02 00 51]
49954,1.78931E+12,9/13/2026 21:44,SomniGuard,71.1,SpO2:97.6% BPM:71 [39 00 1E 26 C7 02 02 00 18 02 00 51]
49955,1.78931E+12,9/13/2026 21:44,SomniGuard,70.1,SpO2:97.6% BPM:70 [3A 00 1E 26 BD 02 02 00 18 02 00 51]
49956,1.78931E+12,9/13/2026 21:44,SomniGuard,71.1,SpO2:97.6% BPM:71 [3B 00 1E 26 C7 02 02 00 18 02 00 51]
49957,1.78931E+12,9/13/2026 21:44,SomniGuard,70.1,SpO2:97.6% BPM:70 [3C 00 1E 26 BD 02 02 00 18 02 00 51]
49958,1.78931E+12,9/13/2026 21:44,SomniGuard,71.1,SpO2:97.6% BPM:71 [3D 00 1E 26 C7 02 02 00 18 02 00 51]
49959,1.78931E+12,9/13/2026 21:44,SomniGuard,70.1,SpO2:97.6% BPM:70 [3E 00 1E 26 BD 02 02 00 18 02 00 51]
49960,1.78931E+12,9/13/2026 21:44,SomniGuard,71.1,SpO2:97.6% BPM:71 [3F 00 1E 26 C7 02 02 00 18 02 00 51]
49961,1.78931E+12,9/13/2026 21:44,SomniGuard,70.1,SpO2:97.6% BPM:70 [40 00 1E 26 BD 02 02 00 18 02 00 51]
49962,1.78931E+12,9/13/2026 21:45,SomniGuard,71.1,SpO2:97.6% BPM:71 [41 00 1E 26 C7 02 02 00 18 02 00 51]
49963,1.78931E+12,9/13/2026 21:45,SomniGuard,70.1,SpO2:97.6% BPM:70 [42 00 1E 26 BD 02 02 00 18 02 00 51]
49964,1.78931E+12,9/13/2026 21:45,SomniGuard,71.1,SpO2:97.6% BPM:71 [43 00 1E 26 C7 02 02 00 18 02 00 51]
49965,1.78931E+12,9/13/2026 21:45,SomniGuard,70.1,SpO2:97.6% BPM:70 [44 00 1E 26 BD 02 02 00 18 02 00 51]
49966,1.78931E+12,9/13/2026 21:45,SomniGuard,71.1,SpO2:97.6% BPM:71 [45 00 1E 26 C7 02 02 00 18 02 00 51]
49967,1.78931E+12,9/13/2026 21:45,SomniGuard,70.1,SpO2:97.6% BPM:70 [46 00 1E 26 BD 02 02 00 18 02 00 51]
49968,1.78931E+12,9/13/2026 21:45,SomniGuard,71.1,SpO2:97.6% BPM:71 [47 00 1E 26 C7 02 02 00 18 02 00 51]
49969,1.78931E+12,9/13/2026 21:45,SomniGuard,70.1,SpO2:97.6% BPM:70 [48 00 1E 26 BD 02 02 00 18 02 00 51]
49970,1.78931E+12,9/13/2026 21:45,SomniGuard,71.1,SpO2:97.6% BPM:71 [49 00 1E 26 C7 02 02 00 18 02 00 51]
49971,1.78931E+12,9/13/2026 21:45,SomniGuard,70.1,SpO2:97.6% BPM:70 [4A 00 1E 26 BD 02 02 00 18 02 00 51]
49972,1.78931E+12,9/13/2026 21:45,SomniGuard,71.1,SpO2:97.6% BPM:71 [4B 00 1E 26 C7 02 02 00 18 02 00 51]
49973,1.78931E+12,9/13/2026 21:45,SomniGuard,70.1,SpO2:97.6% BPM:70 [4C 00 1E 26 BD 02 02 00 18 02 00 51]
49974,1.78931E+12,9/13/2026 21:45,SomniGuard,71.1,SpO2:97.6% BPM:71 [4D 00 1E 26 C7 02 02 00 18 02 00 51]
49975,1.78931E+12,9/13/2026 21:45,SomniGuard,70.1,SpO2:97.6% BPM:70 [4E 00 1E 26 BD 02 02 00 18 02 00 51]
49976,1.78931E+12,9/13/2026 21:45,SomniGuard,71.1,SpO2:97.6% BPM:71 [4F 00 1E 26 C7 02 02 00 18 02 00 51]
49977,1.78931E+12,9/13/2026 21:45,SomniGuard,70.1,SpO2:97.6% BPM:70 [50 00 1E 26 BD 02 02 00 18 03 00 51]
49978,1.78931E+12,9/13/2026 21:45,SomniGuard,71.1,SpO2:97.6% BPM:71 [51 00 1E 26 C7 02 02 00 18 03 00 51]
49979,1.78931E+12,9/13/2026 21:45,SomniGuard,70.1,SpO2:97.6% BPM:70 [52 00 1E 26 BD 02 02 00 18 03 01 51]
49980,1.78931E+12,9/13/2026 21:45,SomniGuard,71.1,SpO2:97.6% BPM:71 [53 00 1E 26 C7 02 02 00 18 03 01 51]
49981,1.78931E+12,9/13/2026 21:45,SomniGuard,70.6,SpO2:97.8% BPM:71 [54 00 37 26 C2 02 01 00 18 03 01 51]
49982,1.78931E+12,9/13/2026 21:45,SomniGuard,71.6,SpO2:97.8% BPM:72 [55 00 37 26 CC 02 02 00 18 03 01 51]
49983,1.78931E+12,9/13/2026 21:45,SomniGuard,70.6,SpO2:97.8% BPM:71 [56 00 37 26 C2 02 01 00 18 03 01 51]
49984,1.78931E+12,9/13/2026 21:45,SomniGuard,71.6,SpO2:97.8% BPM:72 [57 00 37 26 CC 02 01 00 18 03 01 51]
49985,1.78931E+12,9/13/2026 21:45,SomniGuard,70.6,SpO2:97.8% BPM:71 [58 00 37 26 C2 02 02 00 18 03 01 51]
49986,1.78931E+12,9/13/2026 21:45,SomniGuard,71.6,SpO2:97.8% BPM:72 [59 00 37 26 CC 02 01 00 18 03 01 51]
49987,1.78931E+12,9/13/2026 21:45,SomniGuard,70.6,SpO2:97.8% BPM:71 [5A 00 37 26 C2 02 01 00 18 03 01 51]
49988,1.78931E+12,9/13/2026 21:45,SomniGuard,71.6,SpO2:97.8% BPM:72 [5B 00 37 26 CC 02 02 00 18 03 01 51]
49989,1.78931E+12,9/13/2026 21:45,SomniGuard,70.6,SpO2:97.8% BPM:71 [5C 00 37 26 C2 02 01 00 18 03 01 51]
49990,1.78931E+12,9/13/2026 21:45,SomniGuard,71.6,SpO2:97.8% BPM:72 [5D 00 37 26 CC 02 01 00 18 03 01 51]
49991,1.78931E+12,9/13/2026 21:45,SomniGuard,70.6,SpO2:97.8% BPM:71 [5E 00 37 26 C2 02 01 00 18 03 01 51]
49992,1.78931E+12,9/13/2026 21:45,SomniGuard,71.6,SpO2:97.8% BPM:72 [5F 00 37 26 CC 02 01 00 18 03 01 51]
49993,1.78931E+12,9/13/2026 21:45,SomniGuard,70.6,SpO2:97.8% BPM:71 [60 00 37 26 C2 02 01 00 18 03 01 51]
49994,1.78931E+12,9/13/2026 21:45,SomniGuard,71.6,SpO2:97.8% BPM:72 [61 00 37 26 CC 02 01 00 18 03 01 51]
49995,1.78931E+12,9/13/2026 21:45,SomniGuard,70.6,SpO2:97.8% BPM:71 [62 00 37 26 C2 02 01 00 18 03 01 51]
49996,1.78931E+12,9/13/2026 21:45,SomniGuard,71.6,SpO2:97.8% BPM:72 [63 00 37 26 CC 02 02 00 18 03 01 51]
49997,1.78931E+12,9/13/2026 21:45,SomniGuard,70.6,SpO2:97.8% BPM:71 [64 00 37 26 C2 02 01 00 18 03 01 51]
49998,1.78931E+12,9/13/2026 21:45,SomniGuard,71.6,SpO2:97.8% BPM:72 [65 00 37 26 CC 02 01 00 18 03 01 51]
49999,1.78931E+12,9/13/2026 21:45,SomniGuard,70.6,SpO2:97.8% BPM:71 [66 00 37 26 C2 02 01 00 18 03 01 51]
50000,1.78931E+12,9/13/2026 21:45,SomniGuard,71.6,SpO2:97.8% BPM:72 [67 00 37 26 CC 02 02 00 18 03 01 51]
50001,1.78931E+12,9/13/2026 21:45,SomniGuard,70.6,SpO2:97.8% BPM:71 [68 00 37 26 C2 02 01 00 18 03 01 51]
50002,1.78931E+12,9/13/2026 21:45,SomniGuard,71.6,SpO2:97.8% BPM:72 [69 00 37 26 CC 02 01 00 18 03 01 51]
50003,1.78931E+12,9/13/2026 21:45,SomniGuard,70.6,SpO2:97.8% BPM:71 [6A 00 37 26 C2 02 01 00 18 03 01 51]
50004,1.78931E+12,9/13/2026 21:45,SomniGuard,71.6,SpO2:97.8% BPM:72 [6B 00 37 26 CC 02 01 00 18 03 01 51]
50005,1.78931E+12,9/13/2026 21:45,SomniGuard,70.6,SpO2:97.8% BPM:71 [6C 00 37 26 C2 02 01 00 18 03 01 51]
50006,1.78931E+12,9/13/2026 21:45,SomniGuard,71.6,SpO2:97.8% BPM:72 [6D 00 37 26 CC 02 02 00 18 03 01 51]
50007,1.78931E+12,9/13/2026 21:45,SomniGuard,70.6,SpO2:97.8% BPM:71 [6E 00 37 26 C2 02 01 00 18 03 01 51]
50008,1.78931E+12,9/13/2026 21:45,SomniGuard,71.6,SpO2:97.8% BPM:72 [6F 00 37 26 CC 02 01 00 18 03 01 51]
50009,1.78931E+12,9/13/2026 21:45,SomniGuard,70.6,SpO2:97.8% BPM:71 [70 00 37 26 C2 02 01 00 18 03 01 51]
50010,1.78931E+12,9/13/2026 21:45,SomniGuard,71.6,SpO2:97.8% BPM:72 [71 00 37 26 CC 02 01 00 18 03 01 51]
50011,1.78931E+12,9/13/2026 21:45,SomniGuard,70.6,SpO2:97.8% BPM:71 [72 00 37 26 C2 02 01 00 18 03 01 51]
50012,1.78931E+12,9/13/2026 21:45,SomniGuard,71.6,SpO2:97.8% BPM:72 [73 00 37 26 CC 02 02 00 18 03 01 51]
50013,1.78931E+12,9/13/2026 21:45,SomniGuard,70.6,SpO2:97.8% BPM:71 [74 00 37 26 C2 02 02 00 18 03 01 51]
50014,1.78931E+12,9/13/2026 21:45,SomniGuard,71.6,SpO2:97.8% BPM:72 [75 00 37 26 CC 02 02 00 18 03 01 51]
50015,1.78931E+12,9/13/2026 21:45,SomniGuard,70.6,SpO2:97.8% BPM:71 [76 00 37 26 C2 02 02 00 18 03 01 51]
50016,1.78931E+12,9/13/2026 21:45,SomniGuard,71.6,SpO2:97.8% BPM:72 [77 00 37 26 CC 02 02 00 18 03 01 51]
50017,1.78931E+12,9/13/2026 21:45,SomniGuard,70.6,SpO2:97.8% BPM:71 [78 00 37 26 C2 02 02 00 18 03 01 51]
50018,1.78931E+12,9/13/2026 21:45,SomniGuard,71.6,SpO2:97.8% BPM:72 [79 00 37 26 CC 02 02 00 18 03 01 51]
50019,1.78931E+12,9/13/2026 21:45,SomniGuard,70.6,SpO2:97.8% BPM:71 [7A 00 37 26 C2 02 01 00 18 03 01 51]
50020,1.78931E+12,9/13/2026 21:45,SomniGuard,71.6,SpO2:97.8% BPM:72 [7B 00 37 26 CC 02 02 00 18 03 01 51]
50021,1.78931E+12,9/13/2026 21:46,SomniGuard,70.6,SpO2:97.8% BPM:71 [7C 00 37 26 C2 02 02 00 18 03 01 51]
50022,1.78931E+12,9/13/2026 21:46,SomniGuard,71.6,SpO2:97.8% BPM:72 [7D 00 37 26 CC 02 02 00 18 03 01 51]
50023,1.78931E+12,9/13/2026 21:46,SomniGuard,70.6,SpO2:97.8% BPM:71 [7E 00 37 26 C2 02 02 00 18 03 01 51]
50024,1.78931E+12,9/13/2026 21:46,SomniGuard,71.6,SpO2:97.8% BPM:72 [7F 00 37 26 CC 02 01 00 18 03 01 51]
50025,1.78931E+12,9/13/2026 21:46,SomniGuard,70.6,SpO2:97.8% BPM:71 [80 00 37 26 C2 02 02 00 18 03 01 51]
50026,1.78931E+12,9/13/2026 21:46,SomniGuard,71.6,SpO2:97.8% BPM:72 [81 00 37 26 CC 02 01 00 18 03 01 51]
50027,1.78931E+12,9/13/2026 21:46,SomniGuard,70.6,SpO2:97.8% BPM:71 [82 00 37 26 C2 02 01 00 18 03 01 51]
50028,1.78931E+12,9/13/2026 21:46,SomniGuard,71.6,SpO2:97.8% BPM:72 [83 00 37 26 CC 02 02 00 18 03 01 51]
50029,1.78931E+12,9/13/2026 21:46,SomniGuard,70.6,SpO2:97.8% BPM:71 [84 00 37 26 C2 02 02 00 18 03 01 51]
50030,1.78931E+12,9/13/2026 21:46,SomniGuard,71.6,SpO2:97.8% BPM:72 [85 00 37 26 CC 02 02 00 18 03 01 51]
50031,1.78931E+12,9/13/2026 21:46,SomniGuard,70.6,SpO2:97.8% BPM:71 [86 00 37 26 C2 02 02 00 18 03 01 51]
50032,1.78931E+12,9/13/2026 21:46,SomniGuard,71.6,SpO2:97.8% BPM:72 [87 00 37 26 CC 02 02 00 18 03 01 51]
50033,1.78931E+12,9/13/2026 21:46,SomniGuard,70.6,SpO2:97.8% BPM:71 [88 00 37 26 C2 02 01 00 18 03 01 51]
50034,1.78931E+12,9/13/2026 21:46,SomniGuard,71.6,SpO2:97.8% BPM:72 [89 00 37 26 CC 02 01 00 18 03 01 51]
50035,1.78931E+12,9/13/2026 21:46,SomniGuard,70.6,SpO2:97.8% BPM:71 [8A 00 37 26 C2 02 01 00 18 03 01 51]
50036,1.78931E+12,9/13/2026 21:46,SomniGuard,71.6,SpO2:97.8% BPM:72 [8B 00 37 26 CC 02 01 00 18 03 01 51]
50037,1.78931E+12,9/13/2026 21:46,SomniGuard,70.6,SpO2:97.8% BPM:71 [8C 00 37 26 C2 02 02 00 18 03 01 51]
50038,1.78931E+12,9/13/2026 21:46,SomniGuard,71.6,SpO2:97.8% BPM:72 [8D 00 37 26 CC 02 02 00 18 03 01 51]
50039,1.78931E+12,9/13/2026 21:46,SomniGuard,70.6,SpO2:97.8% BPM:71 [8E 00 37 26 C2 02 01 00 18 03 01 51]
50040,1.78931E+12,9/13/2026 21:46,SomniGuard,71.6,SpO2:97.8% BPM:72 [8F 00 37 26 CC 02 02 00 18 03 01 51]
50041,1.78931E+12,9/13/2026 21:46,SomniGuard,70.6,SpO2:97.8% BPM:71 [90 00 37 26 C2 02 01 00 18 03 01 51]
50042,1.78931E+12,9/13/2026 21:46,SomniGuard,71.6,SpO2:97.8% BPM:72 [91 00 37 26 CC 02 02 00 18 03 01 51]
50043,1.78931E+12,9/13/2026 21:46,SomniGuard,70.6,SpO2:97.8% BPM:71 [92 00 37 26 C2 02 02 00 18 03 01 51]
50044,1.78931E+12,9/13/2026 21:46,SomniGuard,71.6,SpO2:97.8% BPM:72 [93 00 37 26 CC 02 02 00 18 03 01 51]
50045,1.78931E+12,9/13/2026 21:46,SomniGuard,70.6,SpO2:97.8% BPM:71 [94 00 37 26 C2 02 02 00 18 03 01 51]
50046,1.78931E+12,9/13/2026 21:46,SomniGuard,71.6,SpO2:97.8% BPM:72 [95 00 37 26 CC 02 02 00 18 03 01 51]
50047,1.78931E+12,9/13/2026 21:46,SomniGuard,70.6,SpO2:97.8% BPM:71 [96 00 37 26 C2 02 02 00 18 03 01 51]
50048,1.78931E+12,9/13/2026 21:46,SomniGuard,71.6,SpO2:97.8% BPM:72 [97 00 37 26 CC 02 02 00 18 03 01 51]
50049,1.78931E+12,9/13/2026 21:46,SomniGuard,70.6,SpO2:97.8% BPM:71 [98 00 37 26 C2 02 02 00 18 03 01 51]
50050,1.78931E+12,9/13/2026 21:46,SomniGuard,71.6,SpO2:97.8% BPM:72 [99 00 37 26 CC 02 02 00 18 03 01 51]
50051,1.78931E+12,9/13/2026 21:46,SomniGuard,70.6,SpO2:97.8% BPM:71 [9A 00 37 26 C2 02 02 00 18 03 01 51]
50052,1.78931E+12,9/13/2026 21:46,SomniGuard,71.6,SpO2:97.8% BPM:72 [9B 00 37 26 CC 02 02 00 18 03 01 51]
50053,1.78931E+12,9/13/2026 21:46,SomniGuard,70.6,SpO2:97.8% BPM:71 [9C 00 37 26 C2 02 02 00 18 03 01 51]
50054,1.78931E+12,9/13/2026 21:46,SomniGuard,71.6,SpO2:97.8% BPM:72 [9D 00 37 26 CC 02 02 00 18 03 01 51]
50055,1.78931E+12,9/13/2026 21:46,SomniGuard,70.6,SpO2:97.8% BPM:71 [9E 00 37 26 C2 02 02 00 18 03 01 51]
50056,1.78931E+12,9/13/2026 21:46,SomniGuard,71.6,SpO2:97.8% BPM:72 [9F 00 37 26 CC 02 02 00 18 03 01 51]
50057,1.78931E+12,9/13/2026 21:46,SomniGuard,70.6,SpO2:97.8% BPM:71 [A0 00 37 26 C2 02 02 00 18 03 01 51]
50058,1.78931E+12,9/13/2026 21:46,SomniGuard,71.6,SpO2:97.8% BPM:72 [A1 00 37 26 CC 02 02 00 18 03 01 51]
50059,1.78931E+12,9/13/2026 21:46,SomniGuard,70.6,SpO2:97.8% BPM:71 [A2 00 37 26 C2 02 02 00 18 03 01 51]
50060,1.78931E+12,9/13/2026 21:46,SomniGuard,71.6,SpO2:97.8% BPM:72 [A3 00 37 26 CC 02 02 00 18 03 01 51]
50061,1.78931E+12,9/13/2026 21:46,SomniGuard,70.6,SpO2:97.8% BPM:71 [A4 00 37 26 C2 02 02 00 18 03 01 51]
50062,1.78931E+12,9/13/2026 21:46,SomniGuard,71.6,SpO2:97.8% BPM:72 [A5 00 37 26 CC 02 02 00 18 03 01 51]
50063,1.78931E+12,9/13/2026 21:46,SomniGuard,70.6,SpO2:97.8% BPM:71 [A6 00 37 26 C2 02 02 00 18 03 01 51]
50064,1.78931E+12,9/13/2026 21:46,SomniGuard,71.6,SpO2:97.8% BPM:72 [A7 00 37 26 CC 02 02 00 18 03 01 51]
50065,1.78931E+12,9/13/2026 21:46,SomniGuard,70.6,SpO2:97.8% BPM:71 [A8 00 37 26 C2 02 02 00 18 03 01 51]
50066,1.78931E+12,9/13/2026 21:46,SomniGuard,71.6,SpO2:97.8% BPM:72 [A9 00 37 26 CC 02 02 00 18 03 01 51]
50067,1.78931E+12,9/13/2026 21:46,SomniGuard,70.6,SpO2:97.8% BPM:71 [AA 00 37 26 C2 02 02 00 18 03 01 51]
50068,1.78931E+12,9/13/2026 21:46,SomniGuard,71.6,SpO2:97.8% BPM:72 [AB 00 37 26 CC 02 02 00 18 03 01 51]
50069,1.78931E+12,9/13/2026 21:46,SomniGuard,70.6,SpO2:97.8% BPM:71 [AC 00 37 26 C2 02 02 00 18 03 01 51]
50070,1.78931E+12,9/13/2026 21:46,SomniGuard,71.6,SpO2:97.8% BPM:72 [AD 00 37 26 CC 02 02 00 18 03 01 51]
50071,1.78931E+12,9/13/2026 21:46,SomniGuard,70.6,SpO2:97.8% BPM:71 [AE 00 37 26 C2 02 02 00 18 03 01 51]
50072,1.78931E+12,9/13/2026 21:46,SomniGuard,71.6,SpO2:97.8% BPM:72 [AF 00 37 26 CC 02 02 00 18 03 01 51]
50073,1.78931E+12,9/13/2026 21:46,SomniGuard,70.6,SpO2:97.8% BPM:71 [B0 00 37 26 C2 02 02 00 18 03 01 51]
50074,1.78931E+12,9/13/2026 21:46,SomniGuard,71.6,SpO2:97.8% BPM:72 [B1 00 37 26 CC 02 02 00 18 03 01 51]
50075,1.78931E+12,9/13/2026 21:46,SomniGuard,70.6,SpO2:97.8% BPM:71 [B2 00 37 26 C2 02 02 00 18 03 01 51]
50076,1.78931E+12,9/13/2026 21:46,SomniGuard,71.6,SpO2:97.8% BPM:72 [B3 00 37 26 CC 02 02 00 18 03 01 51]
50077,1.78931E+12,9/13/2026 21:46,SomniGuard,70.6,SpO2:97.8% BPM:71 [B4 00 37 26 C2 02 02 00 18 03 01 51]
50078,1.78931E+12,9/13/2026 21:46,SomniGuard,71.6,SpO2:97.8% BPM:72 [B5 00 37 26 CC 02 02 00 18 03 01 51]
50079,1.78931E+12,9/13/2026 21:46,SomniGuard,70.6,SpO2:97.8% BPM:71 [B6 00 37 26 C2 02 02 00 18 03 01 51]
50080,1.78931E+12,9/13/2026 21:46,SomniGuard,71.6,SpO2:97.8% BPM:72 [B7 00 37 26 CC 02 02 00 18 03 01 51]
50081,1.78931E+12,9/13/2026 21:47,SomniGuard,70.6,SpO2:97.8% BPM:71 [B8 00 37 26 C2 02 02 00 18 03 01 51]
50082,1.78931E+12,9/13/2026 21:47,SomniGuard,71.6,SpO2:97.8% BPM:72 [B9 00 37 26 CC 02 02 00 18 03 01 51]
50083,1.78931E+12,9/13/2026 21:47,SomniGuard,70.6,SpO2:97.8% BPM:71 [BA 00 37 26 C2 02 01 00 18 03 01 51]
50084,1.78931E+12,9/13/2026 21:47,SomniGuard,71.6,SpO2:97.8% BPM:72 [BB 00 37 26 CC 02 02 00 18 03 01 51]
50085,1.78931E+12,9/13/2026 21:47,SomniGuard,70.6,SpO2:97.8% BPM:71 [BC 00 37 26 C2 02 02 00 18 03 01 51]
50086,1.78931E+12,9/13/2026 21:47,SomniGuard,71.6,SpO2:97.8% BPM:72 [BD 00 37 26 CC 02 02 00 18 03 01 51]
50087,1.78931E+12,9/13/2026 21:47,SomniGuard,70.6,SpO2:97.8% BPM:71 [BE 00 37 26 C2 02 02 00 18 03 01 51]
50088,1.78931E+12,9/13/2026 21:47,SomniGuard,71.6,SpO2:97.8% BPM:72 [BF 00 37 26 CC 02 02 00 18 03 01 51]
50089,1.78931E+12,9/13/2026 21:47,SomniGuard,70.6,SpO2:97.8% BPM:71 [C0 00 37 26 C2 02 02 00 18 03 01 51]
50090,1.78931E+12,9/13/2026 21:47,SomniGuard,71.6,SpO2:97.8% BPM:72 [C1 00 37 26 CC 02 01 00 18 03 01 51]
50091,1.78931E+12,9/13/2026 21:47,SomniGuard,70.6,SpO2:97.8% BPM:71 [C2 00 37 26 C2 02 02 00 18 03 01 51]
50092,1.78931E+12,9/13/2026 21:47,SomniGuard,71.6,SpO2:97.8% BPM:72 [C3 00 37 26 CC 02 02 00 18 03 01 51]
50093,1.78931E+12,9/13/2026 21:47,SomniGuard,70.6,SpO2:97.8% BPM:71 [C4 00 37 26 C2 02 02 00 18 03 01 51]
50094,1.78931E+12,9/13/2026 21:47,SomniGuard,71.6,SpO2:97.8% BPM:72 [C5 00 37 26 CC 02 02 00 18 03 01 51]
50095,1.78931E+12,9/13/2026 21:47,SomniGuard,70.6,SpO2:97.8% BPM:71 [C6 00 37 26 C2 02 02 00 18 03 01 51]
50096,1.78931E+12,9/13/2026 21:47,SomniGuard,71.6,SpO2:97.8% BPM:72 [C7 00 37 26 CC 02 02 00 18 03 01 51]
50097,1.78931E+12,9/13/2026 21:47,SomniGuard,70.6,SpO2:97.8% BPM:71 [C8 00 37 26 C2 02 02 00 18 03 01 51]
50098,1.78931E+12,9/13/2026 21:47,SomniGuard,71.6,SpO2:97.8% BPM:72 [C9 00 37 26 CC 02 02 00 18 03 01 51]
50099,1.78931E+12,9/13/2026 21:47,SomniGuard,70.6,SpO2:97.8% BPM:71 [CA 00 37 26 C2 02 02 00 18 03 01 51]
50100,1.78931E+12,9/13/2026 21:47,SomniGuard,71.6,SpO2:97.8% BPM:72 [CB 00 37 26 CC 02 02 00 18 03 01 51]
50101,1.78931E+12,9/13/2026 21:47,SomniGuard,70.6,SpO2:97.8% BPM:71 [CC 00 37 26 C2 02 02 00 18 03 01 51]
50102,1.78931E+12,9/13/2026 21:47,SomniGuard,71.6,SpO2:97.8% BPM:72 [CD 00 37 26 CC 02 02 00 18 03 01 51]
50103,1.78931E+12,9/13/2026 21:47,SomniGuard,70.6,SpO2:97.8% BPM:71 [CE 00 37 26 C2 02 02 00 18 03 01 51]
50104,1.78931E+12,9/13/2026 21:47,SomniGuard,71.6,SpO2:97.8% BPM:72 [CF 00 37 26 CC 02 02 00 18 03 01 51]
50105,1.78931E+12,9/13/2026 21:47,SomniGuard,70.6,SpO2:97.8% BPM:71 [D0 00 37 26 C2 02 02 00 18 03 01 51]
50106,1.78931E+12,9/13/2026 21:47,SomniGuard,71.6,SpO2:97.8% BPM:72 [D1 00 37 26 CC 02 02 00 18 03 01 51]
50107,1.78931E+12,9/13/2026 21:47,SomniGuard,70.6,SpO2:97.8% BPM:71 [D2 00 37 26 C2 02 01 00 18 03 01 51]
50108,1.78931E+12,9/13/2026 21:47,SomniGuard,71.6,SpO2:97.8% BPM:72 [D3 00 37 26 CC 02 02 00 18 03 01 51]
50109,1.78931E+12,9/13/2026 21:47,SomniGuard,70.6,SpO2:97.8% BPM:71 [D4 00 37 26 C2 02 02 00 18 03 01 51]
50110,1.78931E+12,9/13/2026 21:47,SomniGuard,71.6,SpO2:97.8% BPM:72 [D5 00 37 26 CC 02 02 00 18 03 01 51]
50111,1.78931E+12,9/13/2026 21:47,SomniGuard,70.6,SpO2:97.8% BPM:71 [D6 00 37 26 C2 02 02 00 18 03 01 51]
50112,1.78931E+12,9/13/2026 21:47,SomniGuard,71.6,SpO2:97.8% BPM:72 [D7 00 37 26 CC 02 02 00 18 03 01 51]
50113,1.78931E+12,9/13/2026 21:47,SomniGuard,70.6,SpO2:97.8% BPM:71 [D8 00 37 26 C2 02 02 00 18 03 01 51]
50114,1.78931E+12,9/13/2026 21:47,SomniGuard,71.6,SpO2:97.8% BPM:72 [D9 00 37 26 CC 02 02 00 18 03 01 51]
50115,1.78931E+12,9/13/2026 21:47,SomniGuard,70.6,SpO2:97.8% BPM:71 [DA 00 37 26 C2 02 02 00 18 03 01 51]
50116,1.78931E+12,9/13/2026 21:47,SomniGuard,71.6,SpO2:97.8% BPM:72 [DB 00 37 26 CC 02 02 00 18 03 01 51]
50117,1.78931E+12,9/13/2026 21:47,SomniGuard,70.6,SpO2:97.8% BPM:71 [DC 00 37 26 C2 02 02 00 18 03 01 51]
50118,1.78931E+12,9/13/2026 21:47,SomniGuard,71.6,SpO2:97.8% BPM:72 [DD 00 37 26 CC 02 02 00 18 03 01 51]
50119,1.78931E+12,9/13/2026 21:47,SomniGuard,70.6,SpO2:97.8% BPM:71 [DE 00 37 26 C2 02 01 00 18 03 01 51]
50120,1.78931E+12,9/13/2026 21:47,SomniGuard,71.6,SpO2:97.8% BPM:72 [DF 00 37 26 CC 02 02 00 18 03 01 51]
50121,1.78931E+12,9/13/2026 21:47,SomniGuard,70.6,SpO2:97.8% BPM:71 [E0 00 37 26 C2 02 02 00 18 03 01 51]
50122,1.78931E+12,9/13/2026 21:47,SomniGuard,71.6,SpO2:97.8% BPM:72 [E1 00 37 26 CC 02 02 00 18 03 01 51]
50123,1.78931E+12,9/13/2026 21:47,SomniGuard,70.6,SpO2:97.8% BPM:71 [E2 00 37 26 C2 02 02 00 18 03 01 51]
50124,1.78931E+12,9/13/2026 21:47,SomniGuard,71.6,SpO2:97.8% BPM:72 [E3 00 37 26 CC 02 02 00 18 03 01 51]
50125,1.78931E+12,9/13/2026 21:47,SomniGuard,70.6,SpO2:97.8% BPM:71 [E4 00 37 26 C2 02 02 00 18 03 01 51]
50126,1.78931E+12,9/13/2026 21:47,SomniGuard,71.6,SpO2:97.8% BPM:72 [E5 00 37 26 CC 02 01 00 18 03 01 51]
50127,1.78931E+12,9/13/2026 21:47,SomniGuard,70.6,SpO2:97.8% BPM:71 [E6 00 37 26 C2 02 02 00 18 03 01 51]
50128,1.78931E+12,9/13/2026 21:47,SomniGuard,71.6,SpO2:97.8% BPM:72 [E7 00 37 26 CC 02 02 00 18 03 01 51]
50129,1.78931E+12,9/13/2026 21:47,SomniGuard,70.6,SpO2:97.8% BPM:71 [E8 00 37 26 C2 02 02 00 18 03 01 51]
50130,1.78931E+12,9/13/2026 21:47,SomniGuard,71.6,SpO2:97.8% BPM:72 [E9 00 37 26 CC 02 02 00 18 03 01 51]
50131,1.78931E+12,9/13/2026 21:47,SomniGuard,70.6,SpO2:97.8% BPM:71 [EA 00 37 26 C2 02 02 00 18 03 01 51]
50132,1.78931E+12,9/13/2026 21:47,SomniGuard,71.6,SpO2:97.8% BPM:72 [EB 00 37 26 CC 02 02 00 18 03 01 51]
50133,1.78931E+12,9/13/2026 21:47,SomniGuard,70.6,SpO2:97.8% BPM:71 [EC 00 37 26 C2 02 02 00 18 03 01 51]
50134,1.78931E+12,9/13/2026 21:47,SomniGuard,71.6,SpO2:97.8% BPM:72 [ED 00 37 26 CC 02 02 00 18 03 01 51]
50135,1.78931E+12,9/13/2026 21:47,SomniGuard,70.6,SpO2:97.8% BPM:71 [EE 00 37 26 C2 02 02 00 18 03 01 51]
50136,1.78931E+12,9/13/2026 21:47,SomniGuard,71.6,SpO2:97.8% BPM:72 [EF 00 37 26 CC 02 02 00 18 03 01 51]
50137,1.78931E+12,9/13/2026 21:47,SomniGuard,70.6,SpO2:97.8% BPM:71 [F0 00 37 26 C2 02 02 00 18 03 01 51]
50138,1.78931E+12,9/13/2026 21:47,SomniGuard,71.6,SpO2:97.8% BPM:72 [F1 00 37 26 CC 02 02 00 18 03 01 51]
50139,1.78931E+12,9/13/2026 21:47,SomniGuard,70.6,SpO2:97.8% BPM:71 [F2 00 37 26 C2 02 02 00 18 03 01 51]
50140,1.78931E+12,9/13/2026 21:48,SomniGuard,71.6,SpO2:97.8% BPM:72 [F3 00 37 26 CC 02 02 00 18 03 01 51]
50141,1.78931E+12,9/13/2026 21:48,SomniGuard,70.6,SpO2:97.8% BPM:71 [F4 00 37 26 C2 02 02 00 18 03 01 51]
50142,1.78931E+12,9/13/2026 21:48,SomniGuard,71.6,SpO2:97.8% BPM:72 [F5 00 37 26 CC 02 02 00 18 03 01 51]
50143,1.78931E+12,9/13/2026 21:48,SomniGuard,70.6,SpO2:97.8% BPM:71 [F6 00 37 26 C2 02 02 00 18 03 01 51]
50144,1.78931E+12,9/13/2026 21:48,SomniGuard,71.6,SpO2:97.8% BPM:72 [F7 00 37 26 CC 02 01 00 18 03 01 51]
50145,1.78931E+12,9/13/2026 21:48,SomniGuard,70.6,SpO2:97.8% BPM:71 [F8 00 37 26 C2 02 01 00 18 03 01 51]
50146,1.78931E+12,9/13/2026 21:48,SomniGuard,71.6,SpO2:97.8% BPM:72 [F9 00 37 26 CC 02 02 00 18 03 01 51]
50147,1.78931E+12,9/13/2026 21:48,SomniGuard,70.6,SpO2:97.8% BPM:71 [FA 00 37 26 C2 02 01 00 18 03 01 51]
50148,1.78931E+12,9/13/2026 21:48,SomniGuard,71.6,SpO2:97.8% BPM:72 [FB 00 37 26 CC 02 01 00 18 03 01 51]
50149,1.78931E+12,9/13/2026 21:48,SomniGuard,70.6,SpO2:97.8% BPM:71 [FC 00 37 26 C2 02 02 00 18 03 01 51]
50150,1.78931E+12,9/13/2026 21:48,SomniGuard,71.6,SpO2:97.8% BPM:72 [FD 00 37 26 CC 02 01 00 18 03 01 51]
50151,1.78931E+12,9/13/2026 21:48,SomniGuard,70.6,SpO2:97.8% BPM:71 [FE 00 37 26 C2 02 02 00 18 03 01 51]
50152,1.78931E+12,9/13/2026 21:48,SomniGuard,70.1,SpO2:97.6% BPM:70 [FF 00 1E 26 BD 02 01 00 18 03 01 51]
50153,1.78931E+12,9/13/2026 21:48,SomniGuard,71.1,SpO2:97.6% BPM:71 [00 01 1E 26 C7 02 01 00 18 03 01 51]
50154,1.78931E+12,9/13/2026 21:48,SomniGuard,70.1,SpO2:97.6% BPM:70 [01 01 1E 26 BD 02 01 00 18 03 01 51]
50155,1.78931E+12,9/13/2026 21:48,SomniGuard,71.1,SpO2:97.6% BPM:71 [02 01 1E 26 C7 02 02 00 18 03 01 51]
50156,1.78931E+12,9/13/2026 21:48,SomniGuard,70.1,SpO2:97.6% BPM:70 [03 01 1E 26 BD 02 01 00 18 03 01 51]
50157,1.78931E+12,9/13/2026 21:48,SomniGuard,71.1,SpO2:97.6% BPM:71 [04 01 1E 26 C7 02 01 00 18 03 01 51]
50158,1.78931E+12,9/13/2026 21:48,SomniGuard,70.1,SpO2:97.6% BPM:70 [05 01 1E 26 BD 02 01 00 18 03 01 51]
50159,1.78931E+12,9/13/2026 21:48,SomniGuard,71.1,SpO2:97.6% BPM:71 [06 01 1E 26 C7 02 02 00 18 03 01 51]
50160,1.78931E+12,9/13/2026 21:48,SomniGuard,70.1,SpO2:97.6% BPM:70 [07 01 1E 26 BD 02 02 00 18 03 01 51]
50161,1.78931E+12,9/13/2026 21:48,SomniGuard,71.1,SpO2:97.6% BPM:71 [08 01 1E 26 C7 02 02 00 18 03 01 51]
50162,1.78931E+12,9/13/2026 21:48,SomniGuard,70.1,SpO2:97.6% BPM:70 [09 01 1E 26 BD 02 02 00 18 03 01 51]
50163,1.78931E+12,9/13/2026 21:48,SomniGuard,71.1,SpO2:97.6% BPM:71 [0A 01 1E 26 C7 02 02 00 18 03 01 51]
50164,1.78931E+12,9/13/2026 21:48,SomniGuard,70.1,SpO2:97.6% BPM:70 [0B 01 1E 26 BD 02 02 00 18 03 01 51]
50165,1.78931E+12,9/13/2026 21:48,SomniGuard,71.1,SpO2:97.6% BPM:71 [0C 01 1E 26 C7 02 01 00 18 03 01 51]
50166,1.78931E+12,9/13/2026 21:48,SomniGuard,70.1,SpO2:97.6% BPM:70 [0D 01 1E 26 BD 02 02 00 18 03 01 51]
50167,1.78931E+12,9/13/2026 21:48,SomniGuard,71.1,SpO2:97.6% BPM:71 [0E 01 1E 26 C7 02 01 00 18 03 01 51]
50168,1.78931E+12,9/13/2026 21:48,SomniGuard,70.1,SpO2:97.6% BPM:70 [0F 01 1E 26 BD 02 02 00 18 03 01 51]
50169,1.78931E+12,9/13/2026 21:48,SomniGuard,71.1,SpO2:97.6% BPM:71 [10 01 1E 26 C7 02 02 00 18 03 01 51]
50170,1.78931E+12,9/13/2026 21:48,SomniGuard,70.1,SpO2:97.6% BPM:70 [11 01 1E 26 BD 02 02 00 18 03 01 51]
50171,1.78931E+12,9/13/2026 21:48,SomniGuard,71.1,SpO2:97.6% BPM:71 [12 01 1E 26 C7 02 01 00 18 03 01 51]
50172,1.78931E+12,9/13/2026 21:48,SomniGuard,70.1,SpO2:97.6% BPM:70 [13 01 1E 26 BD 02 02 00 18 03 01 51]
50173,1.78931E+12,9/13/2026 21:48,SomniGuard,71.1,SpO2:97.6% BPM:71 [14 01 1E 26 C7 02 02 00 18 03 01 51]
50174,1.78931E+12,9/13/2026 21:48,SomniGuard,70.1,SpO2:97.6% BPM:70 [15 01 1E 26 BD 02 02 00 18 03 01 51]
50175,1.78931E+12,9/13/2026 21:48,SomniGuard,71.1,SpO2:97.6% BPM:71 [16 01 1E 26 C7 02 02 00 18 03 01 51]
50176,1.78931E+12,9/13/2026 21:48,SomniGuard,70.1,SpO2:97.6% BPM:70 [17 01 1E 26 BD 02 02 00 18 03 01 51]
50177,1.78931E+12,9/13/2026 21:48,SomniGuard,71.1,SpO2:97.6% BPM:71 [18 01 1E 26 C7 02 02 00 18 03 01 51]
50178,1.78931E+12,9/13/2026 21:48,SomniGuard,70.1,SpO2:97.6% BPM:70 [19 01 1E 26 BD 02 01 00 18 03 01 51]
50179,1.78931E+12,9/13/2026 21:48,SomniGuard,71.1,SpO2:97.6% BPM:71 [1A 01 1E 26 C7 02 01 00 18 03 01 51]
50180,1.78931E+12,9/13/2026 21:48,SomniGuard,70.1,SpO2:97.6% BPM:70 [1B 01 1E 26 BD 02 02 00 18 03 01 51]
50181,1.78931E+12,9/13/2026 21:48,SomniGuard,71.1,SpO2:97.6% BPM:71 [1C 01 1E 26 C7 02 01 00 18 03 01 51]
50182,1.78931E+12,9/13/2026 21:48,SomniGuard,70.1,SpO2:97.6% BPM:70 [1D 01 1E 26 BD 02 01 00 18 03 01 51]
50183,1.78931E+12,9/13/2026 21:48,SomniGuard,71.1,SpO2:97.6% BPM:71 [1E 01 1E 26 C7 02 01 00 18 03 01 51]
50184,1.78931E+12,9/13/2026 21:48,SomniGuard,70.1,SpO2:97.6% BPM:70 [1F 01 1E 26 BD 02 01 00 18 03 01 51]
50185,1.78931E+12,9/13/2026 21:48,SomniGuard,71.1,SpO2:97.6% BPM:71 [20 01 1E 26 C7 02 01 00 18 03 01 51]
50186,1.78931E+12,9/13/2026 21:48,SomniGuard,70.1,SpO2:97.6% BPM:70 [21 01 1E 26 BD 02 01 00 18 03 01 51]
50187,1.78931E+12,9/13/2026 21:48,SomniGuard,71.1,SpO2:97.6% BPM:71 [22 01 1E 26 C7 02 01 00 18 03 01 51]
50188,1.78931E+12,9/13/2026 21:48,SomniGuard,70.1,SpO2:97.6% BPM:70 [23 01 1E 26 BD 02 01 00 18 03 01 51]
50189,1.78931E+12,9/13/2026 21:48,SomniGuard,71.1,SpO2:97.6% BPM:71 [24 01 1E 26 C7 02 01 00 18 03 01 51]
50190,1.78931E+12,9/13/2026 21:48,SomniGuard,70.1,SpO2:97.6% BPM:70 [25 01 1E 26 BD 02 02 00 18 03 01 51]
50191,1.78931E+12,9/13/2026 21:48,SomniGuard,71.1,SpO2:97.6% BPM:71 [26 01 1E 26 C7 02 01 00 18 03 01 51]
50192,1.78931E+12,9/13/2026 21:48,SomniGuard,70.1,SpO2:97.6% BPM:70 [27 01 1E 26 BD 02 01 00 18 03 01 51]
50193,1.78931E+12,9/13/2026 21:48,SomniGuard,71.1,SpO2:97.6% BPM:71 [28 01 1E 26 C7 02 01 00 18 03 01 51]
50194,1.78931E+12,9/13/2026 21:48,SomniGuard,70.1,SpO2:97.6% BPM:70 [29 01 1E 26 BD 02 01 00 18 03 01 51]
50195,1.78931E+12,9/13/2026 21:48,SomniGuard,71.1,SpO2:97.6% BPM:71 [2A 01 1E 26 C7 02 01 00 18 03 01 51]
50196,1.78931E+12,9/13/2026 21:48,SomniGuard,70.1,SpO2:97.6% BPM:70 [2B 01 1E 26 BD 02 01 00 18 03 01 51]
50197,1.78931E+12,9/13/2026 21:48,SomniGuard,71.1,SpO2:97.6% BPM:71 [2C 01 1E 26 C7 02 01 00 18 03 01 51]
50198,1.78931E+12,9/13/2026 21:48,SomniGuard,70.1,SpO2:97.6% BPM:70 [2D 01 1E 26 BD 02 01 00 18 03 01 51]
50199,1.78931E+12,9/13/2026 21:48,SomniGuard,71.1,SpO2:97.6% BPM:71 [2E 01 1E 26 C7 02 01 00 18 03 01 51]
50200,1.78931E+12,9/13/2026 21:49,SomniGuard,70.1,SpO2:97.6% BPM:70 [2F 01 1E 26 BD 02 01 00 18 03 01 51]
50201,1.78931E+12,9/13/2026 21:49,SomniGuard,71.1,SpO2:97.6% BPM:71 [30 01 1E 26 C7 02 02 00 18 03 01 51]
50202,1.78931E+12,9/13/2026 21:49,SomniGuard,70.1,SpO2:97.6% BPM:70 [31 01 1E 26 BD 02 01 00 18 03 01 51]
50203,1.78931E+12,9/13/2026 21:49,SomniGuard,71.1,SpO2:97.6% BPM:71 [32 01 1E 26 C7 02 01 00 18 03 01 51]
50204,1.78931E+12,9/13/2026 21:49,SomniGuard,70.1,SpO2:97.6% BPM:70 [33 01 1E 26 BD 02 02 00 18 03 01 51]
50205,1.78931E+12,9/13/2026 21:49,SomniGuard,71.1,SpO2:97.6% BPM:71 [34 01 1E 26 C7 02 01 00 18 03 01 51]
50206,1.78931E+12,9/13/2026 21:49,SomniGuard,70.1,SpO2:97.6% BPM:70 [35 01 1E 26 BD 02 01 00 18 03 01 51]
50207,1.78931E+12,9/13/2026 21:49,SomniGuard,71.1,SpO2:97.6% BPM:71 [36 01 1E 26 C7 02 02 00 18 03 01 51]
50208,1.78931E+12,9/13/2026 21:49,SomniGuard,70.1,SpO2:97.6% BPM:70 [37 01 1E 26 BD 02 01 00 18 03 01 51]
50209,1.78931E+12,9/13/2026 21:49,SomniGuard,71.1,SpO2:97.6% BPM:71 [38 01 1E 26 C7 02 01 00 18 03 01 51]
50210,1.78931E+12,9/13/2026 21:49,SomniGuard,70.1,SpO2:97.6% BPM:70 [39 01 1E 26 BD 02 01 00 18 03 01 51]
50211,1.78931E+12,9/13/2026 21:49,SomniGuard,71.1,SpO2:97.6% BPM:71 [3A 01 1E 26 C7 02 01 00 18 03 01 51]
50212,1.78931E+12,9/13/2026 21:49,SomniGuard,70.1,SpO2:97.6% BPM:70 [3B 01 1E 26 BD 02 01 00 18 03 01 51]
50213,1.78931E+12,9/13/2026 21:49,SomniGuard,71.1,SpO2:97.6% BPM:71 [3C 01 1E 26 C7 02 02 00 18 03 01 51]
50214,1.78931E+12,9/13/2026 21:49,SomniGuard,70.1,SpO2:97.6% BPM:70 [3D 01 1E 26 BD 02 01 00 18 03 01 51]
50215,1.78931E+12,9/13/2026 21:49,SomniGuard,71.1,SpO2:97.6% BPM:71 [3E 01 1E 26 C7 02 01 00 18 03 01 51]
50216,1.78931E+12,9/13/2026 21:49,SomniGuard,70.1,SpO2:97.6% BPM:70 [3F 01 1E 26 BD 02 02 00 18 03 01 51]
50217,1.78931E+12,9/13/2026 21:49,SomniGuard,71.1,SpO2:97.6% BPM:71 [40 01 1E 26 C7 02 01 00 18 03 01 51]
50218,1.78931E+12,9/13/2026 21:49,SomniGuard,70.1,SpO2:97.6% BPM:70 [41 01 1E 26 BD 02 01 00 18 03 01 51]
50219,1.78931E+12,9/13/2026 21:49,SomniGuard,71.1,SpO2:97.6% BPM:71 [42 01 1E 26 C7 02 01 00 18 03 01 51]
50220,1.78931E+12,9/13/2026 21:49,SomniGuard,70.1,SpO2:97.6% BPM:70 [43 01 1E 26 BD 02 02 00 18 03 01 51]
50221,1.78931E+12,9/13/2026 21:49,SomniGuard,71.1,SpO2:97.6% BPM:71 [44 01 1E 26 C7 02 02 00 18 03 01 51]
50222,1.78931E+12,9/13/2026 21:49,SomniGuard,70.1,SpO2:97.6% BPM:70 [45 01 1E 26 BD 02 02 00 18 03 01 51]
50223,1.78931E+12,9/13/2026 21:49,SomniGuard,71.1,SpO2:97.6% BPM:71 [46 01 1E 26 C7 02 02 00 18 03 01 51]
50224,1.78931E+12,9/13/2026 21:49,SomniGuard,70.1,SpO2:97.6% BPM:70 [47 01 1E 26 BD 02 02 00 18 03 01 51]
50225,1.78931E+12,9/13/2026 21:49,SomniGuard,71.1,SpO2:97.6% BPM:71 [48 01 1E 26 C7 02 02 00 18 03 01 51]
50226,1.78931E+12,9/13/2026 21:49,SomniGuard,70.1,SpO2:97.6% BPM:70 [49 01 1E 26 BD 02 02 00 18 03 01 51]
50227,1.78931E+12,9/13/2026 21:49,SomniGuard,71.1,SpO2:97.6% BPM:71 [4A 01 1E 26 C7 02 02 00 18 03 01 51]
50228,1.78931E+12,9/13/2026 21:49,SomniGuard,70.1,SpO2:97.6% BPM:70 [4B 01 1E 26 BD 02 02 00 18 03 01 51]
50229,1.78931E+12,9/13/2026 21:49,SomniGuard,71.1,SpO2:97.6% BPM:71 [4C 01 1E 26 C7 02 02 00 18 03 01 51]
50230,1.78931E+12,9/13/2026 21:49,SomniGuard,70.1,SpO2:97.6% BPM:70 [4D 01 1E 26 BD 02 02 00 18 03 01 51]
50231,1.78931E+12,9/13/2026 21:49,SomniGuard,71.1,SpO2:97.6% BPM:71 [4E 01 1E 26 C7 02 02 00 18 03 01 51]
50232,1.78931E+12,9/13/2026 21:49,SomniGuard,70.1,SpO2:97.6% BPM:70 [4F 01 1E 26 BD 02 02 00 18 03 01 51]
50233,1.78931E+12,9/13/2026 21:49,SomniGuard,71.1,SpO2:97.6% BPM:71 [50 01 1E 26 C7 02 02 00 18 03 01 51]
50234,1.78931E+12,9/13/2026 21:49,SomniGuard,70.1,SpO2:97.6% BPM:70 [51 01 1E 26 BD 02 02 00 18 03 01 51]
50235,1.78931E+12,9/13/2026 21:49,SomniGuard,71.1,SpO2:97.6% BPM:71 [52 01 1E 26 C7 02 02 00 18 03 01 51]
50236,1.78931E+12,9/13/2026 21:49,SomniGuard,70.1,SpO2:97.6% BPM:70 [53 01 1E 26 BD 02 02 00 18 03 01 51]
50237,1.78931E+12,9/13/2026 21:49,SomniGuard,71.1,SpO2:97.6% BPM:71 [54 01 1E 26 C7 02 02 00 18 03 01 51]
50238,1.78931E+12,9/13/2026 21:49,SomniGuard,70.1,SpO2:97.6% BPM:70 [55 01 1E 26 BD 02 02 00 18 03 01 51]
50239,1.78931E+12,9/13/2026 21:49,SomniGuard,71.1,SpO2:97.6% BPM:71 [56 01 1E 26 C7 02 02 00 18 03 01 51]
50240,1.78931E+12,9/13/2026 21:49,SomniGuard,70.1,SpO2:97.6% BPM:70 [57 01 1E 26 BD 02 02 00 18 03 01 51]
50241,1.78931E+12,9/13/2026 21:49,SomniGuard,71.1,SpO2:97.6% BPM:71 [58 01 1E 26 C7 02 02 00 18 03 01 51]
50242,1.78931E+12,9/13/2026 21:49,SomniGuard,70.1,SpO2:97.6% BPM:70 [59 01 1E 26 BD 02 02 00 18 03 01 51]
50243,1.78931E+12,9/13/2026 21:49,SomniGuard,71.1,SpO2:97.6% BPM:71 [5A 01 1E 26 C7 02 02 00 18 03 01 51]
50244,1.78931E+12,9/13/2026 21:49,SomniGuard,70.1,SpO2:97.6% BPM:70 [5B 01 1E 26 BD 02 02 00 18 03 01 51]
50245,1.78931E+12,9/13/2026 21:49,SomniGuard,71.1,SpO2:97.6% BPM:71 [5C 01 1E 26 C7 02 02 00 18 03 01 51]
50246,1.78931E+12,9/13/2026 21:49,SomniGuard,70.1,SpO2:97.6% BPM:70 [5D 01 1E 26 BD 02 02 00 18 03 01 51]
50247,1.78931E+12,9/13/2026 21:49,SomniGuard,71.1,SpO2:97.6% BPM:71 [5E 01 1E 26 C7 02 02 00 18 03 01 51]
50248,1.78931E+12,9/13/2026 21:49,SomniGuard,70.1,SpO2:97.6% BPM:70 [5F 01 1E 26 BD 02 02 00 18 03 01 51]
50249,1.78931E+12,9/13/2026 21:49,SomniGuard,71.1,SpO2:97.6% BPM:71 [60 01 1E 26 C7 02 02 00 18 03 01 51]
50250,1.78931E+12,9/13/2026 21:49,SomniGuard,70.1,SpO2:97.6% BPM:70 [61 01 1E 26 BD 02 02 00 18 03 01 51]
50251,1.78931E+12,9/13/2026 21:49,SomniGuard,71.1,SpO2:97.6% BPM:71 [62 01 1E 26 C7 02 02 00 18 03 01 51]
50252,1.78931E+12,9/13/2026 21:49,SomniGuard,70.1,SpO2:97.6% BPM:70 [63 01 1E 26 BD 02 02 00 18 03 01 51]
50253,1.78931E+12,9/13/2026 21:49,SomniGuard,71.1,SpO2:97.6% BPM:71 [64 01 1E 26 C7 02 02 00 18 03 01 51]
50254,1.78931E+12,9/13/2026 21:49,SomniGuard,70.1,SpO2:97.6% BPM:70 [65 01 1E 26 BD 02 02 00 18 03 01 51]
50255,1.78931E+12,9/13/2026 21:49,SomniGuard,71.1,SpO2:97.6% BPM:71 [66 01 1E 26 C7 02 02 00 18 03 01 51]
50256,1.78931E+12,9/13/2026 21:49,SomniGuard,70.1,SpO2:97.6% BPM:70 [67 01 1E 26 BD 02 02 00 18 03 01 51]
50257,1.78931E+12,9/13/2026 21:49,SomniGuard,71.1,SpO2:97.6% BPM:71 [68 01 1E 26 C7 02 02 00 18 03 01 51]
50258,1.78931E+12,9/13/2026 21:49,SomniGuard,70.1,SpO2:97.6% BPM:70 [69 01 1E 26 BD 02 02 00 18 03 01 51]
50259,1.78931E+12,9/13/2026 21:50,SomniGuard,71.1,SpO2:97.6% BPM:71 [6A 01 1E 26 C7 02 02 00 18 03 01 51]
50260,1.78931E+12,9/13/2026 21:50,SomniGuard,70.1,SpO2:97.6% BPM:70 [6B 01 1E 26 BD 02 02 00 18 03 01 51]
50261,1.78931E+12,9/13/2026 21:50,SomniGuard,71.1,SpO2:97.6% BPM:71 [6C 01 1E 26 C7 02 02 00 18 03 01 51]
50262,1.78931E+12,9/13/2026 21:50,SomniGuard,70.1,SpO2:97.6% BPM:70 [6D 01 1E 26 BD 02 02 00 18 03 01 51]
50263,1.78931E+12,9/13/2026 21:50,SomniGuard,71.1,SpO2:97.6% BPM:71 [6E 01 1E 26 C7 02 02 00 18 03 01 51]
50264,1.78931E+12,9/13/2026 21:50,SomniGuard,70.1,SpO2:97.6% BPM:70 [6F 01 1E 26 BD 02 02 00 18 03 01 51]
50265,1.78931E+12,9/13/2026 21:50,SomniGuard,71.1,SpO2:97.6% BPM:71 [70 01 1E 26 C7 02 02 00 18 03 01 51]
50266,1.78931E+12,9/13/2026 21:50,SomniGuard,70.1,SpO2:97.6% BPM:70 [71 01 1E 26 BD 02 02 00 18 03 01 51]
50267,1.78931E+12,9/13/2026 21:50,SomniGuard,71.1,SpO2:97.6% BPM:71 [72 01 1E 26 C7 02 02 00 18 03 01 51]
50268,1.78931E+12,9/13/2026 21:50,SomniGuard,70.1,SpO2:97.6% BPM:70 [73 01 1E 26 BD 02 02 00 18 03 01 51]
50269,1.78931E+12,9/13/2026 21:50,SomniGuard,71.1,SpO2:97.6% BPM:71 [74 01 1E 26 C7 02 02 00 18 03 01 51]
50270,1.78931E+12,9/13/2026 21:50,SomniGuard,70.1,SpO2:97.6% BPM:70 [75 01 1E 26 BD 02 02 00 18 03 01 51]
50271,1.78931E+12,9/13/2026 21:50,SomniGuard,71.1,SpO2:97.6% BPM:71 [76 01 1E 26 C7 02 02 00 18 03 01 51]
50272,1.78931E+12,9/13/2026 21:50,SomniGuard,70.1,SpO2:97.6% BPM:70 [77 01 1E 26 BD 02 02 00 18 03 01 51]
50273,1.78931E+12,9/13/2026 21:50,SomniGuard,71.1,SpO2:97.6% BPM:71 [78 01 1E 26 C7 02 02 00 18 03 01 51]
50274,1.78931E+12,9/13/2026 21:50,SomniGuard,70.1,SpO2:97.6% BPM:70 [79 01 1E 26 BD 02 02 00 18 03 01 51]
50275,1.78931E+12,9/13/2026 21:50,SomniGuard,71.1,SpO2:97.6% BPM:71 [7A 01 1E 26 C7 02 02 00 18 03 01 51]
50276,1.78931E+12,9/13/2026 21:50,SomniGuard,70.1,SpO2:97.6% BPM:70 [7B 01 1E 26 BD 02 02 00 18 03 01 51]
50277,1.78931E+12,9/13/2026 21:50,SomniGuard,71.1,SpO2:97.6% BPM:71 [7C 01 1E 26 C7 02 02 00 18 03 01 51]
50278,1.78931E+12,9/13/2026 21:50,SomniGuard,70.1,SpO2:97.6% BPM:70 [7D 01 1E 26 BD 02 02 00 18 03 01 51]
50279,1.78931E+12,9/13/2026 21:50,SomniGuard,71.1,SpO2:97.6% BPM:71 [7E 01 1E 26 C7 02 02 00 18 03 01 51]
50280,1.78931E+12,9/13/2026 21:50,SomniGuard,70.1,SpO2:97.6% BPM:70 [7F 01 1E 26 BD 02 02 00 18 03 01 51]
50281,1.78931E+12,9/13/2026 21:50,SomniGuard,71.1,SpO2:97.6% BPM:71 [80 01 1E 26 C7 02 02 00 18 03 01 51]
50282,1.78931E+12,9/13/2026 21:50,SomniGuard,70.1,SpO2:97.6% BPM:70 [81 01 1E 26 BD 02 02 00 18 03 01 51]
50283,1.78931E+12,9/13/2026 21:50,SomniGuard,71.1,SpO2:97.6% BPM:71 [82 01 1E 26 C7 02 02 00 18 03 01 51]
50284,1.78931E+12,9/13/2026 21:50,SomniGuard,70.1,SpO2:97.6% BPM:70 [83 01 1E 26 BD 02 02 00 18 03 01 51]
50285,1.78931E+12,9/13/2026 21:50,SomniGuard,71.1,SpO2:97.6% BPM:71 [84 01 1E 26 C7 02 02 00 18 03 01 51]
50286,1.78931E+12,9/13/2026 21:50,SomniGuard,70.1,SpO2:97.6% BPM:70 [85 01 1E 26 BD 02 02 00 18 03 01 51]
50287,1.78931E+12,9/13/2026 21:50,SomniGuard,71.1,SpO2:97.6% BPM:71 [86 01 1E 26 C7 02 02 00 18 03 01 50]
50288,1.78931E+12,9/13/2026 21:50,SomniGuard,70.1,SpO2:97.6% BPM:70 [87 01 1E 26 BD 02 02 00 18 03 01 50]
50289,1.78931E+12,9/13/2026 21:50,SomniGuard,71.1,SpO2:97.6% BPM:71 [88 01 1E 26 C7 02 02 00 18 03 01 50]
50290,1.78931E+12,9/13/2026 21:50,SomniGuard,70.1,SpO2:97.6% BPM:70 [89 01 1E 26 BD 02 02 00 18 03 01 50]
50291,1.78931E+12,9/13/2026 21:50,SomniGuard,71.1,SpO2:97.6% BPM:71 [8A 01 1E 26 C7 02 02 00 18 03 01 50]
50292,1.78931E+12,9/13/2026 21:50,SomniGuard,70.1,SpO2:97.6% BPM:70 [8B 01 1E 26 BD 02 02 00 18 03 01 50]
50293,1.78931E+12,9/13/2026 21:50,SomniGuard,71.1,SpO2:97.6% BPM:71 [8C 01 1E 26 C7 02 02 00 18 03 01 50]
50294,1.78931E+12,9/13/2026 21:50,SomniGuard,70.1,SpO2:97.6% BPM:70 [8D 01 1E 26 BD 02 04 00 18 03 01 50]
50295,1.78931E+12,9/13/2026 21:50,SomniGuard,71.1,SpO2:97.6% BPM:71 [8E 01 1E 26 C7 02 04 00 18 03 01 50]
50296,1.78931E+12,9/13/2026 21:50,SomniGuard,70.1,SpO2:97.6% BPM:70 [8F 01 1E 26 BD 02 02 00 18 03 01 50]
50297,1.78931E+12,9/13/2026 21:50,SomniGuard,71.1,SpO2:97.6% BPM:71 [90 01 1E 26 C7 02 02 00 18 03 01 50]
50298,1.78931E+12,9/13/2026 21:50,SomniGuard,70.1,SpO2:97.6% BPM:70 [91 01 1E 26 BD 02 02 00 18 03 01 50]
50299,1.78931E+12,9/13/2026 21:50,SomniGuard,71.1,SpO2:97.6% BPM:71 [92 01 1E 26 C7 02 02 00 18 03 01 50]
50300,1.78931E+12,9/13/2026 21:50,SomniGuard,70.1,SpO2:97.6% BPM:70 [93 01 1E 26 BD 02 02 00 18 03 01 50]
50301,1.78931E+12,9/13/2026 21:50,SomniGuard,71.1,SpO2:97.6% BPM:71 [94 01 1E 26 C7 02 02 00 18 03 01 50]
50302,1.78931E+12,9/13/2026 21:50,SomniGuard,70.1,SpO2:97.6% BPM:70 [95 01 1E 26 BD 02 02 00 18 03 01 50]
50303,1.78931E+12,9/13/2026 21:50,SomniGuard,71.1,SpO2:97.6% BPM:71 [96 01 1E 26 C7 02 02 00 18 03 01 50]
50304,1.78931E+12,9/13/2026 21:50,SomniGuard,70.1,SpO2:97.6% BPM:70 [97 01 1E 26 BD 02 02 00 18 03 01 50]
50305,1.78931E+12,9/13/2026 21:50,SomniGuard,71.1,SpO2:97.6% BPM:71 [98 01 1E 26 C7 02 02 00 18 03 01 50]
50306,1.78931E+12,9/13/2026 21:50,SomniGuard,70.1,SpO2:97.6% BPM:70 [99 01 1E 26 BD 02 02 00 18 03 01 50]
50307,1.78931E+12,9/13/2026 21:50,SomniGuard,71.1,SpO2:97.6% BPM:71 [9A 01 1E 26 C7 02 02 00 18 03 01 50]
50308,1.78931E+12,9/13/2026 21:50,SomniGuard,70.1,SpO2:97.6% BPM:70 [9B 01 1E 26 BD 02 02 00 18 03 01 50]
50309,1.78931E+12,9/13/2026 21:50,SomniGuard,71.1,SpO2:97.6% BPM:71 [9C 01 1E 26 C7 02 02 00 18 03 01 50]
50310,1.78931E+12,9/13/2026 21:50,SomniGuard,70.1,SpO2:97.6% BPM:70 [9D 01 1E 26 BD 02 02 00 18 03 01 50]
50311,1.78931E+12,9/13/2026 21:50,SomniGuard,71.1,SpO2:97.6% BPM:71 [9E 01 1E 26 C7 02 02 00 18 03 01 50]
50312,1.78931E+12,9/13/2026 21:50,SomniGuard,70.1,SpO2:97.6% BPM:70 [9F 01 1E 26 BD 02 02 00 18 03 01 50]
50313,1.78931E+12,9/13/2026 21:50,SomniGuard,71.1,SpO2:97.6% BPM:71 [A0 01 1E 26 C7 02 02 00 18 03 01 50]
50314,1.78931E+12,9/13/2026 21:50,SomniGuard,70.1,SpO2:97.6% BPM:70 [A1 01 1E 26 BD 02 02 00 18 03 01 50]
50315,1.78931E+12,9/13/2026 21:50,SomniGuard,71.1,SpO2:97.6% BPM:71 [A2 01 1E 26 C7 02 02 00 18 03 01 50]
50316,1.78931E+12,9/13/2026 21:50,SomniGuard,70.1,SpO2:97.6% BPM:70 [A3 01 1E 26 BD 02 02 00 18 03 01 50]
50317,1.78931E+12,9/13/2026 21:50,SomniGuard,71.1,SpO2:97.6% BPM:71 [A4 01 1E 26 C7 02 02 00 18 03 01 50]
50318,1.78931E+12,9/13/2026 21:50,SomniGuard,70.1,SpO2:97.6% BPM:70 [A5 01 1E 26 BD 02 02 00 18 03 01 50]
50319,1.78931E+12,9/13/2026 21:51,SomniGuard,71.1,SpO2:97.6% BPM:71 [A6 01 1E 26 C7 02 02 00 18 03 01 50]
50320,1.78931E+12,9/13/2026 21:51,SomniGuard,70.1,SpO2:97.6% BPM:70 [A7 01 1E 26 BD 02 02 00 18 03 01 50]
50321,1.78931E+12,9/13/2026 21:51,SomniGuard,71.1,SpO2:97.6% BPM:71 [A8 01 1E 26 C7 02 02 00 18 03 01 50]
50322,1.78931E+12,9/13/2026 21:51,SomniGuard,70.6,SpO2:97.8% BPM:71 [A9 01 37 26 C2 02 02 00 18 03 01 50]
50323,1.78931E+12,9/13/2026 21:51,SomniGuard,71.6,SpO2:97.8% BPM:72 [AA 01 37 26 CC 02 02 00 18 03 01 50]
50324,1.78931E+12,9/13/2026 21:51,SomniGuard,70.6,SpO2:97.8% BPM:71 [AB 01 37 26 C2 02 02 00 18 03 01 50]
50325,1.78931E+12,9/13/2026 21:51,SomniGuard,71.6,SpO2:97.8% BPM:72 [AC 01 37 26 CC 02 02 00 18 03 01 50]
50326,1.78931E+12,9/13/2026 21:51,SomniGuard,70.6,SpO2:97.8% BPM:71 [AD 01 37 26 C2 02 02 00 18 03 01 50]
50327,1.78931E+12,9/13/2026 21:51,SomniGuard,71.6,SpO2:97.8% BPM:72 [AE 01 37 26 CC 02 02 00 18 03 01 50]
50328,1.78931E+12,9/13/2026 21:51,SomniGuard,70.6,SpO2:97.8% BPM:71 [AF 01 37 26 C2 02 02 00 18 03 01 50]
50329,1.78931E+12,9/13/2026 21:51,SomniGuard,71.6,SpO2:97.8% BPM:72 [B0 01 37 26 CC 02 02 00 18 03 01 50]
50330,1.78931E+12,9/13/2026 21:51,SomniGuard,70.6,SpO2:97.8% BPM:71 [B1 01 37 26 C2 02 02 00 18 03 01 50]
50331,1.78931E+12,9/13/2026 21:51,SomniGuard,71.6,SpO2:97.8% BPM:72 [B2 01 37 26 CC 02 02 00 18 03 01 50]
50332,1.78931E+12,9/13/2026 21:51,SomniGuard,70.6,SpO2:97.8% BPM:71 [B3 01 37 26 C2 02 02 00 18 03 01 50]
50333,1.78931E+12,9/13/2026 21:51,SomniGuard,71.6,SpO2:97.8% BPM:72 [B4 01 37 26 CC 02 02 00 18 03 01 50]
50334,1.78931E+12,9/13/2026 21:51,SomniGuard,70.6,SpO2:97.8% BPM:71 [B5 01 37 26 C2 02 02 00 18 03 01 50]
50335,1.78931E+12,9/13/2026 21:51,SomniGuard,71.6,SpO2:97.8% BPM:72 [B6 01 37 26 CC 02 02 00 18 03 01 50]
50336,1.78931E+12,9/13/2026 21:51,SomniGuard,70.6,SpO2:97.8% BPM:71 [B7 01 37 26 C2 02 02 00 18 03 01 50]
50337,1.78931E+12,9/13/2026 21:51,SomniGuard,71.6,SpO2:97.8% BPM:72 [B8 01 37 26 CC 02 02 00 18 03 01 50]
50338,1.78931E+12,9/13/2026 21:51,SomniGuard,70.6,SpO2:97.8% BPM:71 [B9 01 37 26 C2 02 02 00 18 03 01 50]
50339,1.78931E+12,9/13/2026 21:51,SomniGuard,71.6,SpO2:97.8% BPM:72 [BA 01 37 26 CC 02 02 00 18 03 01 50]
50340,1.78931E+12,9/13/2026 21:51,SomniGuard,70.6,SpO2:97.8% BPM:71 [BB 01 37 26 C2 02 02 00 18 03 01 50]
50341,1.78931E+12,9/13/2026 21:51,SomniGuard,71.6,SpO2:97.8% BPM:72 [BC 01 37 26 CC 02 02 00 18 03 01 50]
50342,1.78931E+12,9/13/2026 21:51,SomniGuard,70.6,SpO2:97.8% BPM:71 [BD 01 37 26 C2 02 02 00 18 03 01 50]
50343,1.78931E+12,9/13/2026 21:51,SomniGuard,71.6,SpO2:97.8% BPM:72 [BE 01 37 26 CC 02 02 00 18 03 01 50]
50344,1.78931E+12,9/13/2026 21:51,SomniGuard,70.6,SpO2:97.8% BPM:71 [BF 01 37 26 C2 02 02 00 18 03 01 50]
50345,1.78931E+12,9/13/2026 21:51,SomniGuard,71.6,SpO2:97.8% BPM:72 [C0 01 37 26 CC 02 02 00 18 03 01 50]
50346,1.78931E+12,9/13/2026 21:51,SomniGuard,70.6,SpO2:97.8% BPM:71 [C1 01 37 26 C2 02 02 00 18 03 01 50]
50347,1.78931E+12,9/13/2026 21:51,SomniGuard,71.6,SpO2:97.8% BPM:72 [C2 01 37 26 CC 02 02 00 18 03 01 50]
50348,1.78931E+12,9/13/2026 21:51,SomniGuard,70.6,SpO2:97.8% BPM:71 [C3 01 37 26 C2 02 02 00 18 03 01 50]
50349,1.78931E+12,9/13/2026 21:51,SomniGuard,71.6,SpO2:97.8% BPM:72 [C4 01 37 26 CC 02 02 00 18 03 01 50]
50350,1.78931E+12,9/13/2026 21:51,SomniGuard,70.6,SpO2:97.8% BPM:71 [C5 01 37 26 C2 02 02 00 18 03 01 50]
50351,1.78931E+12,9/13/2026 21:51,SomniGuard,71.6,SpO2:97.8% BPM:72 [C6 01 37 26 CC 02 02 00 18 03 01 50]
50352,1.78931E+12,9/13/2026 21:51,SomniGuard,70.6,SpO2:97.8% BPM:71 [C7 01 37 26 C2 02 02 00 18 03 01 50]
50353,1.78931E+12,9/13/2026 21:51,SomniGuard,71.6,SpO2:97.8% BPM:72 [C8 01 37 26 CC 02 02 00 18 03 01 50]
50354,1.78931E+12,9/13/2026 21:51,SomniGuard,70.6,SpO2:97.8% BPM:71 [C9 01 37 26 C2 02 02 00 18 03 01 50]
50355,1.78931E+12,9/13/2026 21:51,SomniGuard,71.6,SpO2:97.8% BPM:72 [CA 01 37 26 CC 02 02 00 18 03 01 50]
50356,1.78931E+12,9/13/2026 21:51,SomniGuard,70.6,SpO2:97.8% BPM:71 [CB 01 37 26 C2 02 02 00 18 03 01 50]
50357,1.78931E+12,9/13/2026 21:51,SomniGuard,71.6,SpO2:97.8% BPM:72 [CC 01 37 26 CC 02 02 00 18 03 01 50]
50358,1.78931E+12,9/13/2026 21:51,SomniGuard,70.6,SpO2:97.8% BPM:71 [CD 01 37 26 C2 02 02 00 18 03 01 50]
50359,1.78931E+12,9/13/2026 21:51,SomniGuard,71.6,SpO2:97.8% BPM:72 [CE 01 37 26 CC 02 02 00 18 03 01 50]
50360,1.78931E+12,9/13/2026 21:51,SomniGuard,70.6,SpO2:97.8% BPM:71 [CF 01 37 26 C2 02 02 00 18 03 01 50]
50361,1.78931E+12,9/13/2026 21:51,SomniGuard,71.6,SpO2:97.8% BPM:72 [D0 01 37 26 CC 02 02 00 18 03 01 50]
50362,1.78931E+12,9/13/2026 21:51,SomniGuard,70.6,SpO2:97.8% BPM:71 [D1 01 37 26 C2 02 02 00 18 03 01 50]
50363,1.78931E+12,9/13/2026 21:51,SomniGuard,71.6,SpO2:97.8% BPM:72 [D2 01 37 26 CC 02 02 00 18 03 01 50]
50364,1.78931E+12,9/13/2026 21:51,SomniGuard,70.6,SpO2:97.8% BPM:71 [D3 01 37 26 C2 02 02 00 18 03 01 50]
50365,1.78931E+12,9/13/2026 21:51,SomniGuard,71.6,SpO2:97.8% BPM:72 [D4 01 37 26 CC 02 02 00 18 03 01 50]
50366,1.78931E+12,9/13/2026 21:51,SomniGuard,70.6,SpO2:97.8% BPM:71 [D5 01 37 26 C2 02 02 00 18 03 01 50]
50367,1.78931E+12,9/13/2026 21:51,SomniGuard,71.6,SpO2:97.8% BPM:72 [D6 01 37 26 CC 02 02 00 18 03 01 50]
50368,1.78931E+12,9/13/2026 21:51,SomniGuard,70.6,SpO2:97.8% BPM:71 [D7 01 37 26 C2 02 02 00 18 03 01 50]
50369,1.78931E+12,9/13/2026 21:51,SomniGuard,71.6,SpO2:97.8% BPM:72 [D8 01 37 26 CC 02 02 00 18 03 01 50]
50370,1.78931E+12,9/13/2026 21:51,SomniGuard,70.6,SpO2:97.8% BPM:71 [D9 01 37 26 C2 02 02 00 18 03 01 50]
50371,1.78931E+12,9/13/2026 21:51,SomniGuard,71.6,SpO2:97.8% BPM:72 [DA 01 37 26 CC 02 02 00 18 03 01 50]
50372,1.78931E+12,9/13/2026 21:51,SomniGuard,70.6,SpO2:97.8% BPM:71 [DB 01 37 26 C2 02 02 00 18 03 01 50]
50373,1.78931E+12,9/13/2026 21:51,SomniGuard,71.6,SpO2:97.8% BPM:72 [DC 01 37 26 CC 02 02 00 18 03 01 50]
50374,1.78931E+12,9/13/2026 21:51,SomniGuard,70.6,SpO2:97.8% BPM:71 [DD 01 37 26 C2 02 02 00 18 03 01 50]
50375,1.78931E+12,9/13/2026 21:51,SomniGuard,71.6,SpO2:97.8% BPM:72 [DE 01 37 26 CC 02 02 00 18 03 01 50]
50376,1.78931E+12,9/13/2026 21:51,SomniGuard,70.6,SpO2:97.8% BPM:71 [DF 01 37 26 C2 02 02 00 18 03 01 50]
50377,1.78931E+12,9/13/2026 21:51,SomniGuard,71.6,SpO2:97.8% BPM:72 [E0 01 37 26 CC 02 02 00 18 03 01 50]
50378,1.78931E+12,9/13/2026 21:52,SomniGuard,70.6,SpO2:97.8% BPM:71 [E1 01 37 26 C2 02 02 00 18 03 01 50]
50379,1.78931E+12,9/13/2026 21:52,SomniGuard,71.6,SpO2:97.8% BPM:72 [E2 01 37 26 CC 02 02 00 18 03 01 50]
50380,1.78931E+12,9/13/2026 21:52,SomniGuard,70.6,SpO2:97.8% BPM:71 [E3 01 37 26 C2 02 02 00 18 03 01 50]
50381,1.78931E+12,9/13/2026 21:52,SomniGuard,71.6,SpO2:97.8% BPM:72 [E4 01 37 26 CC 02 02 00 18 03 01 50]
50382,1.78931E+12,9/13/2026 21:52,SomniGuard,70.6,SpO2:97.8% BPM:71 [E5 01 37 26 C2 02 02 00 18 03 01 50]
50383,1.78931E+12,9/13/2026 21:52,SomniGuard,71.6,SpO2:97.8% BPM:72 [E6 01 37 26 CC 02 02 00 18 03 01 50]
50384,1.78931E+12,9/13/2026 21:52,SomniGuard,70.6,SpO2:97.8% BPM:71 [E7 01 37 26 C2 02 02 00 18 03 01 50]
50385,1.78931E+12,9/13/2026 21:52,SomniGuard,71.6,SpO2:97.8% BPM:72 [E8 01 37 26 CC 02 02 00 18 03 01 50]
50386,1.78931E+12,9/13/2026 21:52,SomniGuard,70.6,SpO2:97.8% BPM:71 [E9 01 37 26 C2 02 02 00 18 03 01 50]
50387,1.78931E+12,9/13/2026 21:52,SomniGuard,71.6,SpO2:97.8% BPM:72 [EA 01 37 26 CC 02 03 00 18 03 01 50]
50388,1.78931E+12,9/13/2026 21:52,SomniGuard,70.6,SpO2:97.8% BPM:71 [EB 01 37 26 C2 02 02 00 18 03 01 50]
50389,1.78931E+12,9/13/2026 21:52,SomniGuard,71.6,SpO2:97.8% BPM:72 [EC 01 37 26 CC 02 02 00 18 03 01 50]
50390,1.78931E+12,9/13/2026 21:52,SomniGuard,70.6,SpO2:97.8% BPM:71 [ED 01 37 26 C2 02 02 00 18 03 01 50]
50391,1.78931E+12,9/13/2026 21:52,SomniGuard,71.6,SpO2:97.8% BPM:72 [EE 01 37 26 CC 02 02 00 18 03 01 50]
50392,1.78931E+12,9/13/2026 21:52,SomniGuard,70.6,SpO2:97.8% BPM:71 [EF 01 37 26 C2 02 02 00 18 03 01 50]
50393,1.78931E+12,9/13/2026 21:52,SomniGuard,71.6,SpO2:97.8% BPM:72 [F0 01 37 26 CC 02 03 00 18 03 01 50]
50394,1.78931E+12,9/13/2026 21:52,SomniGuard,70.6,SpO2:97.8% BPM:71 [F1 01 37 26 C2 02 02 00 18 03 01 50]
50395,1.78931E+12,9/13/2026 21:52,SomniGuard,71.6,SpO2:97.8% BPM:72 [F2 01 37 26 CC 02 03 00 18 03 01 50]
50396,1.78931E+12,9/13/2026 21:52,SomniGuard,70.6,SpO2:97.8% BPM:71 [F3 01 37 26 C2 02 03 00 18 03 01 50]
50397,1.78931E+12,9/13/2026 21:52,SomniGuard,71.6,SpO2:97.8% BPM:72 [F4 01 37 26 CC 02 03 00 18 03 01 50]
50398,1.78931E+12,9/13/2026 21:52,SomniGuard,70.6,SpO2:97.8% BPM:71 [F5 01 37 26 C2 02 03 00 18 03 01 50]
50399,1.78931E+12,9/13/2026 21:52,SomniGuard,71.6,SpO2:97.8% BPM:72 [F6 01 37 26 CC 02 03 00 18 03 01 50]
50400,1.78931E+12,9/13/2026 21:52,SomniGuard,70.6,SpO2:97.8% BPM:71 [F7 01 37 26 C2 02 02 00 18 03 01 50]
50401,1.78931E+12,9/13/2026 21:52,SomniGuard,71.6,SpO2:97.8% BPM:72 [F8 01 37 26 CC 02 03 00 18 03 01 50]
50402,1.78931E+12,9/13/2026 21:52,SomniGuard,70.6,SpO2:97.8% BPM:71 [F9 01 37 26 C2 02 03 00 18 03 01 50]
50403,1.78931E+12,9/13/2026 21:52,SomniGuard,71.6,SpO2:97.8% BPM:72 [FA 01 37 26 CC 02 03 00 18 03 01 50]
50404,1.78931E+12,9/13/2026 21:52,SomniGuard,70.6,SpO2:97.8% BPM:71 [FB 01 37 26 C2 02 03 00 18 03 01 50]
50405,1.78931E+12,9/13/2026 21:52,SomniGuard,71.6,SpO2:97.8% BPM:72 [FC 01 37 26 CC 02 03 00 18 03 01 50]
50406,1.78931E+12,9/13/2026 21:52,SomniGuard,70.6,SpO2:97.8% BPM:71 [FD 01 37 26 C2 02 03 00 18 03 01 50]
50407,1.78931E+12,9/13/2026 21:52,SomniGuard,71.6,SpO2:97.8% BPM:72 [FE 01 37 26 CC 02 03 00 18 03 01 50]
